tag,algo,instance,kind,seed,time_budget,M,D,total,bks_M,bks_D,bks_total,gap_pct,status,t_best,epochs,iters,params,file
wc10_t10,copts,cdp101,WC,1,10.0,11,976.0414,22976.0414,11,976.041384,22976.041384,0.0,TIE,0.3,35,10500,"{""stall_epochs"": 20, ""arc_rule"": ""safe"", ""nbr_compat"": true, ""restart_mode"": ""full"", ""rec_mode"": ""adaptive"", ""rec_patience"": 2, ""checkpoints"": [10, 20]}",Cdp101_copts_s1_20261002-223230_wc10_t10
wc10_t10,copts,cdp102,WC,1,10.0,10,941.485,20941.485,10,941.485039,20941.485039,0.0,TIE,0.68,14,4200,"{""stall_epochs"": 20, ""arc_rule"": ""safe"", ""nbr_compat"": true, ""restart_mode"": ""full"", ""rec_mode"": ""adaptive"", ""rec_patience"": 2, ""checkpoints"": [10, 20]}",Cdp102_copts_s1_20261002-223330_wc10_t10
wc10_t10,copts,cdp103,WC,1,10.0,10,892.9822,20892.9822,10,892.982246,20892.982246,-0.0,TIE,5.84,10,3000,"{""stall_epochs"": 20, ""arc_rule"": ""safe"", ""nbr_compat"": true, ""restart_mode"": ""full"", ""rec_mode"": ""adaptive"", ""rec_patience"": 2, ""checkpoints"": [10, 20]}",Cdp103_copts_s1_20261002-223430_wc10_t10
wc10_t10,copts,cdp104,WC,1,10.0,10,871.4032,20871.4032,10,871.403177,20871.403177,0.0,TIE,3.19,9,2700,"{""stall_epochs"": 20, ""arc_rule"": ""safe"", ""nbr_compat"": true, ""restart_mode"": ""full"", ""rec_mode"": ""adaptive"", ""rec_patience"": 2, ""checkpoints"": [10, 20]}",Cdp104_copts_s1_20261002-223530_wc10_t10
wc10_t10,copts,cdp105,WC,1,10.0,10,1053.1171,21053.1171,10,1053.117064,21053.117064,0.0,TIE,1.06,28,8400,"{""stall_epochs"": 20, ""arc_rule"": ""safe"", ""nbr_compat"": true, ""restart_mode"": ""full"", ""rec_mode"": ""adaptive"", ""rec_patience"": 2, ""checkpoints"": [10, 20]}",Cdp105_copts_s1_20261002-223630_wc10_t10
wc10_t10,copts,cdp106,WC,1,10.0,10,963.4525,20963.4525,10,963.452492,20963.452492,-0.0,TIE,0.38,26,7800,"{""stall_epochs"": 20, ""arc_rule"": ""safe"", ""nbr_compat"": true, ""restart_mode"": ""full"", ""rec_mode"": ""adaptive"", ""rec_patience"": 2, ""checkpoints"": [10, 20]}",Cdp106_copts_s1_20261002-223730_wc10_t10
wc10_t10,copts,cdp107,WC,1,10.0,10,987.6388,20987.6388,10,987.638782,20987.638782,-0.0,TIE,8.29,26,7800,"{""stall_epochs"": 20, ""arc_rule"": ""safe"", ""nbr_compat"": true, ""restart_mode"": ""full"", ""rec_mode"": ""adaptive"", ""rec_patience"": 2, ""checkpoints"": [10, 20]}",Cdp107_copts_s1_20261002-223830_wc10_t10
wc10_t10,copts,cdp108,WC,1,10.0,10,932.4947,20932.4947,10,932.494665,20932.494665,0.0,TIE,0.48,21,6300,"{""stall_epochs"": 20, ""arc_rule"": ""safe"", ""nbr_compat"": true, ""restart_mode"": ""full"", ""rec_mode"": ""adaptive"", ""rec_patience"": 2, ""checkpoints"": [10, 20]}",Cdp108_copts_s1_20261002-223930_wc10_t10
wc10_t10,copts,cdp109,WC,1,10.0,10,909.266,20909.266,10,909.26601,20909.26601,0.0,TIE,1.24,16,4800,"{""stall_epochs"": 20, ""arc_rule"": ""safe"", ""nbr_compat"": true, ""restart_mode"": ""full"", ""rec_mode"": ""adaptive"", ""rec_patience"": 2, ""checkpoints"": [10, 20]}",Cdp109_copts_s1_20261002-224031_wc10_t10
wc10_t10,copts,cdp201,WC,1,10.0,3,591.5566,6591.5566,3,591.556557,6591.556557,-0.0,TIE,0.27,37,11100,"{""stall_epochs"": 20, ""arc_rule"": ""safe"", ""nbr_compat"": true, ""restart_mode"": ""full"", ""rec_mode"": ""adaptive"", ""rec_patience"": 2, ""checkpoints"": [10, 20]}",Cdp201_copts_s1_20261002-224131_wc10_t10
wc10_t10,copts,cdp202,WC,1,10.0,3,591.5566,6591.5566,3,591.556557,6591.556557,-0.0,TIE,1.21,8,2400,"{""stall_epochs"": 20, ""arc_rule"": ""safe"", ""nbr_compat"": true, ""restart_mode"": ""full"", ""rec_mode"": ""adaptive"", ""rec_patience"": 2, ""checkpoints"": [10, 20]}",Cdp202_copts_s1_20261002-224231_wc10_t10
wc10_t10,copts,cdp203,WC,1,10.0,3,591.1734,6591.1734,3,591.173443,6591.173443,-0.0,TIE,1.75,5,1500,"{""stall_epochs"": 20, ""arc_rule"": ""safe"", ""nbr_compat"": true, ""restart_mode"": ""full"", ""rec_mode"": ""adaptive"", ""rec_patience"": 2, ""checkpoints"": [10, 20]}",Cdp203_copts_s1_20261002-224331_wc10_t10
wc10_t10,copts,cdp204,WC,1,10.0,3,590.5987,6590.5987,3,590.598746,6590.598746,-0.0,TIE,1.98,4,1200,"{""stall_epochs"": 20, ""arc_rule"": ""safe"", ""nbr_compat"": true, ""restart_mode"": ""full"", ""rec_mode"": ""adaptive"", ""rec_patience"": 2, ""checkpoints"": [10, 20]}",Cdp204_copts_s1_20261002-224431_wc10_t10
wc10_t10,copts,cdp205,WC,1,10.0,3,588.876,6588.876,3,588.875963,6588.875963,-0.0,TIE,0.48,21,6300,"{""stall_epochs"": 20, ""arc_rule"": ""safe"", ""nbr_compat"": true, ""restart_mode"": ""full"", ""rec_mode"": ""adaptive"", ""rec_patience"": 2, ""checkpoints"": [10, 20]}",Cdp205_copts_s1_20261002-224531_wc10_t10
wc10_t10,copts,cdp206,WC,1,10.0,3,588.4928,6588.4928,3,588.492849,6588.492849,-0.0,TIE,0.76,13,3900,"{""stall_epochs"": 20, ""arc_rule"": ""safe"", ""nbr_compat"": true, ""restart_mode"": ""full"", ""rec_mode"": ""adaptive"", ""rec_patience"": 2, ""checkpoints"": [10, 20]}",Cdp206_copts_s1_20261002-224631_wc10_t10
wc10_t10,copts,cdp207,WC,1,10.0,3,588.2863,6588.2863,3,588.286321,6588.286321,0.0,TIE,0.86,11,3300,"{""stall_epochs"": 20, ""arc_rule"": ""safe"", ""nbr_compat"": true, ""restart_mode"": ""full"", ""rec_mode"": ""adaptive"", ""rec_patience"": 2, ""checkpoints"": [10, 20]}",Cdp207_copts_s1_20261002-224731_wc10_t10
wc10_t10,copts,cdp208,WC,1,10.0,3,588.3238,6588.3238,3,588.323801,6588.323801,-0.0,TIE,0.91,11,3300,"{""stall_epochs"": 20, ""arc_rule"": ""safe"", ""nbr_compat"": true, ""restart_mode"": ""full"", ""rec_mode"": ""adaptive"", ""rec_patience"": 2, ""checkpoints"": [10, 20]}",Cdp208_copts_s1_20261002-224831_wc10_t10
wc10_t10,copts,rdp101,WC,1,10.0,19,1650.7992,39650.7992,19,1650.79924,39650.79924,-0.0,TIE,6.99,34,10200,"{""stall_epochs"": 20, ""arc_rule"": ""safe"", ""nbr_compat"": true, ""restart_mode"": ""full"", ""rec_mode"": ""adaptive"", ""rec_patience"": 2, ""checkpoints"": [10, 20]}",Rdp101_copts_s1_20261002-224932_wc10_t10
wc10_t10,copts,rdp102,WC,1,10.0,17,1486.1195,35486.1195,17,1486.119471,35486.119471,0.0,TIE,1.85,16,4800,"{""stall_epochs"": 20, ""arc_rule"": ""safe"", ""nbr_compat"": true, ""restart_mode"": ""full"", ""rec_mode"": ""adaptive"", ""rec_patience"": 2, ""checkpoints"": [10, 20]}",Rdp102_copts_s1_20261002-225032_wc10_t10
wc10_t10,copts,rdp103,WC,1,10.0,14,1213.6239,29213.6239,13,1294.639843,27294.639843,7.0306,worse,1.79,10,3000,"{""stall_epochs"": 20, ""arc_rule"": ""safe"", ""nbr_compat"": true, ""restart_mode"": ""full"", ""rec_mode"": ""adaptive"", ""rec_patience"": 2, ""checkpoints"": [10, 20]}",Rdp103_copts_s1_20261002-225132_wc10_t10
wc10_t10,copts,rdp104,WC,1,10.0,9,1017.2215,19017.2215,9,1026.417258,19026.417258,-0.0483,NEW_BEST,8.9,7,2100,"{""stall_epochs"": 20, ""arc_rule"": ""safe"", ""nbr_compat"": true, ""restart_mode"": ""full"", ""rec_mode"": ""adaptive"", ""rec_patience"": 2, ""checkpoints"": [10, 20]}",Rdp104_copts_s1_20261002-225232_wc10_t10
wc10_t10,copts,rdp105,WC,1,10.0,14,1377.111,29377.111,14,1377.111018,29377.111018,-0.0,TIE,0.43,23,6900,"{""stall_epochs"": 20, ""arc_rule"": ""safe"", ""nbr_compat"": true, ""restart_mode"": ""full"", ""rec_mode"": ""adaptive"", ""rec_patience"": 2, ""checkpoints"": [10, 20]}",Rdp105_copts_s1_20261002-225332_wc10_t10
wc10_t10,copts,rdp106,WC,1,10.0,12,1252.0307,25252.0307,12,1252.030746,25252.030746,-0.0,TIE,1.6,12,3600,"{""stall_epochs"": 20, ""arc_rule"": ""safe"", ""nbr_compat"": true, ""restart_mode"": ""full"", ""rec_mode"": ""adaptive"", ""rec_patience"": 2, ""checkpoints"": [10, 20]}",Rdp106_copts_s1_20261002-225432_wc10_t10
wc10_t10,copts,rdp107,WC,1,10.0,10,1115.6133,21115.6133,10,1112.551177,21112.551177,0.0145,worse,7.94,8,2400,"{""stall_epochs"": 20, ""arc_rule"": ""safe"", ""nbr_compat"": true, ""restart_mode"": ""full"", ""rec_mode"": ""adaptive"", ""rec_patience"": 2, ""checkpoints"": [10, 20]}",Rdp107_copts_s1_20261002-225532_wc10_t10
wc10_t10,copts,rdp108,WC,1,10.0,9,965.2179,18965.2179,9,965.217944,18965.217944,-0.0,TIE,8.25,7,2100,"{""stall_epochs"": 20, ""arc_rule"": ""safe"", ""nbr_compat"": true, ""restart_mode"": ""full"", ""rec_mode"": ""adaptive"", ""rec_patience"": 2, ""checkpoints"": [10, 20]}",Rdp108_copts_s1_20261002-225632_wc10_t10
wc10_t10,copts,rdp109,WC,1,10.0,11,1194.7341,23194.7341,11,1194.734098,23194.734098,-0.0,TIE,4.0,14,4200,"{""stall_epochs"": 20, ""arc_rule"": ""safe"", ""nbr_compat"": true, ""restart_mode"": ""full"", ""rec_mode"": ""adaptive"", ""rec_patience"": 2, ""checkpoints"": [10, 20]}",Rdp109_copts_s1_20261002-225732_wc10_t10
wc10_t10,copts,rdp110,WC,1,10.0,10,1125.4041,21125.4041,10,1121.456956,21121.456956,0.0187,worse,8.25,9,2700,"{""stall_epochs"": 20, ""arc_rule"": ""safe"", ""nbr_compat"": true, ""restart_mode"": ""full"", ""rec_mode"": ""adaptive"", ""rec_patience"": 2, ""checkpoints"": [10, 20]}",Rdp110_copts_s1_20261002-225833_wc10_t10
wc10_t10,copts,rdp111,WC,1,10.0,10,1098.8443,21098.8443,10,1098.844288,21098.844288,0.0,TIE,7.56,9,2700,"{""stall_epochs"": 20, ""arc_rule"": ""safe"", ""nbr_compat"": true, ""restart_mode"": ""full"", ""rec_mode"": ""adaptive"", ""rec_patience"": 2, ""checkpoints"": [10, 20]}",Rdp111_copts_s1_20261002-225933_wc10_t10
wc10_t10,copts,rdp112,WC,1,10.0,9,1004.2386,19004.2386,9,997.264803,18997.264803,0.0367,worse,7.17,6,1800,"{""stall_epochs"": 20, ""arc_rule"": ""safe"", ""nbr_compat"": true, ""restart_mode"": ""full"", ""rec_mode"": ""adaptive"", ""rec_patience"": 2, ""checkpoints"": [10, 20]}",Rdp112_copts_s1_20261002-230033_wc10_t10
wc10_t10,copts,rdp201,WC,1,10.0,4,1252.3712,9252.3712,4,1252.371222,9252.371222,-0.0,TIE,3.1,15,4500,"{""stall_epochs"": 20, ""arc_rule"": ""safe"", ""nbr_compat"": true, ""restart_mode"": ""full"", ""rec_mode"": ""adaptive"", ""rec_patience"": 2, ""checkpoints"": [10, 20]}",Rdp201_copts_s1_20261002-230133_wc10_t10
wc10_t10,copts,rdp202,WC,1,10.0,3,1191.703,7191.703,3,1191.702969,7191.702969,-0.0,TIE,3.14,5,1500,"{""stall_epochs"": 20, ""arc_rule"": ""safe"", ""nbr_compat"": true, ""restart_mode"": ""full"", ""rec_mode"": ""adaptive"", ""rec_patience"": 2, ""checkpoints"": [10, 20]}",Rdp202_copts_s1_20261002-230233_wc10_t10
wc10_t10,copts,rdp203,WC,1,10.0,3,941.6238,6941.6238,3,939.50332,6939.50332,0.0306,worse,4.39,4,1200,"{""stall_epochs"": 20, ""arc_rule"": ""safe"", ""nbr_compat"": true, ""restart_mode"": ""full"", ""rec_mode"": ""adaptive"", ""rec_patience"": 2, ""checkpoints"": [10, 20]}",Rdp203_copts_s1_20261002-230333_wc10_t10
wc10_t10,copts,rdp204,WC,1,10.0,2,825.5193,4825.5193,2,825.519293,4825.519293,0.0,TIE,8.19,3,900,"{""stall_epochs"": 20, ""arc_rule"": ""safe"", ""nbr_compat"": true, ""restart_mode"": ""full"", ""rec_mode"": ""adaptive"", ""rec_patience"": 2, ""checkpoints"": [10, 20]}",Rdp204_copts_s1_20261002-230434_wc10_t10
wc10_t10,copts,rdp205,WC,1,10.0,3,994.4277,6994.4277,3,994.427657,6994.427657,-0.0,TIE,8.82,7,2100,"{""stall_epochs"": 20, ""arc_rule"": ""safe"", ""nbr_compat"": true, ""restart_mode"": ""full"", ""rec_mode"": ""adaptive"", ""rec_patience"": 2, ""checkpoints"": [10, 20]}",Rdp205_copts_s1_20261002-230534_wc10_t10
wc10_t10,copts,rdp206,WC,1,10.0,3,909.8186,6909.8186,3,906.142079,6906.142079,0.0532,worse,4.14,4,1200,"{""stall_epochs"": 20, ""arc_rule"": ""safe"", ""nbr_compat"": true, ""restart_mode"": ""full"", ""rec_mode"": ""adaptive"", ""rec_patience"": 2, ""checkpoints"": [10, 20]}",Rdp206_copts_s1_20261002-230634_wc10_t10
wc10_t10,copts,rdp207,WC,1,10.0,2,893.3849,4893.3849,2,890.608295,4890.608295,0.0568,worse,9.83,4,1200,"{""stall_epochs"": 20, ""arc_rule"": ""safe"", ""nbr_compat"": true, ""restart_mode"": ""full"", ""rec_mode"": ""adaptive"", ""rec_patience"": 2, ""checkpoints"": [10, 20]}",Rdp207_copts_s1_20261002-230734_wc10_t10
wc10_t10,copts,rdp208,WC,1,10.0,2,727.1972,4727.1972,2,726.822786,4726.822786,0.0079,worse,9.38,3,900,"{""stall_epochs"": 20, ""arc_rule"": ""safe"", ""nbr_compat"": true, ""restart_mode"": ""full"", ""rec_mode"": ""adaptive"", ""rec_patience"": 2, ""checkpoints"": [10, 20]}",Rdp208_copts_s1_20261002-230834_wc10_t10
wc10_t10,copts,rdp209,WC,1,10.0,3,910.1956,6910.1956,3,909.163356,6909.163356,0.0149,worse,9.09,5,1500,"{""stall_epochs"": 20, ""arc_rule"": ""safe"", ""nbr_compat"": true, ""restart_mode"": ""full"", ""rec_mode"": ""adaptive"", ""rec_patience"": 2, ""checkpoints"": [10, 20]}",Rdp209_copts_s1_20261002-230935_wc10_t10
wc10_t10,copts,rdp210,WC,1,10.0,3,939.3727,6939.3727,3,939.37268,6939.37268,0.0,TIE,4.01,4,1200,"{""stall_epochs"": 20, ""arc_rule"": ""safe"", ""nbr_compat"": true, ""restart_mode"": ""full"", ""rec_mode"": ""adaptive"", ""rec_patience"": 2, ""checkpoints"": [10, 20]}",Rdp210_copts_s1_20261002-231035_wc10_t10
wc10_t10,copts,rdp211,WC,1,10.0,2,912.6771,4912.6771,2,885.71139,4885.71139,0.5519,worse,5.29,3,900,"{""stall_epochs"": 20, ""arc_rule"": ""safe"", ""nbr_compat"": true, ""restart_mode"": ""full"", ""rec_mode"": ""adaptive"", ""rec_patience"": 2, ""checkpoints"": [10, 20]}",Rdp211_copts_s1_20261002-231135_wc10_t10
wc10_t10,copts,rcdp101,WC,1,10.0,14,1708.6896,29708.6896,14,1708.209858,29708.209858,0.0016,worse,2.78,25,7500,"{""stall_epochs"": 20, ""arc_rule"": ""safe"", ""nbr_compat"": true, ""restart_mode"": ""full"", ""rec_mode"": ""adaptive"", ""rec_patience"": 2, ""checkpoints"": [10, 20]}",RCdp101_copts_s1_20261002-231235_wc10_t10
wc10_t10,copts,rcdp102,WC,1,10.0,12,1570.2804,25570.2804,12,1570.280395,25570.280395,-0.0,TIE,2.94,13,3900,"{""stall_epochs"": 20, ""arc_rule"": ""safe"", ""nbr_compat"": true, ""restart_mode"": ""full"", ""rec_mode"": ""adaptive"", ""rec_patience"": 2, ""checkpoints"": [10, 20]}",RCdp102_copts_s1_20261002-231335_wc10_t10
wc10_t10,copts,rcdp103,WC,1,10.0,11,1282.5279,23282.5279,11,1282.527877,23282.527877,-0.0,TIE,3.04,9,2700,"{""stall_epochs"": 20, ""arc_rule"": ""safe"", ""nbr_compat"": true, ""restart_mode"": ""full"", ""rec_mode"": ""adaptive"", ""rec_patience"": 2, ""checkpoints"": [10, 20]}",RCdp103_copts_s1_20261002-231436_wc10_t10
wc10_t10,copts,rcdp104,WC,1,10.0,10,1171.3664,21171.3664,10,1171.366445,21171.366445,-0.0,TIE,5.99,8,2400,"{""stall_epochs"": 20, ""arc_rule"": ""safe"", ""nbr_compat"": true, ""restart_mode"": ""full"", ""rec_mode"": ""adaptive"", ""rec_patience"": 2, ""checkpoints"": [10, 20]}",RCdp104_copts_s1_20261002-231536_wc10_t10
wc10_t10,copts,rcdp105,WC,1,10.0,13,1643.8432,27643.8432,13,1632.291239,27632.291239,0.0418,worse,5.07,15,4500,"{""stall_epochs"": 20, ""arc_rule"": ""safe"", ""nbr_compat"": true, ""restart_mode"": ""full"", ""rec_mode"": ""adaptive"", ""rec_patience"": 2, ""checkpoints"": [10, 20]}",RCdp105_copts_s1_20261002-231636_wc10_t10
wc10_t10,copts,rcdp106,WC,1,10.0,12,1392.4719,25392.4719,12,1392.471942,25392.471942,0.0,TIE,2.64,15,4500,"{""stall_epochs"": 20, ""arc_rule"": ""safe"", ""nbr_compat"": true, ""restart_mode"": ""full"", ""rec_mode"": ""adaptive"", ""rec_patience"": 2, ""checkpoints"": [10, 20]}",RCdp106_copts_s1_20261002-231736_wc10_t10
wc10_t10,copts,rcdp107,WC,1,10.0,11,1252.7901,23252.7901,11,1252.790063,23252.790063,-0.0,TIE,8.41,9,2700,"{""stall_epochs"": 20, ""arc_rule"": ""safe"", ""nbr_compat"": true, ""restart_mode"": ""full"", ""rec_mode"": ""adaptive"", ""rec_patience"": 2, ""checkpoints"": [10, 20]}",RCdp107_copts_s1_20261002-231836_wc10_t10
wc10_t10,copts,rcdp108,WC,1,10.0,10,1179.9407,21179.9407,10,1177.984574,21177.984574,0.0092,worse,9.95,8,2400,"{""stall_epochs"": 20, ""arc_rule"": ""safe"", ""nbr_compat"": true, ""restart_mode"": ""full"", ""rec_mode"": ""adaptive"", ""rec_patience"": 2, ""checkpoints"": [10, 20]}",RCdp108_copts_s1_20261002-231936_wc10_t10
wc10_t10,copts,rcdp201,WC,1,10.0,4,1406.9401,9406.9401,4,1406.940088,9406.940088,-0.0,TIE,1.73,16,4800,"{""stall_epochs"": 20, ""arc_rule"": ""safe"", ""nbr_compat"": true, ""restart_mode"": ""full"", ""rec_mode"": ""adaptive"", ""rec_patience"": 2, ""checkpoints"": [10, 20]}",RCdp201_copts_s1_20261002-232036_wc10_t10
wc10_t10,copts,rcdp202,WC,1,10.0,3,1365.645,7365.645,3,1365.645031,7365.645031,0.0,TIE,6.77,7,2100,"{""stall_epochs"": 20, ""arc_rule"": ""safe"", ""nbr_compat"": true, ""restart_mode"": ""full"", ""rec_mode"": ""adaptive"", ""rec_patience"": 2, ""checkpoints"": [10, 20]}",RCdp202_copts_s1_20261002-232136_wc10_t10
wc10_t10,copts,rcdp203,WC,1,10.0,3,1049.6242,7049.6242,3,1049.624237,7049.624237,-0.0,TIE,8.13,4,1200,"{""stall_epochs"": 20, ""arc_rule"": ""safe"", ""nbr_compat"": true, ""restart_mode"": ""full"", ""rec_mode"": ""adaptive"", ""rec_patience"": 2, ""checkpoints"": [10, 20]}",RCdp203_copts_s1_20261002-232236_wc10_t10
wc10_t10,copts,rcdp204,WC,1,10.0,3,799.1176,6799.1176,3,798.463581,6798.463581,0.0096,worse,7.08,4,1200,"{""stall_epochs"": 20, ""arc_rule"": ""safe"", ""nbr_compat"": true, ""restart_mode"": ""full"", ""rec_mode"": ""adaptive"", ""rec_patience"": 2, ""checkpoints"": [10, 20]}",RCdp204_copts_s1_20261002-232337_wc10_t10
wc10_t10,copts,rcdp205,WC,1,10.0,4,1297.6477,9297.6477,4,1297.647746,9297.647746,0.0,TIE,3.01,10,3000,"{""stall_epochs"": 20, ""arc_rule"": ""safe"", ""nbr_compat"": true, ""restart_mode"": ""full"", ""rec_mode"": ""adaptive"", ""rec_patience"": 2, ""checkpoints"": [10, 20]}",RCdp205_copts_s1_20261002-232437_wc10_t10
wc10_t10,copts,rcdp206,WC,1,10.0,3,1146.3172,7146.3172,3,1146.317229,7146.317229,0.0,TIE,8.32,8,2400,"{""stall_epochs"": 20, ""arc_rule"": ""safe"", ""nbr_compat"": true, ""restart_mode"": ""full"", ""rec_mode"": ""adaptive"", ""rec_patience"": 2, ""checkpoints"": [10, 20]}",RCdp206_copts_s1_20261002-232537_wc10_t10
wc10_t10,copts,rcdp207,WC,1,10.0,3,1061.1446,7061.1446,3,1061.144555,7061.144555,0.0,TIE,7.58,5,1500,"{""stall_epochs"": 20, ""arc_rule"": ""safe"", ""nbr_compat"": true, ""restart_mode"": ""full"", ""rec_mode"": ""adaptive"", ""rec_patience"": 2, ""checkpoints"": [10, 20]}",RCdp207_copts_s1_20261002-232637_wc10_t10
wc10_t10,copts,rcdp208,WC,1,10.0,3,829.6946,6829.6946,3,828.141442,6828.141442,0.0227,worse,5.13,3,900,"{""stall_epochs"": 20, ""arc_rule"": ""safe"", ""nbr_compat"": true, ""restart_mode"": ""full"", ""rec_mode"": ""adaptive"", ""rec_patience"": 2, ""checkpoints"": [10, 20]}",RCdp208_copts_s1_20261002-232737_wc10_t10
wc10_t10,copts,cdp101,WC,2,10.0,11,976.0414,22976.0414,11,976.041384,22976.041384,0.0,TIE,0.58,36,10800,"{""stall_epochs"": 20, ""arc_rule"": ""safe"", ""nbr_compat"": true, ""restart_mode"": ""full"", ""rec_mode"": ""adaptive"", ""rec_patience"": 2, ""checkpoints"": [10, 20]}",Cdp101_copts_s2_20261002-233041_wc10_t10
wc10_t10,copts,cdp102,WC,2,10.0,10,941.485,20941.485,10,941.485039,20941.485039,0.0,TIE,0.65,14,4200,"{""stall_epochs"": 20, ""arc_rule"": ""safe"", ""nbr_compat"": true, ""restart_mode"": ""full"", ""rec_mode"": ""adaptive"", ""rec_patience"": 2, ""checkpoints"": [10, 20]}",Cdp102_copts_s2_20261002-233141_wc10_t10
wc10_t10,copts,cdp103,WC,2,10.0,10,892.9822,20892.9822,10,892.982246,20892.982246,-0.0,TIE,1.94,10,3000,"{""stall_epochs"": 20, ""arc_rule"": ""safe"", ""nbr_compat"": true, ""restart_mode"": ""full"", ""rec_mode"": ""adaptive"", ""rec_patience"": 2, ""checkpoints"": [10, 20]}",Cdp103_copts_s2_20261002-233242_wc10_t10
wc10_t10,copts,cdp104,WC,2,10.0,10,871.4032,20871.4032,10,871.403177,20871.403177,0.0,TIE,3.17,9,2700,"{""stall_epochs"": 20, ""arc_rule"": ""safe"", ""nbr_compat"": true, ""restart_mode"": ""full"", ""rec_mode"": ""adaptive"", ""rec_patience"": 2, ""checkpoints"": [10, 20]}",Cdp104_copts_s2_20261002-233342_wc10_t10
wc10_t10,copts,cdp105,WC,2,10.0,10,1053.1171,21053.1171,10,1053.117064,21053.117064,0.0,TIE,1.39,29,8700,"{""stall_epochs"": 20, ""arc_rule"": ""safe"", ""nbr_compat"": true, ""restart_mode"": ""full"", ""rec_mode"": ""adaptive"", ""rec_patience"": 2, ""checkpoints"": [10, 20]}",Cdp105_copts_s2_20261002-233442_wc10_t10
wc10_t10,copts,cdp106,WC,2,10.0,10,963.4525,20963.4525,10,963.452492,20963.452492,-0.0,TIE,0.4,26,7800,"{""stall_epochs"": 20, ""arc_rule"": ""safe"", ""nbr_compat"": true, ""restart_mode"": ""full"", ""rec_mode"": ""adaptive"", ""rec_patience"": 2, ""checkpoints"": [10, 20]}",Cdp106_copts_s2_20261002-233542_wc10_t10
wc10_t10,copts,cdp107,WC,2,10.0,10,987.6388,20987.6388,10,987.638782,20987.638782,-0.0,TIE,1.91,26,7800,"{""stall_epochs"": 20, ""arc_rule"": ""safe"", ""nbr_compat"": true, ""restart_mode"": ""full"", ""rec_mode"": ""adaptive"", ""rec_patience"": 2, ""checkpoints"": [10, 20]}",Cdp107_copts_s2_20261002-233642_wc10_t10
wc10_t10,copts,cdp108,WC,2,10.0,10,932.4947,20932.4947,10,932.494665,20932.494665,0.0,TIE,0.48,21,6300,"{""stall_epochs"": 20, ""arc_rule"": ""safe"", ""nbr_compat"": true, ""restart_mode"": ""full"", ""rec_mode"": ""adaptive"", ""rec_patience"": 2, ""checkpoints"": [10, 20]}",Cdp108_copts_s2_20261002-233742_wc10_t10
wc10_t10,copts,cdp109,WC,2,10.0,10,909.266,20909.266,10,909.26601,20909.26601,0.0,TIE,0.61,16,4800,"{""stall_epochs"": 20, ""arc_rule"": ""safe"", ""nbr_compat"": true, ""restart_mode"": ""full"", ""rec_mode"": ""adaptive"", ""rec_patience"": 2, ""checkpoints"": [10, 20]}",Cdp109_copts_s2_20261002-233842_wc10_t10
wc10_t10,copts,cdp201,WC,2,10.0,3,591.5566,6591.5566,3,591.556557,6591.556557,-0.0,TIE,5.87,37,11100,"{""stall_epochs"": 20, ""arc_rule"": ""safe"", ""nbr_compat"": true, ""restart_mode"": ""full"", ""rec_mode"": ""adaptive"", ""rec_patience"": 2, ""checkpoints"": [10, 20]}",Cdp201_copts_s2_20261002-233942_wc10_t10
wc10_t10,copts,cdp202,WC,2,10.0,3,591.5566,6591.5566,3,591.556557,6591.556557,-0.0,TIE,1.2,8,2400,"{""stall_epochs"": 20, ""arc_rule"": ""safe"", ""nbr_compat"": true, ""restart_mode"": ""full"", ""rec_mode"": ""adaptive"", ""rec_patience"": 2, ""checkpoints"": [10, 20]}",Cdp202_copts_s2_20261002-234042_wc10_t10
wc10_t10,copts,cdp203,WC,2,10.0,3,591.1734,6591.1734,3,591.173443,6591.173443,-0.0,TIE,1.72,5,1500,"{""stall_epochs"": 20, ""arc_rule"": ""safe"", ""nbr_compat"": true, ""restart_mode"": ""full"", ""rec_mode"": ""adaptive"", ""rec_patience"": 2, ""checkpoints"": [10, 20]}",Cdp203_copts_s2_20261002-234142_wc10_t10
wc10_t10,copts,cdp204,WC,2,10.0,3,590.5987,6590.5987,3,590.598746,6590.598746,-0.0,TIE,1.96,4,1200,"{""stall_epochs"": 20, ""arc_rule"": ""safe"", ""nbr_compat"": true, ""restart_mode"": ""full"", ""rec_mode"": ""adaptive"", ""rec_patience"": 2, ""checkpoints"": [10, 20]}",Cdp204_copts_s2_20261002-234243_wc10_t10
wc10_t10,copts,cdp205,WC,2,10.0,3,588.876,6588.876,3,588.875963,6588.875963,-0.0,TIE,0.48,21,6300,"{""stall_epochs"": 20, ""arc_rule"": ""safe"", ""nbr_compat"": true, ""restart_mode"": ""full"", ""rec_mode"": ""adaptive"", ""rec_patience"": 2, ""checkpoints"": [10, 20]}",Cdp205_copts_s2_20261002-234343_wc10_t10
wc10_t10,copts,cdp206,WC,2,10.0,3,588.4928,6588.4928,3,588.492849,6588.492849,-0.0,TIE,0.75,13,3900,"{""stall_epochs"": 20, ""arc_rule"": ""safe"", ""nbr_compat"": true, ""restart_mode"": ""full"", ""rec_mode"": ""adaptive"", ""rec_patience"": 2, ""checkpoints"": [10, 20]}",Cdp206_copts_s2_20261002-234443_wc10_t10
wc10_t10,copts,cdp207,WC,2,10.0,3,588.2863,6588.2863,3,588.286321,6588.286321,0.0,TIE,0.84,11,3300,"{""stall_epochs"": 20, ""arc_rule"": ""safe"", ""nbr_compat"": true, ""restart_mode"": ""full"", ""rec_mode"": ""adaptive"", ""rec_patience"": 2, ""checkpoints"": [10, 20]}",Cdp207_copts_s2_20261002-234543_wc10_t10
wc10_t10,copts,cdp208,WC,2,10.0,3,588.3238,6588.3238,3,588.323801,6588.323801,-0.0,TIE,0.9,11,3300,"{""stall_epochs"": 20, ""arc_rule"": ""safe"", ""nbr_compat"": true, ""restart_mode"": ""full"", ""rec_mode"": ""adaptive"", ""rec_patience"": 2, ""checkpoints"": [10, 20]}",Cdp208_copts_s2_20261002-234643_wc10_t10
wc10_t10,copts,rdp101,WC,2,10.0,19,1650.7992,39650.7992,19,1650.79924,39650.79924,-0.0,TIE,0.58,33,9900,"{""stall_epochs"": 20, ""arc_rule"": ""safe"", ""nbr_compat"": true, ""restart_mode"": ""full"", ""rec_mode"": ""adaptive"", ""rec_patience"": 2, ""checkpoints"": [10, 20]}",Rdp101_copts_s2_20261002-234743_wc10_t10
wc10_t10,copts,rdp102,WC,2,10.0,17,1486.1195,35486.1195,17,1486.119471,35486.119471,0.0,TIE,1.82,16,4800,"{""stall_epochs"": 20, ""arc_rule"": ""safe"", ""nbr_compat"": true, ""restart_mode"": ""full"", ""rec_mode"": ""adaptive"", ""rec_patience"": 2, ""checkpoints"": [10, 20]}",Rdp102_copts_s2_20261002-234843_wc10_t10
wc10_t10,copts,rdp103,WC,2,10.0,13,1294.6398,27294.6398,13,1294.639843,27294.639843,0.0,TIE,4.51,11,3300,"{""stall_epochs"": 20, ""arc_rule"": ""safe"", ""nbr_compat"": true, ""restart_mode"": ""full"", ""rec_mode"": ""adaptive"", ""rec_patience"": 2, ""checkpoints"": [10, 20]}",Rdp103_copts_s2_20261002-234943_wc10_t10
wc10_t10,copts,rdp104,WC,2,10.0,9,1017.2215,19017.2215,9,1026.417258,19026.417258,-0.0483,NEW_BEST,7.74,7,2100,"{""stall_epochs"": 20, ""arc_rule"": ""safe"", ""nbr_compat"": true, ""restart_mode"": ""full"", ""rec_mode"": ""adaptive"", ""rec_patience"": 2, ""checkpoints"": [10, 20]}",Rdp104_copts_s2_20261002-235043_wc10_t10
wc10_t10,copts,rdp105,WC,2,10.0,14,1377.111,29377.111,14,1377.111018,29377.111018,-0.0,TIE,0.45,23,6900,"{""stall_epochs"": 20, ""arc_rule"": ""safe"", ""nbr_compat"": true, ""restart_mode"": ""full"", ""rec_mode"": ""adaptive"", ""rec_patience"": 2, ""checkpoints"": [10, 20]}",Rdp105_copts_s2_20261002-235143_wc10_t10
wc10_t10,copts,rdp106,WC,2,10.0,12,1252.0307,25252.0307,12,1252.030746,25252.030746,-0.0,TIE,0.81,12,3600,"{""stall_epochs"": 20, ""arc_rule"": ""safe"", ""nbr_compat"": true, ""restart_mode"": ""full"", ""rec_mode"": ""adaptive"", ""rec_patience"": 2, ""checkpoints"": [10, 20]}",Rdp106_copts_s2_20261002-235243_wc10_t10
wc10_t10,copts,rdp107,WC,2,10.0,10,1115.6133,21115.6133,10,1112.551177,21112.551177,0.0145,worse,9.14,8,2400,"{""stall_epochs"": 20, ""arc_rule"": ""safe"", ""nbr_compat"": true, ""restart_mode"": ""full"", ""rec_mode"": ""adaptive"", ""rec_patience"": 2, ""checkpoints"": [10, 20]}",Rdp107_copts_s2_20261002-235344_wc10_t10
wc10_t10,copts,rdp108,WC,2,10.0,9,965.5394,18965.5394,9,965.217944,18965.217944,0.0017,worse,9.62,7,2100,"{""stall_epochs"": 20, ""arc_rule"": ""safe"", ""nbr_compat"": true, ""restart_mode"": ""full"", ""rec_mode"": ""adaptive"", ""rec_patience"": 2, ""checkpoints"": [10, 20]}",Rdp108_copts_s2_20261002-235444_wc10_t10
wc10_t10,copts,rdp109,WC,2,10.0,11,1194.7341,23194.7341,11,1194.734098,23194.734098,-0.0,TIE,2.67,14,4200,"{""stall_epochs"": 20, ""arc_rule"": ""safe"", ""nbr_compat"": true, ""restart_mode"": ""full"", ""rec_mode"": ""adaptive"", ""rec_patience"": 2, ""checkpoints"": [10, 20]}",Rdp109_copts_s2_20261002-235544_wc10_t10
wc10_t10,copts,rdp110,WC,2,10.0,10,1121.5609,21121.5609,10,1121.456956,21121.456956,0.0005,worse,8.27,9,2700,"{""stall_epochs"": 20, ""arc_rule"": ""safe"", ""nbr_compat"": true, ""restart_mode"": ""full"", ""rec_mode"": ""adaptive"", ""rec_patience"": 2, ""checkpoints"": [10, 20]}",Rdp110_copts_s2_20261002-235644_wc10_t10
wc10_t10,copts,rdp111,WC,2,10.0,10,1101.4354,21101.4354,10,1098.844288,21098.844288,0.0123,worse,7.57,9,2700,"{""stall_epochs"": 20, ""arc_rule"": ""safe"", ""nbr_compat"": true, ""restart_mode"": ""full"", ""rec_mode"": ""adaptive"", ""rec_patience"": 2, ""checkpoints"": [10, 20]}",Rdp111_copts_s2_20261002-235744_wc10_t10
wc10_t10,copts,rdp112,WC,2,10.0,9,1007.5347,19007.5347,9,997.264803,18997.264803,0.0541,worse,9.99,7,2100,"{""stall_epochs"": 20, ""arc_rule"": ""safe"", ""nbr_compat"": true, ""restart_mode"": ""full"", ""rec_mode"": ""adaptive"", ""rec_patience"": 2, ""checkpoints"": [10, 20]}",Rdp112_copts_s2_20261002-235844_wc10_t10
wc10_t10,copts,rdp201,WC,2,10.0,4,1252.3712,9252.3712,4,1252.371222,9252.371222,-0.0,TIE,3.1,15,4500,"{""stall_epochs"": 20, ""arc_rule"": ""safe"", ""nbr_compat"": true, ""restart_mode"": ""full"", ""rec_mode"": ""adaptive"", ""rec_patience"": 2, ""checkpoints"": [10, 20]}",Rdp201_copts_s2_20261002-235944_wc10_t10
wc10_t10,copts,rdp202,WC,2,10.0,3,1191.703,7191.703,3,1191.702969,7191.702969,-0.0,TIE,3.14,5,1500,"{""stall_epochs"": 20, ""arc_rule"": ""safe"", ""nbr_compat"": true, ""restart_mode"": ""full"", ""rec_mode"": ""adaptive"", ""rec_patience"": 2, ""checkpoints"": [10, 20]}",Rdp202_copts_s2_20261003-000045_wc10_t10
wc10_t10,copts,rdp203,WC,2,10.0,3,939.5033,6939.5033,3,939.50332,6939.50332,-0.0,TIE,8.8,4,1200,"{""stall_epochs"": 20, ""arc_rule"": ""safe"", ""nbr_compat"": true, ""restart_mode"": ""full"", ""rec_mode"": ""adaptive"", ""rec_patience"": 2, ""checkpoints"": [10, 20]}",Rdp203_copts_s2_20261003-000145_wc10_t10
wc10_t10,copts,rdp204,WC,2,10.0,2,834.7299,4834.7299,2,825.519293,4825.519293,0.1909,worse,8.16,3,900,"{""stall_epochs"": 20, ""arc_rule"": ""safe"", ""nbr_compat"": true, ""restart_mode"": ""full"", ""rec_mode"": ""adaptive"", ""rec_patience"": 2, ""checkpoints"": [10, 20]}",Rdp204_copts_s2_20261003-000245_wc10_t10
wc10_t10,copts,rdp205,WC,2,10.0,3,994.4277,6994.4277,3,994.427657,6994.427657,-0.0,TIE,9.94,8,2400,"{""stall_epochs"": 20, ""arc_rule"": ""safe"", ""nbr_compat"": true, ""restart_mode"": ""full"", ""rec_mode"": ""adaptive"", ""rec_patience"": 2, ""checkpoints"": [10, 20]}",Rdp205_copts_s2_20261003-000345_wc10_t10
wc10_t10,copts,rdp206,WC,2,10.0,3,912.205,6912.205,3,906.142079,6906.142079,0.0878,worse,8.28,4,1200,"{""stall_epochs"": 20, ""arc_rule"": ""safe"", ""nbr_compat"": true, ""restart_mode"": ""full"", ""rec_mode"": ""adaptive"", ""rec_patience"": 2, ""checkpoints"": [10, 20]}",Rdp206_copts_s2_20261003-000445_wc10_t10
wc10_t10,copts,rdp207,WC,2,10.0,2,891.4203,4891.4203,2,890.608295,4890.608295,0.0166,worse,9.89,4,1200,"{""stall_epochs"": 20, ""arc_rule"": ""safe"", ""nbr_compat"": true, ""restart_mode"": ""full"", ""rec_mode"": ""adaptive"", ""rec_patience"": 2, ""checkpoints"": [10, 20]}",Rdp207_copts_s2_20261003-000546_wc10_t10
wc10_t10,copts,rdp208,WC,2,10.0,2,727.6467,4727.6467,2,726.822786,4726.822786,0.0174,worse,6.19,3,900,"{""stall_epochs"": 20, ""arc_rule"": ""safe"", ""nbr_compat"": true, ""restart_mode"": ""full"", ""rec_mode"": ""adaptive"", ""rec_patience"": 2, ""checkpoints"": [10, 20]}",Rdp208_copts_s2_20261003-000646_wc10_t10
wc10_t10,copts,rdp209,WC,2,10.0,3,914.1311,6914.1311,3,909.163356,6909.163356,0.0719,worse,5.48,5,1500,"{""stall_epochs"": 20, ""arc_rule"": ""safe"", ""nbr_compat"": true, ""restart_mode"": ""full"", ""rec_mode"": ""adaptive"", ""rec_patience"": 2, ""checkpoints"": [10, 20]}",Rdp209_copts_s2_20261003-000746_wc10_t10
wc10_t10,copts,rdp210,WC,2,10.0,3,942.3931,6942.3931,3,939.37268,6939.37268,0.0435,worse,4.01,4,1200,"{""stall_epochs"": 20, ""arc_rule"": ""safe"", ""nbr_compat"": true, ""restart_mode"": ""full"", ""rec_mode"": ""adaptive"", ""rec_patience"": 2, ""checkpoints"": [10, 20]}",Rdp210_copts_s2_20261003-000847_wc10_t10
wc10_t10,copts,rdp211,WC,2,10.0,2,911.7283,4911.7283,2,885.71139,4885.71139,0.5325,worse,5.34,3,900,"{""stall_epochs"": 20, ""arc_rule"": ""safe"", ""nbr_compat"": true, ""restart_mode"": ""full"", ""rec_mode"": ""adaptive"", ""rec_patience"": 2, ""checkpoints"": [10, 20]}",Rdp211_copts_s2_20261003-000947_wc10_t10
wc10_t10,copts,rcdp101,WC,2,10.0,14,1708.2099,29708.2099,14,1708.209858,29708.209858,-0.0,TIE,6.27,25,7500,"{""stall_epochs"": 20, ""arc_rule"": ""safe"", ""nbr_compat"": true, ""restart_mode"": ""full"", ""rec_mode"": ""adaptive"", ""rec_patience"": 2, ""checkpoints"": [10, 20]}",RCdp101_copts_s2_20261003-001047_wc10_t10
wc10_t10,copts,rcdp102,WC,2,10.0,12,1570.2804,25570.2804,12,1570.280395,25570.280395,-0.0,TIE,2.92,13,3900,"{""stall_epochs"": 20, ""arc_rule"": ""safe"", ""nbr_compat"": true, ""restart_mode"": ""full"", ""rec_mode"": ""adaptive"", ""rec_patience"": 2, ""checkpoints"": [10, 20]}",RCdp102_copts_s2_20261003-001147_wc10_t10
wc10_t10,copts,rcdp103,WC,2,10.0,11,1282.5279,23282.5279,11,1282.527877,23282.527877,-0.0,TIE,4.09,9,2700,"{""stall_epochs"": 20, ""arc_rule"": ""safe"", ""nbr_compat"": true, ""restart_mode"": ""full"", ""rec_mode"": ""adaptive"", ""rec_patience"": 2, ""checkpoints"": [10, 20]}",RCdp103_copts_s2_20261003-001247_wc10_t10
wc10_t10,copts,rcdp104,WC,2,10.0,10,1171.3664,21171.3664,10,1171.366445,21171.366445,-0.0,TIE,3.58,8,2400,"{""stall_epochs"": 20, ""arc_rule"": ""safe"", ""nbr_compat"": true, ""restart_mode"": ""full"", ""rec_mode"": ""adaptive"", ""rec_patience"": 2, ""checkpoints"": [10, 20]}",RCdp104_copts_s2_20261003-001347_wc10_t10
wc10_t10,copts,rcdp105,WC,2,10.0,13,1632.2912,27632.2912,13,1632.291239,27632.291239,0.0,TIE,3.21,15,4500,"{""stall_epochs"": 20, ""arc_rule"": ""safe"", ""nbr_compat"": true, ""restart_mode"": ""full"", ""rec_mode"": ""adaptive"", ""rec_patience"": 2, ""checkpoints"": [10, 20]}",RCdp105_copts_s2_20261003-001447_wc10_t10
wc10_t10,copts,rcdp106,WC,2,10.0,12,1392.4719,25392.4719,12,1392.471942,25392.471942,0.0,TIE,1.95,15,4500,"{""stall_epochs"": 20, ""arc_rule"": ""safe"", ""nbr_compat"": true, ""restart_mode"": ""full"", ""rec_mode"": ""adaptive"", ""rec_patience"": 2, ""checkpoints"": [10, 20]}",RCdp106_copts_s2_20261003-001547_wc10_t10
wc10_t10,copts,rcdp107,WC,2,10.0,11,1252.7901,23252.7901,11,1252.790063,23252.790063,-0.0,TIE,9.54,9,2700,"{""stall_epochs"": 20, ""arc_rule"": ""safe"", ""nbr_compat"": true, ""restart_mode"": ""full"", ""rec_mode"": ""adaptive"", ""rec_patience"": 2, ""checkpoints"": [10, 20]}",RCdp107_copts_s2_20261003-001647_wc10_t10
wc10_t10,copts,rcdp108,WC,2,10.0,10,1179.34,21179.34,10,1177.984574,21177.984574,0.0064,worse,8.77,7,2100,"{""stall_epochs"": 20, ""arc_rule"": ""safe"", ""nbr_compat"": true, ""restart_mode"": ""full"", ""rec_mode"": ""adaptive"", ""rec_patience"": 2, ""checkpoints"": [10, 20]}",RCdp108_copts_s2_20261003-001748_wc10_t10
wc10_t10,copts,rcdp201,WC,2,10.0,4,1406.9401,9406.9401,4,1406.940088,9406.940088,-0.0,TIE,2.96,16,4800,"{""stall_epochs"": 20, ""arc_rule"": ""safe"", ""nbr_compat"": true, ""restart_mode"": ""full"", ""rec_mode"": ""adaptive"", ""rec_patience"": 2, ""checkpoints"": [10, 20]}",RCdp201_copts_s2_20261003-001848_wc10_t10
wc10_t10,copts,rcdp202,WC,2,10.0,3,1365.9227,7365.9227,3,1365.645031,7365.645031,0.0038,worse,9.58,7,2100,"{""stall_epochs"": 20, ""arc_rule"": ""safe"", ""nbr_compat"": true, ""restart_mode"": ""full"", ""rec_mode"": ""adaptive"", ""rec_patience"": 2, ""checkpoints"": [10, 20]}",RCdp202_copts_s2_20261003-001948_wc10_t10
wc10_t10,copts,rcdp203,WC,2,10.0,3,1050.6351,7050.6351,3,1049.624237,7049.624237,0.0143,worse,6.1,4,1200,"{""stall_epochs"": 20, ""arc_rule"": ""safe"", ""nbr_compat"": true, ""restart_mode"": ""full"", ""rec_mode"": ""adaptive"", ""rec_patience"": 2, ""checkpoints"": [10, 20]}",RCdp203_copts_s2_20261003-002048_wc10_t10
wc10_t10,copts,rcdp204,WC,2,10.0,3,803.5795,6803.5795,3,798.463581,6798.463581,0.0753,worse,4.7,4,1200,"{""stall_epochs"": 20, ""arc_rule"": ""safe"", ""nbr_compat"": true, ""restart_mode"": ""full"", ""rec_mode"": ""adaptive"", ""rec_patience"": 2, ""checkpoints"": [10, 20]}",RCdp204_copts_s2_20261003-002148_wc10_t10
wc10_t10,copts,rcdp205,WC,2,10.0,4,1297.6477,9297.6477,4,1297.647746,9297.647746,0.0,TIE,2.97,10,3000,"{""stall_epochs"": 20, ""arc_rule"": ""safe"", ""nbr_compat"": true, ""restart_mode"": ""full"", ""rec_mode"": ""adaptive"", ""rec_patience"": 2, ""checkpoints"": [10, 20]}",RCdp205_copts_s2_20261003-002248_wc10_t10
wc10_t10,copts,rcdp206,WC,2,10.0,3,1146.3172,7146.3172,3,1146.317229,7146.317229,0.0,TIE,4.65,8,2400,"{""stall_epochs"": 20, ""arc_rule"": ""safe"", ""nbr_compat"": true, ""restart_mode"": ""full"", ""rec_mode"": ""adaptive"", ""rec_patience"": 2, ""checkpoints"": [10, 20]}",RCdp206_copts_s2_20261003-002349_wc10_t10
wc10_t10,copts,rcdp207,WC,2,10.0,3,1063.3922,7063.3922,3,1061.144555,7061.144555,0.0318,worse,9.58,5,1500,"{""stall_epochs"": 20, ""arc_rule"": ""safe"", ""nbr_compat"": true, ""restart_mode"": ""full"", ""rec_mode"": ""adaptive"", ""rec_patience"": 2, ""checkpoints"": [10, 20]}",RCdp207_copts_s2_20261003-002449_wc10_t10
wc10_t10,copts,rcdp208,WC,2,10.0,3,833.828,6833.828,3,828.141442,6828.141442,0.0833,worse,5.11,3,900,"{""stall_epochs"": 20, ""arc_rule"": ""safe"", ""nbr_compat"": true, ""restart_mode"": ""full"", ""rec_mode"": ""adaptive"", ""rec_patience"": 2, ""checkpoints"": [10, 20]}",RCdp208_copts_s2_20261003-002549_wc10_t10
wc10_t10,copts,cdp101,WC,3,10.0,11,976.0414,22976.0414,11,976.041384,22976.041384,0.0,TIE,0.3,35,10500,"{""stall_epochs"": 20, ""arc_rule"": ""safe"", ""nbr_compat"": true, ""restart_mode"": ""full"", ""rec_mode"": ""adaptive"", ""rec_patience"": 2, ""checkpoints"": [10, 20]}",Cdp101_copts_s3_20261003-002853_wc10_t10
wc10_t10,copts,cdp102,WC,3,10.0,10,941.485,20941.485,10,941.485039,20941.485039,0.0,TIE,1.32,15,4500,"{""stall_epochs"": 20, ""arc_rule"": ""safe"", ""nbr_compat"": true, ""restart_mode"": ""full"", ""rec_mode"": ""adaptive"", ""rec_patience"": 2, ""checkpoints"": [10, 20]}",Cdp102_copts_s3_20261003-002953_wc10_t10
wc10_t10,copts,cdp103,WC,3,10.0,10,892.9822,20892.9822,10,892.982246,20892.982246,-0.0,TIE,3.9,10,3000,"{""stall_epochs"": 20, ""arc_rule"": ""safe"", ""nbr_compat"": true, ""restart_mode"": ""full"", ""rec_mode"": ""adaptive"", ""rec_patience"": 2, ""checkpoints"": [10, 20]}",Cdp103_copts_s3_20261003-003053_wc10_t10
wc10_t10,copts,cdp104,WC,3,10.0,10,871.4032,20871.4032,10,871.403177,20871.403177,0.0,TIE,3.2,9,2700,"{""stall_epochs"": 20, ""arc_rule"": ""safe"", ""nbr_compat"": true, ""restart_mode"": ""full"", ""rec_mode"": ""adaptive"", ""rec_patience"": 2, ""checkpoints"": [10, 20]}",Cdp104_copts_s3_20261003-003154_wc10_t10
wc10_t10,copts,cdp105,WC,3,10.0,10,1053.1171,21053.1171,10,1053.117064,21053.117064,0.0,TIE,0.73,28,8400,"{""stall_epochs"": 20, ""arc_rule"": ""safe"", ""nbr_compat"": true, ""restart_mode"": ""full"", ""rec_mode"": ""adaptive"", ""rec_patience"": 2, ""checkpoints"": [10, 20]}",Cdp105_copts_s3_20261003-003254_wc10_t10
wc10_t10,copts,cdp106,WC,3,10.0,10,963.4525,20963.4525,10,963.452492,20963.452492,-0.0,TIE,9.11,26,7800,"{""stall_epochs"": 20, ""arc_rule"": ""safe"", ""nbr_compat"": true, ""restart_mode"": ""full"", ""rec_mode"": ""adaptive"", ""rec_patience"": 2, ""checkpoints"": [10, 20]}",Cdp106_copts_s3_20261003-003354_wc10_t10
wc10_t10,copts,cdp107,WC,3,10.0,10,987.6388,20987.6388,10,987.638782,20987.638782,-0.0,TIE,0.75,26,7800,"{""stall_epochs"": 20, ""arc_rule"": ""safe"", ""nbr_compat"": true, ""restart_mode"": ""full"", ""rec_mode"": ""adaptive"", ""rec_patience"": 2, ""checkpoints"": [10, 20]}",Cdp107_copts_s3_20261003-003454_wc10_t10
wc10_t10,copts,cdp108,WC,3,10.0,10,932.4947,20932.4947,10,932.494665,20932.494665,0.0,TIE,0.5,21,6300,"{""stall_epochs"": 20, ""arc_rule"": ""safe"", ""nbr_compat"": true, ""restart_mode"": ""full"", ""rec_mode"": ""adaptive"", ""rec_patience"": 2, ""checkpoints"": [10, 20]}",Cdp108_copts_s3_20261003-003554_wc10_t10
wc10_t10,copts,cdp109,WC,3,10.0,10,909.266,20909.266,10,909.26601,20909.26601,0.0,TIE,1.26,16,4800,"{""stall_epochs"": 20, ""arc_rule"": ""safe"", ""nbr_compat"": true, ""restart_mode"": ""full"", ""rec_mode"": ""adaptive"", ""rec_patience"": 2, ""checkpoints"": [10, 20]}",Cdp109_copts_s3_20261003-003654_wc10_t10
wc10_t10,copts,cdp201,WC,3,10.0,3,591.5566,6591.5566,3,591.556557,6591.556557,-0.0,TIE,0.27,38,11400,"{""stall_epochs"": 20, ""arc_rule"": ""safe"", ""nbr_compat"": true, ""restart_mode"": ""full"", ""rec_mode"": ""adaptive"", ""rec_patience"": 2, ""checkpoints"": [10, 20]}",Cdp201_copts_s3_20261003-003754_wc10_t10
wc10_t10,copts,cdp202,WC,3,10.0,3,591.5566,6591.5566,3,591.556557,6591.556557,-0.0,TIE,1.21,8,2400,"{""stall_epochs"": 20, ""arc_rule"": ""safe"", ""nbr_compat"": true, ""restart_mode"": ""full"", ""rec_mode"": ""adaptive"", ""rec_patience"": 2, ""checkpoints"": [10, 20]}",Cdp202_copts_s3_20261003-003854_wc10_t10
wc10_t10,copts,cdp203,WC,3,10.0,3,591.1734,6591.1734,3,591.173443,6591.173443,-0.0,TIE,1.73,5,1500,"{""stall_epochs"": 20, ""arc_rule"": ""safe"", ""nbr_compat"": true, ""restart_mode"": ""full"", ""rec_mode"": ""adaptive"", ""rec_patience"": 2, ""checkpoints"": [10, 20]}",Cdp203_copts_s3_20261003-003954_wc10_t10
wc10_t10,copts,cdp204,WC,3,10.0,3,590.5987,6590.5987,3,590.598746,6590.598746,-0.0,TIE,1.97,4,1200,"{""stall_epochs"": 20, ""arc_rule"": ""safe"", ""nbr_compat"": true, ""restart_mode"": ""full"", ""rec_mode"": ""adaptive"", ""rec_patience"": 2, ""checkpoints"": [10, 20]}",Cdp204_copts_s3_20261003-004055_wc10_t10
wc10_t10,copts,cdp205,WC,3,10.0,3,588.876,6588.876,3,588.875963,6588.875963,-0.0,TIE,0.47,21,6300,"{""stall_epochs"": 20, ""arc_rule"": ""safe"", ""nbr_compat"": true, ""restart_mode"": ""full"", ""rec_mode"": ""adaptive"", ""rec_patience"": 2, ""checkpoints"": [10, 20]}",Cdp205_copts_s3_20261003-004155_wc10_t10
wc10_t10,copts,cdp206,WC,3,10.0,3,588.4928,6588.4928,3,588.492849,6588.492849,-0.0,TIE,0.75,13,3900,"{""stall_epochs"": 20, ""arc_rule"": ""safe"", ""nbr_compat"": true, ""restart_mode"": ""full"", ""rec_mode"": ""adaptive"", ""rec_patience"": 2, ""checkpoints"": [10, 20]}",Cdp206_copts_s3_20261003-004255_wc10_t10
wc10_t10,copts,cdp207,WC,3,10.0,3,588.2863,6588.2863,3,588.286321,6588.286321,0.0,TIE,0.84,11,3300,"{""stall_epochs"": 20, ""arc_rule"": ""safe"", ""nbr_compat"": true, ""restart_mode"": ""full"", ""rec_mode"": ""adaptive"", ""rec_patience"": 2, ""checkpoints"": [10, 20]}",Cdp207_copts_s3_20261003-004355_wc10_t10
wc10_t10,copts,cdp208,WC,3,10.0,3,588.3238,6588.3238,3,588.323801,6588.323801,-0.0,TIE,0.9,11,3300,"{""stall_epochs"": 20, ""arc_rule"": ""safe"", ""nbr_compat"": true, ""restart_mode"": ""full"", ""rec_mode"": ""adaptive"", ""rec_patience"": 2, ""checkpoints"": [10, 20]}",Cdp208_copts_s3_20261003-004455_wc10_t10
wc10_t10,copts,rdp101,WC,3,10.0,19,1650.7992,39650.7992,19,1650.79924,39650.79924,-0.0,TIE,7.03,34,10200,"{""stall_epochs"": 20, ""arc_rule"": ""safe"", ""nbr_compat"": true, ""restart_mode"": ""full"", ""rec_mode"": ""adaptive"", ""rec_patience"": 2, ""checkpoints"": [10, 20]}",Rdp101_copts_s3_20261003-004555_wc10_t10
wc10_t10,copts,rdp102,WC,3,10.0,17,1486.1195,35486.1195,17,1486.119471,35486.119471,0.0,TIE,1.21,16,4800,"{""stall_epochs"": 20, ""arc_rule"": ""safe"", ""nbr_compat"": true, ""restart_mode"": ""full"", ""rec_mode"": ""adaptive"", ""rec_patience"": 2, ""checkpoints"": [10, 20]}",Rdp102_copts_s3_20261003-004655_wc10_t10
wc10_t10,copts,rdp103,WC,3,10.0,14,1213.6239,29213.6239,13,1294.639843,27294.639843,7.0306,worse,0.9,10,3000,"{""stall_epochs"": 20, ""arc_rule"": ""safe"", ""nbr_compat"": true, ""restart_mode"": ""full"", ""rec_mode"": ""adaptive"", ""rec_patience"": 2, ""checkpoints"": [10, 20]}",Rdp103_copts_s3_20261003-004755_wc10_t10
wc10_t10,copts,rdp104,WC,3,10.0,9,1017.2215,19017.2215,9,1026.417258,19026.417258,-0.0483,NEW_BEST,5.13,7,2100,"{""stall_epochs"": 20, ""arc_rule"": ""safe"", ""nbr_compat"": true, ""restart_mode"": ""full"", ""rec_mode"": ""adaptive"", ""rec_patience"": 2, ""checkpoints"": [10, 20]}",Rdp104_copts_s3_20261003-004855_wc10_t10
wc10_t10,copts,rdp105,WC,3,10.0,14,1377.111,29377.111,14,1377.111018,29377.111018,-0.0,TIE,0.45,23,6900,"{""stall_epochs"": 20, ""arc_rule"": ""safe"", ""nbr_compat"": true, ""restart_mode"": ""full"", ""rec_mode"": ""adaptive"", ""rec_patience"": 2, ""checkpoints"": [10, 20]}",Rdp105_copts_s3_20261003-004955_wc10_t10
wc10_t10,copts,rdp106,WC,3,10.0,12,1252.0307,25252.0307,12,1252.030746,25252.030746,-0.0,TIE,1.61,12,3600,"{""stall_epochs"": 20, ""arc_rule"": ""safe"", ""nbr_compat"": true, ""restart_mode"": ""full"", ""rec_mode"": ""adaptive"", ""rec_patience"": 2, ""checkpoints"": [10, 20]}",Rdp106_copts_s3_20261003-005056_wc10_t10
wc10_t10,copts,rdp107,WC,3,10.0,10,1114.9052,21114.9052,10,1112.551177,21112.551177,0.0111,worse,6.81,8,2400,"{""stall_epochs"": 20, ""arc_rule"": ""safe"", ""nbr_compat"": true, ""restart_mode"": ""full"", ""rec_mode"": ""adaptive"", ""rec_patience"": 2, ""checkpoints"": [10, 20]}",Rdp107_copts_s3_20261003-005156_wc10_t10
wc10_t10,copts,rdp108,WC,3,10.0,9,965.2179,18965.2179,9,965.217944,18965.217944,-0.0,TIE,8.19,7,2100,"{""stall_epochs"": 20, ""arc_rule"": ""safe"", ""nbr_compat"": true, ""restart_mode"": ""full"", ""rec_mode"": ""adaptive"", ""rec_patience"": 2, ""checkpoints"": [10, 20]}",Rdp108_copts_s3_20261003-005256_wc10_t10
wc10_t10,copts,rdp109,WC,3,10.0,11,1194.7341,23194.7341,11,1194.734098,23194.734098,-0.0,TIE,3.4,14,4200,"{""stall_epochs"": 20, ""arc_rule"": ""safe"", ""nbr_compat"": true, ""restart_mode"": ""full"", ""rec_mode"": ""adaptive"", ""rec_patience"": 2, ""checkpoints"": [10, 20]}",Rdp109_copts_s3_20261003-005356_wc10_t10
wc10_t10,copts,rdp110,WC,3,10.0,10,1123.9156,21123.9156,10,1121.456956,21121.456956,0.0116,worse,8.29,9,2700,"{""stall_epochs"": 20, ""arc_rule"": ""safe"", ""nbr_compat"": true, ""restart_mode"": ""full"", ""rec_mode"": ""adaptive"", ""rec_patience"": 2, ""checkpoints"": [10, 20]}",Rdp110_copts_s3_20261003-005456_wc10_t10
wc10_t10,copts,rdp111,WC,3,10.0,10,1098.8443,21098.8443,10,1098.844288,21098.844288,0.0,TIE,9.82,9,2700,"{""stall_epochs"": 20, ""arc_rule"": ""safe"", ""nbr_compat"": true, ""restart_mode"": ""full"", ""rec_mode"": ""adaptive"", ""rec_patience"": 2, ""checkpoints"": [10, 20]}",Rdp111_copts_s3_20261003-005556_wc10_t10
wc10_t10,copts,rdp112,WC,3,10.0,9,1003.2448,19003.2448,9,997.264803,18997.264803,0.0315,worse,9.99,7,2100,"{""stall_epochs"": 20, ""arc_rule"": ""safe"", ""nbr_compat"": true, ""restart_mode"": ""full"", ""rec_mode"": ""adaptive"", ""rec_patience"": 2, ""checkpoints"": [10, 20]}",Rdp112_copts_s3_20261003-005656_wc10_t10
wc10_t10,copts,rdp201,WC,3,10.0,4,1252.3712,9252.3712,4,1252.371222,9252.371222,-0.0,TIE,3.1,15,4500,"{""stall_epochs"": 20, ""arc_rule"": ""safe"", ""nbr_compat"": true, ""restart_mode"": ""full"", ""rec_mode"": ""adaptive"", ""rec_patience"": 2, ""checkpoints"": [10, 20]}",Rdp201_copts_s3_20261003-005757_wc10_t10
wc10_t10,copts,rdp202,WC,3,10.0,3,1191.703,7191.703,3,1191.702969,7191.702969,-0.0,TIE,4.82,5,1500,"{""stall_epochs"": 20, ""arc_rule"": ""safe"", ""nbr_compat"": true, ""restart_mode"": ""full"", ""rec_mode"": ""adaptive"", ""rec_patience"": 2, ""checkpoints"": [10, 20]}",Rdp202_copts_s3_20261003-005857_wc10_t10
wc10_t10,copts,rdp203,WC,3,10.0,3,941.0832,6941.0832,3,939.50332,6939.50332,0.0228,worse,6.5,4,1200,"{""stall_epochs"": 20, ""arc_rule"": ""safe"", ""nbr_compat"": true, ""restart_mode"": ""full"", ""rec_mode"": ""adaptive"", ""rec_patience"": 2, ""checkpoints"": [10, 20]}",Rdp203_copts_s3_20261003-005957_wc10_t10
wc10_t10,copts,rdp204,WC,3,10.0,2,831.2426,4831.2426,2,825.519293,4825.519293,0.1186,worse,8.12,3,900,"{""stall_epochs"": 20, ""arc_rule"": ""safe"", ""nbr_compat"": true, ""restart_mode"": ""full"", ""rec_mode"": ""adaptive"", ""rec_patience"": 2, ""checkpoints"": [10, 20]}",Rdp204_copts_s3_20261003-010057_wc10_t10
wc10_t10,copts,rdp205,WC,3,10.0,3,994.4277,6994.4277,3,994.427657,6994.427657,-0.0,TIE,7.41,8,2400,"{""stall_epochs"": 20, ""arc_rule"": ""safe"", ""nbr_compat"": true, ""restart_mode"": ""full"", ""rec_mode"": ""adaptive"", ""rec_patience"": 2, ""checkpoints"": [10, 20]}",Rdp205_copts_s3_20261003-010157_wc10_t10
wc10_t10,copts,rdp206,WC,3,10.0,3,913.1807,6913.1807,3,906.142079,6906.142079,0.1019,worse,4.12,4,1200,"{""stall_epochs"": 20, ""arc_rule"": ""safe"", ""nbr_compat"": true, ""restart_mode"": ""full"", ""rec_mode"": ""adaptive"", ""rec_patience"": 2, ""checkpoints"": [10, 20]}",Rdp206_copts_s3_20261003-010257_wc10_t10
wc10_t10,copts,rdp207,WC,3,10.0,2,895.7815,4895.7815,2,890.608295,4890.608295,0.1058,worse,9.76,4,1200,"{""stall_epochs"": 20, ""arc_rule"": ""safe"", ""nbr_compat"": true, ""restart_mode"": ""full"", ""rec_mode"": ""adaptive"", ""rec_patience"": 2, ""checkpoints"": [10, 20]}",Rdp207_copts_s3_20261003-010358_wc10_t10
wc10_t10,copts,rdp208,WC,3,10.0,2,726.8228,4726.8228,2,726.822786,4726.822786,-0.0,TIE,9.27,3,900,"{""stall_epochs"": 20, ""arc_rule"": ""safe"", ""nbr_compat"": true, ""restart_mode"": ""full"", ""rec_mode"": ""adaptive"", ""rec_patience"": 2, ""checkpoints"": [10, 20]}",Rdp208_copts_s3_20261003-010458_wc10_t10
wc10_t10,copts,rdp209,WC,3,10.0,3,913.8256,6913.8256,3,909.163356,6909.163356,0.0675,worse,9.04,5,1500,"{""stall_epochs"": 20, ""arc_rule"": ""safe"", ""nbr_compat"": true, ""restart_mode"": ""full"", ""rec_mode"": ""adaptive"", ""rec_patience"": 2, ""checkpoints"": [10, 20]}",Rdp209_copts_s3_20261003-010558_wc10_t10
wc10_t10,copts,rdp210,WC,3,10.0,3,939.3727,6939.3727,3,939.37268,6939.37268,0.0,TIE,3.97,5,1500,"{""stall_epochs"": 20, ""arc_rule"": ""safe"", ""nbr_compat"": true, ""restart_mode"": ""full"", ""rec_mode"": ""adaptive"", ""rec_patience"": 2, ""checkpoints"": [10, 20]}",Rdp210_copts_s3_20261003-010658_wc10_t10
wc10_t10,copts,rdp211,WC,3,10.0,2,907.7031,4907.7031,2,885.71139,4885.71139,0.4501,worse,8.01,3,900,"{""stall_epochs"": 20, ""arc_rule"": ""safe"", ""nbr_compat"": true, ""restart_mode"": ""full"", ""rec_mode"": ""adaptive"", ""rec_patience"": 2, ""checkpoints"": [10, 20]}",Rdp211_copts_s3_20261003-010759_wc10_t10
wc10_t10,copts,rcdp101,WC,3,10.0,14,1708.2099,29708.2099,14,1708.209858,29708.209858,-0.0,TIE,1.67,25,7500,"{""stall_epochs"": 20, ""arc_rule"": ""safe"", ""nbr_compat"": true, ""restart_mode"": ""full"", ""rec_mode"": ""adaptive"", ""rec_patience"": 2, ""checkpoints"": [10, 20]}",RCdp101_copts_s3_20261003-010859_wc10_t10
wc10_t10,copts,rcdp102,WC,3,10.0,12,1570.2804,25570.2804,12,1570.280395,25570.280395,-0.0,TIE,2.19,13,3900,"{""stall_epochs"": 20, ""arc_rule"": ""safe"", ""nbr_compat"": true, ""restart_mode"": ""full"", ""rec_mode"": ""adaptive"", ""rec_patience"": 2, ""checkpoints"": [10, 20]}",RCdp102_copts_s3_20261003-010959_wc10_t10
wc10_t10,copts,rcdp103,WC,3,10.0,11,1282.5279,23282.5279,11,1282.527877,23282.527877,-0.0,TIE,3.05,9,2700,"{""stall_epochs"": 20, ""arc_rule"": ""safe"", ""nbr_compat"": true, ""restart_mode"": ""full"", ""rec_mode"": ""adaptive"", ""rec_patience"": 2, ""checkpoints"": [10, 20]}",RCdp103_copts_s3_20261003-011059_wc10_t10
wc10_t10,copts,rcdp104,WC,3,10.0,10,1171.3664,21171.3664,10,1171.366445,21171.366445,-0.0,TIE,4.72,8,2400,"{""stall_epochs"": 20, ""arc_rule"": ""safe"", ""nbr_compat"": true, ""restart_mode"": ""full"", ""rec_mode"": ""adaptive"", ""rec_patience"": 2, ""checkpoints"": [10, 20]}",RCdp104_copts_s3_20261003-011159_wc10_t10
wc10_t10,copts,rcdp105,WC,3,10.0,13,1632.2912,27632.2912,13,1632.291239,27632.291239,0.0,TIE,5.75,15,4500,"{""stall_epochs"": 20, ""arc_rule"": ""safe"", ""nbr_compat"": true, ""restart_mode"": ""full"", ""rec_mode"": ""adaptive"", ""rec_patience"": 2, ""checkpoints"": [10, 20]}",RCdp105_copts_s3_20261003-011259_wc10_t10
wc10_t10,copts,rcdp106,WC,3,10.0,12,1392.4719,25392.4719,12,1392.471942,25392.471942,0.0,TIE,1.97,15,4500,"{""stall_epochs"": 20, ""arc_rule"": ""safe"", ""nbr_compat"": true, ""restart_mode"": ""full"", ""rec_mode"": ""adaptive"", ""rec_patience"": 2, ""checkpoints"": [10, 20]}",RCdp106_copts_s3_20261003-011359_wc10_t10
wc10_t10,copts,rcdp107,WC,3,10.0,11,1255.0629,23255.0629,11,1252.790063,23252.790063,0.0098,worse,7.37,9,2700,"{""stall_epochs"": 20, ""arc_rule"": ""safe"", ""nbr_compat"": true, ""restart_mode"": ""full"", ""rec_mode"": ""adaptive"", ""rec_patience"": 2, ""checkpoints"": [10, 20]}",RCdp107_copts_s3_20261003-011459_wc10_t10
wc10_t10,copts,rcdp108,WC,3,10.0,10,1179.34,21179.34,10,1177.984574,21177.984574,0.0064,worse,9.91,8,2400,"{""stall_epochs"": 20, ""arc_rule"": ""safe"", ""nbr_compat"": true, ""restart_mode"": ""full"", ""rec_mode"": ""adaptive"", ""rec_patience"": 2, ""checkpoints"": [10, 20]}",RCdp108_copts_s3_20261003-011559_wc10_t10
wc10_t10,copts,rcdp201,WC,3,10.0,4,1406.9401,9406.9401,4,1406.940088,9406.940088,-0.0,TIE,2.98,16,4800,"{""stall_epochs"": 20, ""arc_rule"": ""safe"", ""nbr_compat"": true, ""restart_mode"": ""full"", ""rec_mode"": ""adaptive"", ""rec_patience"": 2, ""checkpoints"": [10, 20]}",RCdp201_copts_s3_20261003-011659_wc10_t10
wc10_t10,copts,rcdp202,WC,3,10.0,3,1365.645,7365.645,3,1365.645031,7365.645031,0.0,TIE,6.81,7,2100,"{""stall_epochs"": 20, ""arc_rule"": ""safe"", ""nbr_compat"": true, ""restart_mode"": ""full"", ""rec_mode"": ""adaptive"", ""rec_patience"": 2, ""checkpoints"": [10, 20]}",RCdp202_copts_s3_20261003-011800_wc10_t10
wc10_t10,copts,rcdp203,WC,3,10.0,3,1050.6351,7050.6351,3,1049.624237,7049.624237,0.0143,worse,6.07,4,1200,"{""stall_epochs"": 20, ""arc_rule"": ""safe"", ""nbr_compat"": true, ""restart_mode"": ""full"", ""rec_mode"": ""adaptive"", ""rec_patience"": 2, ""checkpoints"": [10, 20]}",RCdp203_copts_s3_20261003-011900_wc10_t10
wc10_t10,copts,rcdp204,WC,3,10.0,3,798.4636,6798.4636,3,798.463581,6798.463581,-0.0,TIE,4.66,4,1200,"{""stall_epochs"": 20, ""arc_rule"": ""safe"", ""nbr_compat"": true, ""restart_mode"": ""full"", ""rec_mode"": ""adaptive"", ""rec_patience"": 2, ""checkpoints"": [10, 20]}",RCdp204_copts_s3_20261003-012000_wc10_t10
wc10_t10,copts,rcdp205,WC,3,10.0,4,1297.6477,9297.6477,4,1297.647746,9297.647746,0.0,TIE,4.01,10,3000,"{""stall_epochs"": 20, ""arc_rule"": ""safe"", ""nbr_compat"": true, ""restart_mode"": ""full"", ""rec_mode"": ""adaptive"", ""rec_patience"": 2, ""checkpoints"": [10, 20]}",RCdp205_copts_s3_20261003-012100_wc10_t10
wc10_t10,copts,rcdp206,WC,3,10.0,3,1146.3172,7146.3172,3,1146.317229,7146.317229,0.0,TIE,7.06,8,2400,"{""stall_epochs"": 20, ""arc_rule"": ""safe"", ""nbr_compat"": true, ""restart_mode"": ""full"", ""rec_mode"": ""adaptive"", ""rec_patience"": 2, ""checkpoints"": [10, 20]}",RCdp206_copts_s3_20261003-012200_wc10_t10
wc10_t10,copts,rcdp207,WC,3,10.0,3,1062.0483,7062.0483,3,1061.144555,7061.144555,0.0128,worse,5.69,5,1500,"{""stall_epochs"": 20, ""arc_rule"": ""safe"", ""nbr_compat"": true, ""restart_mode"": ""full"", ""rec_mode"": ""adaptive"", ""rec_patience"": 2, ""checkpoints"": [10, 20]}",RCdp207_copts_s3_20261003-012300_wc10_t10
wc10_t10,copts,rcdp208,WC,3,10.0,3,828.7091,6828.7091,3,828.141442,6828.141442,0.0083,worse,5.08,3,900,"{""stall_epochs"": 20, ""arc_rule"": ""safe"", ""nbr_compat"": true, ""restart_mode"": ""full"", ""rec_mode"": ""adaptive"", ""rec_patience"": 2, ""checkpoints"": [10, 20]}",RCdp208_copts_s3_20261003-012400_wc10_t10
wc10_t10,copts,cdp101,WC,4,10.0,11,976.0414,22976.0414,11,976.041384,22976.041384,0.0,TIE,0.3,35,10500,"{""stall_epochs"": 20, ""arc_rule"": ""safe"", ""nbr_compat"": true, ""restart_mode"": ""full"", ""rec_mode"": ""adaptive"", ""rec_patience"": 2, ""checkpoints"": [10, 20]}",Cdp101_copts_s4_20261003-012705_wc10_t10
wc10_t10,copts,cdp102,WC,4,10.0,10,941.485,20941.485,10,941.485039,20941.485039,0.0,TIE,1.33,15,4500,"{""stall_epochs"": 20, ""arc_rule"": ""safe"", ""nbr_compat"": true, ""restart_mode"": ""full"", ""rec_mode"": ""adaptive"", ""rec_patience"": 2, ""checkpoints"": [10, 20]}",Cdp102_copts_s4_20261003-012805_wc10_t10
wc10_t10,copts,cdp103,WC,4,10.0,10,892.9822,20892.9822,10,892.982246,20892.982246,-0.0,TIE,2.9,10,3000,"{""stall_epochs"": 20, ""arc_rule"": ""safe"", ""nbr_compat"": true, ""restart_mode"": ""full"", ""rec_mode"": ""adaptive"", ""rec_patience"": 2, ""checkpoints"": [10, 20]}",Cdp103_copts_s4_20261003-012905_wc10_t10
wc10_t10,copts,cdp104,WC,4,10.0,10,871.4032,20871.4032,10,871.403177,20871.403177,0.0,TIE,2.12,9,2700,"{""stall_epochs"": 20, ""arc_rule"": ""safe"", ""nbr_compat"": true, ""restart_mode"": ""full"", ""rec_mode"": ""adaptive"", ""rec_patience"": 2, ""checkpoints"": [10, 20]}",Cdp104_copts_s4_20261003-013006_wc10_t10
wc10_t10,copts,cdp105,WC,4,10.0,10,1053.1171,21053.1171,10,1053.117064,21053.117064,0.0,TIE,0.73,28,8400,"{""stall_epochs"": 20, ""arc_rule"": ""safe"", ""nbr_compat"": true, ""restart_mode"": ""full"", ""rec_mode"": ""adaptive"", ""rec_patience"": 2, ""checkpoints"": [10, 20]}",Cdp105_copts_s4_20261003-013106_wc10_t10
wc10_t10,copts,cdp106,WC,4,10.0,10,963.4525,20963.4525,10,963.452492,20963.452492,-0.0,TIE,0.78,26,7800,"{""stall_epochs"": 20, ""arc_rule"": ""safe"", ""nbr_compat"": true, ""restart_mode"": ""full"", ""rec_mode"": ""adaptive"", ""rec_patience"": 2, ""checkpoints"": [10, 20]}",Cdp106_copts_s4_20261003-013206_wc10_t10
wc10_t10,copts,cdp107,WC,4,10.0,10,987.6388,20987.6388,10,987.638782,20987.638782,-0.0,TIE,8.29,26,7800,"{""stall_epochs"": 20, ""arc_rule"": ""safe"", ""nbr_compat"": true, ""restart_mode"": ""full"", ""rec_mode"": ""adaptive"", ""rec_patience"": 2, ""checkpoints"": [10, 20]}",Cdp107_copts_s4_20261003-013306_wc10_t10
wc10_t10,copts,cdp108,WC,4,10.0,10,932.4947,20932.4947,10,932.494665,20932.494665,0.0,TIE,0.48,21,6300,"{""stall_epochs"": 20, ""arc_rule"": ""safe"", ""nbr_compat"": true, ""restart_mode"": ""full"", ""rec_mode"": ""adaptive"", ""rec_patience"": 2, ""checkpoints"": [10, 20]}",Cdp108_copts_s4_20261003-013406_wc10_t10
wc10_t10,copts,cdp109,WC,4,10.0,10,909.266,20909.266,10,909.26601,20909.26601,0.0,TIE,0.63,16,4800,"{""stall_epochs"": 20, ""arc_rule"": ""safe"", ""nbr_compat"": true, ""restart_mode"": ""full"", ""rec_mode"": ""adaptive"", ""rec_patience"": 2, ""checkpoints"": [10, 20]}",Cdp109_copts_s4_20261003-013506_wc10_t10
wc10_t10,copts,cdp201,WC,4,10.0,3,591.5566,6591.5566,3,591.556557,6591.556557,-0.0,TIE,0.27,38,11400,"{""stall_epochs"": 20, ""arc_rule"": ""safe"", ""nbr_compat"": true, ""restart_mode"": ""full"", ""rec_mode"": ""adaptive"", ""rec_patience"": 2, ""checkpoints"": [10, 20]}",Cdp201_copts_s4_20261003-013606_wc10_t10
wc10_t10,copts,cdp202,WC,4,10.0,3,591.5566,6591.5566,3,591.556557,6591.556557,-0.0,TIE,1.21,8,2400,"{""stall_epochs"": 20, ""arc_rule"": ""safe"", ""nbr_compat"": true, ""restart_mode"": ""full"", ""rec_mode"": ""adaptive"", ""rec_patience"": 2, ""checkpoints"": [10, 20]}",Cdp202_copts_s4_20261003-013706_wc10_t10
wc10_t10,copts,cdp203,WC,4,10.0,3,591.1734,6591.1734,3,591.173443,6591.173443,-0.0,TIE,1.73,5,1500,"{""stall_epochs"": 20, ""arc_rule"": ""safe"", ""nbr_compat"": true, ""restart_mode"": ""full"", ""rec_mode"": ""adaptive"", ""rec_patience"": 2, ""checkpoints"": [10, 20]}",Cdp203_copts_s4_20261003-013807_wc10_t10
wc10_t10,copts,cdp204,WC,4,10.0,3,590.5987,6590.5987,3,590.598746,6590.598746,-0.0,TIE,1.96,4,1200,"{""stall_epochs"": 20, ""arc_rule"": ""safe"", ""nbr_compat"": true, ""restart_mode"": ""full"", ""rec_mode"": ""adaptive"", ""rec_patience"": 2, ""checkpoints"": [10, 20]}",Cdp204_copts_s4_20261003-013907_wc10_t10
wc10_t10,copts,cdp205,WC,4,10.0,3,588.876,6588.876,3,588.875963,6588.875963,-0.0,TIE,0.47,21,6300,"{""stall_epochs"": 20, ""arc_rule"": ""safe"", ""nbr_compat"": true, ""restart_mode"": ""full"", ""rec_mode"": ""adaptive"", ""rec_patience"": 2, ""checkpoints"": [10, 20]}",Cdp205_copts_s4_20261003-014007_wc10_t10
wc10_t10,copts,cdp206,WC,4,10.0,3,588.4928,6588.4928,3,588.492849,6588.492849,-0.0,TIE,0.75,13,3900,"{""stall_epochs"": 20, ""arc_rule"": ""safe"", ""nbr_compat"": true, ""restart_mode"": ""full"", ""rec_mode"": ""adaptive"", ""rec_patience"": 2, ""checkpoints"": [10, 20]}",Cdp206_copts_s4_20261003-014107_wc10_t10
wc10_t10,copts,cdp207,WC,4,10.0,3,588.2863,6588.2863,3,588.286321,6588.286321,0.0,TIE,0.85,11,3300,"{""stall_epochs"": 20, ""arc_rule"": ""safe"", ""nbr_compat"": true, ""restart_mode"": ""full"", ""rec_mode"": ""adaptive"", ""rec_patience"": 2, ""checkpoints"": [10, 20]}",Cdp207_copts_s4_20261003-014207_wc10_t10
wc10_t10,copts,cdp208,WC,4,10.0,3,588.3238,6588.3238,3,588.323801,6588.323801,-0.0,TIE,0.92,11,3300,"{""stall_epochs"": 20, ""arc_rule"": ""safe"", ""nbr_compat"": true, ""restart_mode"": ""full"", ""rec_mode"": ""adaptive"", ""rec_patience"": 2, ""checkpoints"": [10, 20]}",Cdp208_copts_s4_20261003-014307_wc10_t10
wc10_t10,copts,rdp101,WC,4,10.0,19,1650.7992,39650.7992,19,1650.79924,39650.79924,-0.0,TIE,6.65,34,10200,"{""stall_epochs"": 20, ""arc_rule"": ""safe"", ""nbr_compat"": true, ""restart_mode"": ""full"", ""rec_mode"": ""adaptive"", ""rec_patience"": 2, ""checkpoints"": [10, 20]}",Rdp101_copts_s4_20261003-014407_wc10_t10
wc10_t10,copts,rdp102,WC,4,10.0,17,1486.1195,35486.1195,17,1486.119471,35486.119471,0.0,TIE,1.2,16,4800,"{""stall_epochs"": 20, ""arc_rule"": ""safe"", ""nbr_compat"": true, ""restart_mode"": ""full"", ""rec_mode"": ""adaptive"", ""rec_patience"": 2, ""checkpoints"": [10, 20]}",Rdp102_copts_s4_20261003-014507_wc10_t10
wc10_t10,copts,rdp103,WC,4,10.0,13,1294.6398,27294.6398,13,1294.639843,27294.639843,0.0,TIE,6.36,11,3300,"{""stall_epochs"": 20, ""arc_rule"": ""safe"", ""nbr_compat"": true, ""restart_mode"": ""full"", ""rec_mode"": ""adaptive"", ""rec_patience"": 2, ""checkpoints"": [10, 20]}",Rdp103_copts_s4_20261003-014607_wc10_t10
wc10_t10,copts,rdp104,WC,4,10.0,9,1025.9227,19025.9227,9,1026.417258,19026.417258,-0.0026,NEW_BEST,8.97,7,2100,"{""stall_epochs"": 20, ""arc_rule"": ""safe"", ""nbr_compat"": true, ""restart_mode"": ""full"", ""rec_mode"": ""adaptive"", ""rec_patience"": 2, ""checkpoints"": [10, 20]}",Rdp104_copts_s4_20261003-014707_wc10_t10
wc10_t10,copts,rdp105,WC,4,10.0,14,1377.111,29377.111,14,1377.111018,29377.111018,-0.0,TIE,0.43,23,6900,"{""stall_epochs"": 20, ""arc_rule"": ""safe"", ""nbr_compat"": true, ""restart_mode"": ""full"", ""rec_mode"": ""adaptive"", ""rec_patience"": 2, ""checkpoints"": [10, 20]}",Rdp105_copts_s4_20261003-014807_wc10_t10
wc10_t10,copts,rdp106,WC,4,10.0,12,1252.0307,25252.0307,12,1252.030746,25252.030746,-0.0,TIE,1.62,12,3600,"{""stall_epochs"": 20, ""arc_rule"": ""safe"", ""nbr_compat"": true, ""restart_mode"": ""full"", ""rec_mode"": ""adaptive"", ""rec_patience"": 2, ""checkpoints"": [10, 20]}",Rdp106_copts_s4_20261003-014907_wc10_t10
wc10_t10,copts,rdp107,WC,4,10.0,10,1114.9486,21114.9486,10,1112.551177,21112.551177,0.0114,worse,9.2,8,2400,"{""stall_epochs"": 20, ""arc_rule"": ""safe"", ""nbr_compat"": true, ""restart_mode"": ""full"", ""rec_mode"": ""adaptive"", ""rec_patience"": 2, ""checkpoints"": [10, 20]}",Rdp107_copts_s4_20261003-015008_wc10_t10
wc10_t10,copts,rdp108,WC,4,10.0,9,965.2179,18965.2179,9,965.217944,18965.217944,-0.0,TIE,8.18,7,2100,"{""stall_epochs"": 20, ""arc_rule"": ""safe"", ""nbr_compat"": true, ""restart_mode"": ""full"", ""rec_mode"": ""adaptive"", ""rec_patience"": 2, ""checkpoints"": [10, 20]}",Rdp108_copts_s4_20261003-015108_wc10_t10
wc10_t10,copts,rdp109,WC,4,10.0,11,1194.7341,23194.7341,11,1194.734098,23194.734098,-0.0,TIE,2.0,14,4200,"{""stall_epochs"": 20, ""arc_rule"": ""safe"", ""nbr_compat"": true, ""restart_mode"": ""full"", ""rec_mode"": ""adaptive"", ""rec_patience"": 2, ""checkpoints"": [10, 20]}",Rdp109_copts_s4_20261003-015208_wc10_t10
wc10_t10,copts,rdp110,WC,4,10.0,10,1121.457,21121.457,10,1121.456956,21121.456956,0.0,TIE,4.23,9,2700,"{""stall_epochs"": 20, ""arc_rule"": ""safe"", ""nbr_compat"": true, ""restart_mode"": ""full"", ""rec_mode"": ""adaptive"", ""rec_patience"": 2, ""checkpoints"": [10, 20]}",Rdp110_copts_s4_20261003-015308_wc10_t10
wc10_t10,copts,rdp111,WC,4,10.0,10,1098.8443,21098.8443,10,1098.844288,21098.844288,0.0,TIE,9.74,9,2700,"{""stall_epochs"": 20, ""arc_rule"": ""safe"", ""nbr_compat"": true, ""restart_mode"": ""full"", ""rec_mode"": ""adaptive"", ""rec_patience"": 2, ""checkpoints"": [10, 20]}",Rdp111_copts_s4_20261003-015408_wc10_t10
wc10_t10,copts,rdp112,WC,4,10.0,9,1006.5482,19006.5482,9,997.264803,18997.264803,0.0489,worse,9.99,7,2100,"{""stall_epochs"": 20, ""arc_rule"": ""safe"", ""nbr_compat"": true, ""restart_mode"": ""full"", ""rec_mode"": ""adaptive"", ""rec_patience"": 2, ""checkpoints"": [10, 20]}",Rdp112_copts_s4_20261003-015508_wc10_t10
wc10_t10,copts,rdp201,WC,4,10.0,4,1252.3712,9252.3712,4,1252.371222,9252.371222,-0.0,TIE,5.08,15,4500,"{""stall_epochs"": 20, ""arc_rule"": ""safe"", ""nbr_compat"": true, ""restart_mode"": ""full"", ""rec_mode"": ""adaptive"", ""rec_patience"": 2, ""checkpoints"": [10, 20]}",Rdp201_copts_s4_20261003-015608_wc10_t10
wc10_t10,copts,rdp202,WC,4,10.0,3,1191.703,7191.703,3,1191.702969,7191.702969,-0.0,TIE,4.83,5,1500,"{""stall_epochs"": 20, ""arc_rule"": ""safe"", ""nbr_compat"": true, ""restart_mode"": ""full"", ""rec_mode"": ""adaptive"", ""rec_patience"": 2, ""checkpoints"": [10, 20]}",Rdp202_copts_s4_20261003-015709_wc10_t10
wc10_t10,copts,rdp203,WC,4,10.0,3,941.6238,6941.6238,3,939.50332,6939.50332,0.0306,worse,6.56,4,1200,"{""stall_epochs"": 20, ""arc_rule"": ""safe"", ""nbr_compat"": true, ""restart_mode"": ""full"", ""rec_mode"": ""adaptive"", ""rec_patience"": 2, ""checkpoints"": [10, 20]}",Rdp203_copts_s4_20261003-015809_wc10_t10
wc10_t10,copts,rdp204,WC,4,10.0,2,832.144,4832.144,2,825.519293,4825.519293,0.1373,worse,8.14,3,900,"{""stall_epochs"": 20, ""arc_rule"": ""safe"", ""nbr_compat"": true, ""restart_mode"": ""full"", ""rec_mode"": ""adaptive"", ""rec_patience"": 2, ""checkpoints"": [10, 20]}",Rdp204_copts_s4_20261003-015910_wc10_t10
wc10_t10,copts,rdp205,WC,4,10.0,3,994.4277,6994.4277,3,994.427657,6994.427657,-0.0,TIE,8.53,8,2400,"{""stall_epochs"": 20, ""arc_rule"": ""safe"", ""nbr_compat"": true, ""restart_mode"": ""full"", ""rec_mode"": ""adaptive"", ""rec_patience"": 2, ""checkpoints"": [10, 20]}",Rdp205_copts_s4_20261003-020010_wc10_t10
wc10_t10,copts,rdp206,WC,4,10.0,3,909.8186,6909.8186,3,906.142079,6906.142079,0.0532,worse,8.33,4,1200,"{""stall_epochs"": 20, ""arc_rule"": ""safe"", ""nbr_compat"": true, ""restart_mode"": ""full"", ""rec_mode"": ""adaptive"", ""rec_patience"": 2, ""checkpoints"": [10, 20]}",Rdp206_copts_s4_20261003-020110_wc10_t10
wc10_t10,copts,rdp207,WC,4,10.0,2,890.6083,4890.6083,2,890.608295,4890.608295,0.0,TIE,7.36,4,1200,"{""stall_epochs"": 20, ""arc_rule"": ""safe"", ""nbr_compat"": true, ""restart_mode"": ""full"", ""rec_mode"": ""adaptive"", ""rec_patience"": 2, ""checkpoints"": [10, 20]}",Rdp207_copts_s4_20261003-020210_wc10_t10
wc10_t10,copts,rdp208,WC,4,10.0,2,726.8228,4726.8228,2,726.822786,4726.822786,-0.0,TIE,9.34,3,900,"{""stall_epochs"": 20, ""arc_rule"": ""safe"", ""nbr_compat"": true, ""restart_mode"": ""full"", ""rec_mode"": ""adaptive"", ""rec_patience"": 2, ""checkpoints"": [10, 20]}",Rdp208_copts_s4_20261003-020311_wc10_t10
wc10_t10,copts,rdp209,WC,4,10.0,3,910.1956,6910.1956,3,909.163356,6909.163356,0.0149,worse,3.63,5,1500,"{""stall_epochs"": 20, ""arc_rule"": ""safe"", ""nbr_compat"": true, ""restart_mode"": ""full"", ""rec_mode"": ""adaptive"", ""rec_patience"": 2, ""checkpoints"": [10, 20]}",Rdp209_copts_s4_20261003-020411_wc10_t10
wc10_t10,copts,rdp210,WC,4,10.0,3,942.3931,6942.3931,3,939.37268,6939.37268,0.0435,worse,6.06,4,1200,"{""stall_epochs"": 20, ""arc_rule"": ""safe"", ""nbr_compat"": true, ""restart_mode"": ""full"", ""rec_mode"": ""adaptive"", ""rec_patience"": 2, ""checkpoints"": [10, 20]}",Rdp210_copts_s4_20261003-020511_wc10_t10
wc10_t10,copts,rdp211,WC,4,10.0,2,907.8411,4907.8411,2,885.71139,4885.71139,0.4529,worse,5.31,3,900,"{""stall_epochs"": 20, ""arc_rule"": ""safe"", ""nbr_compat"": true, ""restart_mode"": ""full"", ""rec_mode"": ""adaptive"", ""rec_patience"": 2, ""checkpoints"": [10, 20]}",Rdp211_copts_s4_20261003-020611_wc10_t10
wc10_t10,copts,rcdp101,WC,4,10.0,14,1708.2099,29708.2099,14,1708.209858,29708.209858,-0.0,TIE,1.6,25,7500,"{""stall_epochs"": 20, ""arc_rule"": ""safe"", ""nbr_compat"": true, ""restart_mode"": ""full"", ""rec_mode"": ""adaptive"", ""rec_patience"": 2, ""checkpoints"": [10, 20]}",RCdp101_copts_s4_20261003-020711_wc10_t10
wc10_t10,copts,rcdp102,WC,4,10.0,12,1570.2804,25570.2804,12,1570.280395,25570.280395,-0.0,TIE,2.18,13,3900,"{""stall_epochs"": 20, ""arc_rule"": ""safe"", ""nbr_compat"": true, ""restart_mode"": ""full"", ""rec_mode"": ""adaptive"", ""rec_patience"": 2, ""checkpoints"": [10, 20]}",RCdp102_copts_s4_20261003-020811_wc10_t10
wc10_t10,copts,rcdp103,WC,4,10.0,11,1282.5279,23282.5279,11,1282.527877,23282.527877,-0.0,TIE,5.18,9,2700,"{""stall_epochs"": 20, ""arc_rule"": ""safe"", ""nbr_compat"": true, ""restart_mode"": ""full"", ""rec_mode"": ""adaptive"", ""rec_patience"": 2, ""checkpoints"": [10, 20]}",RCdp103_copts_s4_20261003-020911_wc10_t10
wc10_t10,copts,rcdp104,WC,4,10.0,10,1171.3664,21171.3664,10,1171.366445,21171.366445,-0.0,TIE,7.21,8,2400,"{""stall_epochs"": 20, ""arc_rule"": ""safe"", ""nbr_compat"": true, ""restart_mode"": ""full"", ""rec_mode"": ""adaptive"", ""rec_patience"": 2, ""checkpoints"": [10, 20]}",RCdp104_copts_s4_20261003-021011_wc10_t10
wc10_t10,copts,rcdp105,WC,4,10.0,13,1632.2912,27632.2912,13,1632.291239,27632.291239,0.0,TIE,5.12,15,4500,"{""stall_epochs"": 20, ""arc_rule"": ""safe"", ""nbr_compat"": true, ""restart_mode"": ""full"", ""rec_mode"": ""adaptive"", ""rec_patience"": 2, ""checkpoints"": [10, 20]}",RCdp105_copts_s4_20261003-021111_wc10_t10
wc10_t10,copts,rcdp106,WC,4,10.0,12,1392.4719,25392.4719,12,1392.471942,25392.471942,0.0,TIE,2.6,15,4500,"{""stall_epochs"": 20, ""arc_rule"": ""safe"", ""nbr_compat"": true, ""restart_mode"": ""full"", ""rec_mode"": ""adaptive"", ""rec_patience"": 2, ""checkpoints"": [10, 20]}",RCdp106_copts_s4_20261003-021211_wc10_t10
wc10_t10,copts,rcdp107,WC,4,10.0,11,1257.7732,23257.7732,11,1252.790063,23252.790063,0.0214,worse,6.35,9,2700,"{""stall_epochs"": 20, ""arc_rule"": ""safe"", ""nbr_compat"": true, ""restart_mode"": ""full"", ""rec_mode"": ""adaptive"", ""rec_patience"": 2, ""checkpoints"": [10, 20]}",RCdp107_copts_s4_20261003-021312_wc10_t10
wc10_t10,copts,rcdp108,WC,4,10.0,10,1177.9846,21177.9846,10,1177.984574,21177.984574,0.0,TIE,5.01,7,2100,"{""stall_epochs"": 20, ""arc_rule"": ""safe"", ""nbr_compat"": true, ""restart_mode"": ""full"", ""rec_mode"": ""adaptive"", ""rec_patience"": 2, ""checkpoints"": [10, 20]}",RCdp108_copts_s4_20261003-021412_wc10_t10
wc10_t10,copts,rcdp201,WC,4,10.0,4,1406.9401,9406.9401,4,1406.940088,9406.940088,-0.0,TIE,2.41,16,4800,"{""stall_epochs"": 20, ""arc_rule"": ""safe"", ""nbr_compat"": true, ""restart_mode"": ""full"", ""rec_mode"": ""adaptive"", ""rec_patience"": 2, ""checkpoints"": [10, 20]}",RCdp201_copts_s4_20261003-021512_wc10_t10
wc10_t10,copts,rcdp202,WC,4,10.0,3,1365.645,7365.645,3,1365.645031,7365.645031,0.0,TIE,8.26,7,2100,"{""stall_epochs"": 20, ""arc_rule"": ""safe"", ""nbr_compat"": true, ""restart_mode"": ""full"", ""rec_mode"": ""adaptive"", ""rec_patience"": 2, ""checkpoints"": [10, 20]}",RCdp202_copts_s4_20261003-021612_wc10_t10
wc10_t10,copts,rcdp203,WC,4,10.0,3,1050.6351,7050.6351,3,1049.624237,7049.624237,0.0143,worse,6.13,4,1200,"{""stall_epochs"": 20, ""arc_rule"": ""safe"", ""nbr_compat"": true, ""restart_mode"": ""full"", ""rec_mode"": ""adaptive"", ""rec_patience"": 2, ""checkpoints"": [10, 20]}",RCdp203_copts_s4_20261003-021712_wc10_t10
wc10_t10,copts,rcdp204,WC,4,10.0,3,799.1559,6799.1559,3,798.463581,6798.463581,0.0102,worse,4.71,4,1200,"{""stall_epochs"": 20, ""arc_rule"": ""safe"", ""nbr_compat"": true, ""restart_mode"": ""full"", ""rec_mode"": ""adaptive"", ""rec_patience"": 2, ""checkpoints"": [10, 20]}",RCdp204_copts_s4_20261003-021812_wc10_t10
wc10_t10,copts,rcdp205,WC,4,10.0,4,1297.6477,9297.6477,4,1297.647746,9297.647746,0.0,TIE,2.99,10,3000,"{""stall_epochs"": 20, ""arc_rule"": ""safe"", ""nbr_compat"": true, ""restart_mode"": ""full"", ""rec_mode"": ""adaptive"", ""rec_patience"": 2, ""checkpoints"": [10, 20]}",RCdp205_copts_s4_20261003-021912_wc10_t10
wc10_t10,copts,rcdp206,WC,4,10.0,3,1152.033,7152.033,3,1146.317229,7146.317229,0.08,worse,7.06,8,2400,"{""stall_epochs"": 20, ""arc_rule"": ""safe"", ""nbr_compat"": true, ""restart_mode"": ""full"", ""rec_mode"": ""adaptive"", ""rec_patience"": 2, ""checkpoints"": [10, 20]}",RCdp206_copts_s4_20261003-022013_wc10_t10
wc10_t10,copts,rcdp207,WC,4,10.0,3,1061.8415,7061.8415,3,1061.144555,7061.144555,0.0099,worse,7.7,5,1500,"{""stall_epochs"": 20, ""arc_rule"": ""safe"", ""nbr_compat"": true, ""restart_mode"": ""full"", ""rec_mode"": ""adaptive"", ""rec_patience"": 2, ""checkpoints"": [10, 20]}",RCdp207_copts_s4_20261003-022113_wc10_t10
wc10_t10,copts,rcdp208,WC,4,10.0,3,828.7091,6828.7091,3,828.141442,6828.141442,0.0083,worse,5.14,3,900,"{""stall_epochs"": 20, ""arc_rule"": ""safe"", ""nbr_compat"": true, ""restart_mode"": ""full"", ""rec_mode"": ""adaptive"", ""rec_patience"": 2, ""checkpoints"": [10, 20]}",RCdp208_copts_s4_20261003-022213_wc10_t10
wc10_t10,copts,cdp101,WC,5,10.0,11,976.0414,22976.0414,11,976.041384,22976.041384,0.0,TIE,0.58,35,10500,"{""stall_epochs"": 20, ""arc_rule"": ""safe"", ""nbr_compat"": true, ""restart_mode"": ""full"", ""rec_mode"": ""adaptive"", ""rec_patience"": 2, ""checkpoints"": [10, 20]}",Cdp101_copts_s5_20261003-022517_wc10_t10
wc10_t10,copts,cdp102,WC,5,10.0,10,941.485,20941.485,10,941.485039,20941.485039,0.0,TIE,1.35,15,4500,"{""stall_epochs"": 20, ""arc_rule"": ""safe"", ""nbr_compat"": true, ""restart_mode"": ""full"", ""rec_mode"": ""adaptive"", ""rec_patience"": 2, ""checkpoints"": [10, 20]}",Cdp102_copts_s5_20261003-022617_wc10_t10
wc10_t10,copts,cdp103,WC,5,10.0,10,892.9822,20892.9822,10,892.982246,20892.982246,-0.0,TIE,2.94,10,3000,"{""stall_epochs"": 20, ""arc_rule"": ""safe"", ""nbr_compat"": true, ""restart_mode"": ""full"", ""rec_mode"": ""adaptive"", ""rec_patience"": 2, ""checkpoints"": [10, 20]}",Cdp103_copts_s5_20261003-022717_wc10_t10
wc10_t10,copts,cdp104,WC,5,10.0,10,871.4032,20871.4032,10,871.403177,20871.403177,0.0,TIE,2.11,9,2700,"{""stall_epochs"": 20, ""arc_rule"": ""safe"", ""nbr_compat"": true, ""restart_mode"": ""full"", ""rec_mode"": ""adaptive"", ""rec_patience"": 2, ""checkpoints"": [10, 20]}",Cdp104_copts_s5_20261003-022817_wc10_t10
wc10_t10,copts,cdp105,WC,5,10.0,10,1053.1171,21053.1171,10,1053.117064,21053.117064,0.0,TIE,1.08,28,8400,"{""stall_epochs"": 20, ""arc_rule"": ""safe"", ""nbr_compat"": true, ""restart_mode"": ""full"", ""rec_mode"": ""adaptive"", ""rec_patience"": 2, ""checkpoints"": [10, 20]}",Cdp105_copts_s5_20261003-022917_wc10_t10
wc10_t10,copts,cdp106,WC,5,10.0,10,963.4525,20963.4525,10,963.452492,20963.452492,-0.0,TIE,9.13,26,7800,"{""stall_epochs"": 20, ""arc_rule"": ""safe"", ""nbr_compat"": true, ""restart_mode"": ""full"", ""rec_mode"": ""adaptive"", ""rec_patience"": 2, ""checkpoints"": [10, 20]}",Cdp106_copts_s5_20261003-023017_wc10_t10
wc10_t10,copts,cdp107,WC,5,10.0,10,987.6388,20987.6388,10,987.638782,20987.638782,-0.0,TIE,2.7,26,7800,"{""stall_epochs"": 20, ""arc_rule"": ""safe"", ""nbr_compat"": true, ""restart_mode"": ""full"", ""rec_mode"": ""adaptive"", ""rec_patience"": 2, ""checkpoints"": [10, 20]}",Cdp107_copts_s5_20261003-023117_wc10_t10
wc10_t10,copts,cdp108,WC,5,10.0,10,932.4947,20932.4947,10,932.494665,20932.494665,0.0,TIE,0.48,21,6300,"{""stall_epochs"": 20, ""arc_rule"": ""safe"", ""nbr_compat"": true, ""restart_mode"": ""full"", ""rec_mode"": ""adaptive"", ""rec_patience"": 2, ""checkpoints"": [10, 20]}",Cdp108_copts_s5_20261003-023218_wc10_t10
wc10_t10,copts,cdp109,WC,5,10.0,10,909.266,20909.266,10,909.26601,20909.26601,0.0,TIE,1.24,16,4800,"{""stall_epochs"": 20, ""arc_rule"": ""safe"", ""nbr_compat"": true, ""restart_mode"": ""full"", ""rec_mode"": ""adaptive"", ""rec_patience"": 2, ""checkpoints"": [10, 20]}",Cdp109_copts_s5_20261003-023318_wc10_t10
wc10_t10,copts,cdp201,WC,5,10.0,3,591.5566,6591.5566,3,591.556557,6591.556557,-0.0,TIE,0.27,38,11400,"{""stall_epochs"": 20, ""arc_rule"": ""safe"", ""nbr_compat"": true, ""restart_mode"": ""full"", ""rec_mode"": ""adaptive"", ""rec_patience"": 2, ""checkpoints"": [10, 20]}",Cdp201_copts_s5_20261003-023418_wc10_t10
wc10_t10,copts,cdp202,WC,5,10.0,3,591.5566,6591.5566,3,591.556557,6591.556557,-0.0,TIE,1.21,8,2400,"{""stall_epochs"": 20, ""arc_rule"": ""safe"", ""nbr_compat"": true, ""restart_mode"": ""full"", ""rec_mode"": ""adaptive"", ""rec_patience"": 2, ""checkpoints"": [10, 20]}",Cdp202_copts_s5_20261003-023518_wc10_t10
wc10_t10,copts,cdp203,WC,5,10.0,3,591.1734,6591.1734,3,591.173443,6591.173443,-0.0,TIE,1.74,5,1500,"{""stall_epochs"": 20, ""arc_rule"": ""safe"", ""nbr_compat"": true, ""restart_mode"": ""full"", ""rec_mode"": ""adaptive"", ""rec_patience"": 2, ""checkpoints"": [10, 20]}",Cdp203_copts_s5_20261003-023618_wc10_t10
wc10_t10,copts,cdp204,WC,5,10.0,3,590.5987,6590.5987,3,590.598746,6590.598746,-0.0,TIE,2.0,4,1200,"{""stall_epochs"": 20, ""arc_rule"": ""safe"", ""nbr_compat"": true, ""restart_mode"": ""full"", ""rec_mode"": ""adaptive"", ""rec_patience"": 2, ""checkpoints"": [10, 20]}",Cdp204_copts_s5_20261003-023718_wc10_t10
wc10_t10,copts,cdp205,WC,5,10.0,3,588.876,6588.876,3,588.875963,6588.875963,-0.0,TIE,0.47,21,6300,"{""stall_epochs"": 20, ""arc_rule"": ""safe"", ""nbr_compat"": true, ""restart_mode"": ""full"", ""rec_mode"": ""adaptive"", ""rec_patience"": 2, ""checkpoints"": [10, 20]}",Cdp205_copts_s5_20261003-023818_wc10_t10
wc10_t10,copts,cdp206,WC,5,10.0,3,588.4928,6588.4928,3,588.492849,6588.492849,-0.0,TIE,0.74,13,3900,"{""stall_epochs"": 20, ""arc_rule"": ""safe"", ""nbr_compat"": true, ""restart_mode"": ""full"", ""rec_mode"": ""adaptive"", ""rec_patience"": 2, ""checkpoints"": [10, 20]}",Cdp206_copts_s5_20261003-023918_wc10_t10
wc10_t10,copts,cdp207,WC,5,10.0,3,588.2863,6588.2863,3,588.286321,6588.286321,0.0,TIE,0.85,11,3300,"{""stall_epochs"": 20, ""arc_rule"": ""safe"", ""nbr_compat"": true, ""restart_mode"": ""full"", ""rec_mode"": ""adaptive"", ""rec_patience"": 2, ""checkpoints"": [10, 20]}",Cdp207_copts_s5_20261003-024018_wc10_t10
wc10_t10,copts,cdp208,WC,5,10.0,3,588.3238,6588.3238,3,588.323801,6588.323801,-0.0,TIE,0.9,11,3300,"{""stall_epochs"": 20, ""arc_rule"": ""safe"", ""nbr_compat"": true, ""restart_mode"": ""full"", ""rec_mode"": ""adaptive"", ""rec_patience"": 2, ""checkpoints"": [10, 20]}",Cdp208_copts_s5_20261003-024118_wc10_t10
wc10_t10,copts,rdp101,WC,5,10.0,19,1650.7992,39650.7992,19,1650.79924,39650.79924,-0.0,TIE,6.95,34,10200,"{""stall_epochs"": 20, ""arc_rule"": ""safe"", ""nbr_compat"": true, ""restart_mode"": ""full"", ""rec_mode"": ""adaptive"", ""rec_patience"": 2, ""checkpoints"": [10, 20]}",Rdp101_copts_s5_20261003-024219_wc10_t10
wc10_t10,copts,rdp102,WC,5,10.0,17,1486.1195,35486.1195,17,1486.119471,35486.119471,0.0,TIE,2.43,16,4800,"{""stall_epochs"": 20, ""arc_rule"": ""safe"", ""nbr_compat"": true, ""restart_mode"": ""full"", ""rec_mode"": ""adaptive"", ""rec_patience"": 2, ""checkpoints"": [10, 20]}",Rdp102_copts_s5_20261003-024319_wc10_t10
wc10_t10,copts,rdp103,WC,5,10.0,14,1213.6239,29213.6239,13,1294.639843,27294.639843,7.0306,worse,1.8,10,3000,"{""stall_epochs"": 20, ""arc_rule"": ""safe"", ""nbr_compat"": true, ""restart_mode"": ""full"", ""rec_mode"": ""adaptive"", ""rec_patience"": 2, ""checkpoints"": [10, 20]}",Rdp103_copts_s5_20261003-024419_wc10_t10
wc10_t10,copts,rdp104,WC,5,10.0,9,1017.2215,19017.2215,9,1026.417258,19026.417258,-0.0483,NEW_BEST,9.06,7,2100,"{""stall_epochs"": 20, ""arc_rule"": ""safe"", ""nbr_compat"": true, ""restart_mode"": ""full"", ""rec_mode"": ""adaptive"", ""rec_patience"": 2, ""checkpoints"": [10, 20]}",Rdp104_copts_s5_20261003-024519_wc10_t10
wc10_t10,copts,rdp105,WC,5,10.0,14,1377.111,29377.111,14,1377.111018,29377.111018,-0.0,TIE,0.87,23,6900,"{""stall_epochs"": 20, ""arc_rule"": ""safe"", ""nbr_compat"": true, ""restart_mode"": ""full"", ""rec_mode"": ""adaptive"", ""rec_patience"": 2, ""checkpoints"": [10, 20]}",Rdp105_copts_s5_20261003-024619_wc10_t10
wc10_t10,copts,rdp106,WC,5,10.0,12,1252.0307,25252.0307,12,1252.030746,25252.030746,-0.0,TIE,1.58,12,3600,"{""stall_epochs"": 20, ""arc_rule"": ""safe"", ""nbr_compat"": true, ""restart_mode"": ""full"", ""rec_mode"": ""adaptive"", ""rec_patience"": 2, ""checkpoints"": [10, 20]}",Rdp106_copts_s5_20261003-024719_wc10_t10
wc10_t10,copts,rdp107,WC,5,10.0,10,1115.3194,21115.3194,10,1112.551177,21112.551177,0.0131,worse,9.19,8,2400,"{""stall_epochs"": 20, ""arc_rule"": ""safe"", ""nbr_compat"": true, ""restart_mode"": ""full"", ""rec_mode"": ""adaptive"", ""rec_patience"": 2, ""checkpoints"": [10, 20]}",Rdp107_copts_s5_20261003-024819_wc10_t10
wc10_t10,copts,rdp108,WC,5,10.0,9,965.3436,18965.3436,9,965.217944,18965.217944,0.0007,worse,8.28,7,2100,"{""stall_epochs"": 20, ""arc_rule"": ""safe"", ""nbr_compat"": true, ""restart_mode"": ""full"", ""rec_mode"": ""adaptive"", ""rec_patience"": 2, ""checkpoints"": [10, 20]}",Rdp108_copts_s5_20261003-024919_wc10_t10
wc10_t10,copts,rdp109,WC,5,10.0,11,1194.7341,23194.7341,11,1194.734098,23194.734098,-0.0,TIE,4.05,14,4200,"{""stall_epochs"": 20, ""arc_rule"": ""safe"", ""nbr_compat"": true, ""restart_mode"": ""full"", ""rec_mode"": ""adaptive"", ""rec_patience"": 2, ""checkpoints"": [10, 20]}",Rdp109_copts_s5_20261003-025019_wc10_t10
wc10_t10,copts,rdp110,WC,5,10.0,10,1123.9156,21123.9156,10,1121.456956,21121.456956,0.0116,worse,7.28,9,2700,"{""stall_epochs"": 20, ""arc_rule"": ""safe"", ""nbr_compat"": true, ""restart_mode"": ""full"", ""rec_mode"": ""adaptive"", ""rec_patience"": 2, ""checkpoints"": [10, 20]}",Rdp110_copts_s5_20261003-025120_wc10_t10
wc10_t10,copts,rdp111,WC,5,10.0,10,1106.3002,21106.3002,10,1098.844288,21098.844288,0.0353,worse,6.49,9,2700,"{""stall_epochs"": 20, ""arc_rule"": ""safe"", ""nbr_compat"": true, ""restart_mode"": ""full"", ""rec_mode"": ""adaptive"", ""rec_patience"": 2, ""checkpoints"": [10, 20]}",Rdp111_copts_s5_20261003-025220_wc10_t10
wc10_t10,copts,rdp112,WC,5,10.0,9,1013.5466,19013.5466,9,997.264803,18997.264803,0.0857,worse,4.36,6,1800,"{""stall_epochs"": 20, ""arc_rule"": ""safe"", ""nbr_compat"": true, ""restart_mode"": ""full"", ""rec_mode"": ""adaptive"", ""rec_patience"": 2, ""checkpoints"": [10, 20]}",Rdp112_copts_s5_20261003-025320_wc10_t10
wc10_t10,copts,rdp201,WC,5,10.0,4,1252.3712,9252.3712,4,1252.371222,9252.371222,-0.0,TIE,1.81,15,4500,"{""stall_epochs"": 20, ""arc_rule"": ""safe"", ""nbr_compat"": true, ""restart_mode"": ""full"", ""rec_mode"": ""adaptive"", ""rec_patience"": 2, ""checkpoints"": [10, 20]}",Rdp201_copts_s5_20261003-025420_wc10_t10
wc10_t10,copts,rdp202,WC,5,10.0,3,1191.703,7191.703,3,1191.702969,7191.702969,-0.0,TIE,3.19,5,1500,"{""stall_epochs"": 20, ""arc_rule"": ""safe"", ""nbr_compat"": true, ""restart_mode"": ""full"", ""rec_mode"": ""adaptive"", ""rec_patience"": 2, ""checkpoints"": [10, 20]}",Rdp202_copts_s5_20261003-025520_wc10_t10
wc10_t10,copts,rdp203,WC,5,10.0,3,941.9963,6941.9963,3,939.50332,6939.50332,0.0359,worse,8.79,4,1200,"{""stall_epochs"": 20, ""arc_rule"": ""safe"", ""nbr_compat"": true, ""restart_mode"": ""full"", ""rec_mode"": ""adaptive"", ""rec_patience"": 2, ""checkpoints"": [10, 20]}",Rdp203_copts_s5_20261003-025620_wc10_t10
wc10_t10,copts,rdp204,WC,5,10.0,2,833.0913,4833.0913,2,825.519293,4825.519293,0.1569,worse,8.22,3,900,"{""stall_epochs"": 20, ""arc_rule"": ""safe"", ""nbr_compat"": true, ""restart_mode"": ""full"", ""rec_mode"": ""adaptive"", ""rec_patience"": 2, ""checkpoints"": [10, 20]}",Rdp204_copts_s5_20261003-025721_wc10_t10
wc10_t10,copts,rdp205,WC,5,10.0,3,994.4277,6994.4277,3,994.427657,6994.427657,-0.0,TIE,8.79,7,2100,"{""stall_epochs"": 20, ""arc_rule"": ""safe"", ""nbr_compat"": true, ""restart_mode"": ""full"", ""rec_mode"": ""adaptive"", ""rec_patience"": 2, ""checkpoints"": [10, 20]}",Rdp205_copts_s5_20261003-025821_wc10_t10
wc10_t10,copts,rdp206,WC,5,10.0,3,909.8186,6909.8186,3,906.142079,6906.142079,0.0532,worse,8.41,4,1200,"{""stall_epochs"": 20, ""arc_rule"": ""safe"", ""nbr_compat"": true, ""restart_mode"": ""full"", ""rec_mode"": ""adaptive"", ""rec_patience"": 2, ""checkpoints"": [10, 20]}",Rdp206_copts_s5_20261003-025921_wc10_t10
wc10_t10,copts,rdp207,WC,5,10.0,2,893.3276,4893.3276,2,890.608295,4890.608295,0.0556,worse,7.41,4,1200,"{""stall_epochs"": 20, ""arc_rule"": ""safe"", ""nbr_compat"": true, ""restart_mode"": ""full"", ""rec_mode"": ""adaptive"", ""rec_patience"": 2, ""checkpoints"": [10, 20]}",Rdp207_copts_s5_20261003-030021_wc10_t10
wc10_t10,copts,rdp208,WC,5,10.0,2,726.8228,4726.8228,2,726.822786,4726.822786,-0.0,TIE,9.38,3,900,"{""stall_epochs"": 20, ""arc_rule"": ""safe"", ""nbr_compat"": true, ""restart_mode"": ""full"", ""rec_mode"": ""adaptive"", ""rec_patience"": 2, ""checkpoints"": [10, 20]}",Rdp208_copts_s5_20261003-030121_wc10_t10
wc10_t10,copts,rdp209,WC,5,10.0,3,909.1634,6909.1634,3,909.163356,6909.163356,0.0,TIE,9.19,5,1500,"{""stall_epochs"": 20, ""arc_rule"": ""safe"", ""nbr_compat"": true, ""restart_mode"": ""full"", ""rec_mode"": ""adaptive"", ""rec_patience"": 2, ""checkpoints"": [10, 20]}",Rdp209_copts_s5_20261003-030222_wc10_t10
wc10_t10,copts,rdp210,WC,5,10.0,3,939.3727,6939.3727,3,939.37268,6939.37268,0.0,TIE,4.0,4,1200,"{""stall_epochs"": 20, ""arc_rule"": ""safe"", ""nbr_compat"": true, ""restart_mode"": ""full"", ""rec_mode"": ""adaptive"", ""rec_patience"": 2, ""checkpoints"": [10, 20]}",Rdp210_copts_s5_20261003-030322_wc10_t10
wc10_t10,copts,rdp211,WC,5,10.0,2,898.0637,4898.0637,2,885.71139,4885.71139,0.2528,worse,2.64,3,900,"{""stall_epochs"": 20, ""arc_rule"": ""safe"", ""nbr_compat"": true, ""restart_mode"": ""full"", ""rec_mode"": ""adaptive"", ""rec_patience"": 2, ""checkpoints"": [10, 20]}",Rdp211_copts_s5_20261003-030422_wc10_t10
wc10_t10,copts,rcdp101,WC,5,10.0,14,1708.2099,29708.2099,14,1708.209858,29708.209858,-0.0,TIE,1.6,25,7500,"{""stall_epochs"": 20, ""arc_rule"": ""safe"", ""nbr_compat"": true, ""restart_mode"": ""full"", ""rec_mode"": ""adaptive"", ""rec_patience"": 2, ""checkpoints"": [10, 20]}",RCdp101_copts_s5_20261003-030522_wc10_t10
wc10_t10,copts,rcdp102,WC,5,10.0,12,1570.2804,25570.2804,12,1570.280395,25570.280395,-0.0,TIE,4.38,13,3900,"{""stall_epochs"": 20, ""arc_rule"": ""safe"", ""nbr_compat"": true, ""restart_mode"": ""full"", ""rec_mode"": ""adaptive"", ""rec_patience"": 2, ""checkpoints"": [10, 20]}",RCdp102_copts_s5_20261003-030622_wc10_t10
wc10_t10,copts,rcdp103,WC,5,10.0,11,1282.5279,23282.5279,11,1282.527877,23282.527877,-0.0,TIE,6.19,9,2700,"{""stall_epochs"": 20, ""arc_rule"": ""safe"", ""nbr_compat"": true, ""restart_mode"": ""full"", ""rec_mode"": ""adaptive"", ""rec_patience"": 2, ""checkpoints"": [10, 20]}",RCdp103_copts_s5_20261003-030722_wc10_t10
wc10_t10,copts,rcdp104,WC,5,10.0,10,1171.3664,21171.3664,10,1171.366445,21171.366445,-0.0,TIE,4.86,8,2400,"{""stall_epochs"": 20, ""arc_rule"": ""safe"", ""nbr_compat"": true, ""restart_mode"": ""full"", ""rec_mode"": ""adaptive"", ""rec_patience"": 2, ""checkpoints"": [10, 20]}",RCdp104_copts_s5_20261003-030823_wc10_t10
wc10_t10,copts,rcdp105,WC,5,10.0,13,1632.2912,27632.2912,13,1632.291239,27632.291239,0.0,TIE,8.24,15,4500,"{""stall_epochs"": 20, ""arc_rule"": ""safe"", ""nbr_compat"": true, ""restart_mode"": ""full"", ""rec_mode"": ""adaptive"", ""rec_patience"": 2, ""checkpoints"": [10, 20]}",RCdp105_copts_s5_20261003-030923_wc10_t10
wc10_t10,copts,rcdp106,WC,5,10.0,12,1392.4719,25392.4719,12,1392.471942,25392.471942,0.0,TIE,1.95,15,4500,"{""stall_epochs"": 20, ""arc_rule"": ""safe"", ""nbr_compat"": true, ""restart_mode"": ""full"", ""rec_mode"": ""adaptive"", ""rec_patience"": 2, ""checkpoints"": [10, 20]}",RCdp106_copts_s5_20261003-031023_wc10_t10
wc10_t10,copts,rcdp107,WC,5,10.0,11,1255.0629,23255.0629,11,1252.790063,23252.790063,0.0098,worse,9.53,9,2700,"{""stall_epochs"": 20, ""arc_rule"": ""safe"", ""nbr_compat"": true, ""restart_mode"": ""full"", ""rec_mode"": ""adaptive"", ""rec_patience"": 2, ""checkpoints"": [10, 20]}",RCdp107_copts_s5_20261003-031123_wc10_t10
wc10_t10,copts,rcdp108,WC,5,10.0,10,1178.5853,21178.5853,10,1177.984574,21177.984574,0.0028,worse,7.53,7,2100,"{""stall_epochs"": 20, ""arc_rule"": ""safe"", ""nbr_compat"": true, ""restart_mode"": ""full"", ""rec_mode"": ""adaptive"", ""rec_patience"": 2, ""checkpoints"": [10, 20]}",RCdp108_copts_s5_20261003-031223_wc10_t10
wc10_t10,copts,rcdp201,WC,5,10.0,4,1406.9401,9406.9401,4,1406.940088,9406.940088,-0.0,TIE,2.38,16,4800,"{""stall_epochs"": 20, ""arc_rule"": ""safe"", ""nbr_compat"": true, ""restart_mode"": ""full"", ""rec_mode"": ""adaptive"", ""rec_patience"": 2, ""checkpoints"": [10, 20]}",RCdp201_copts_s5_20261003-031323_wc10_t10
wc10_t10,copts,rcdp202,WC,5,10.0,3,1365.645,7365.645,3,1365.645031,7365.645031,0.0,TIE,2.66,7,2100,"{""stall_epochs"": 20, ""arc_rule"": ""safe"", ""nbr_compat"": true, ""restart_mode"": ""full"", ""rec_mode"": ""adaptive"", ""rec_patience"": 2, ""checkpoints"": [10, 20]}",RCdp202_copts_s5_20261003-031423_wc10_t10
wc10_t10,copts,rcdp203,WC,5,10.0,3,1050.478,7050.478,3,1049.624237,7049.624237,0.0121,worse,8.26,4,1200,"{""stall_epochs"": 20, ""arc_rule"": ""safe"", ""nbr_compat"": true, ""restart_mode"": ""full"", ""rec_mode"": ""adaptive"", ""rec_patience"": 2, ""checkpoints"": [10, 20]}",RCdp203_copts_s5_20261003-031523_wc10_t10
wc10_t10,copts,rcdp204,WC,5,10.0,3,798.4636,6798.4636,3,798.463581,6798.463581,-0.0,TIE,9.49,4,1200,"{""stall_epochs"": 20, ""arc_rule"": ""safe"", ""nbr_compat"": true, ""restart_mode"": ""full"", ""rec_mode"": ""adaptive"", ""rec_patience"": 2, ""checkpoints"": [10, 20]}",RCdp204_copts_s5_20261003-031623_wc10_t10
wc10_t10,copts,rcdp205,WC,5,10.0,4,1297.6477,9297.6477,4,1297.647746,9297.647746,0.0,TIE,4.06,10,3000,"{""stall_epochs"": 20, ""arc_rule"": ""safe"", ""nbr_compat"": true, ""restart_mode"": ""full"", ""rec_mode"": ""adaptive"", ""rec_patience"": 2, ""checkpoints"": [10, 20]}",RCdp205_copts_s5_20261003-031724_wc10_t10
wc10_t10,copts,rcdp206,WC,5,10.0,3,1146.3172,7146.3172,3,1146.317229,7146.317229,0.0,TIE,8.36,8,2400,"{""stall_epochs"": 20, ""arc_rule"": ""safe"", ""nbr_compat"": true, ""restart_mode"": ""full"", ""rec_mode"": ""adaptive"", ""rec_patience"": 2, ""checkpoints"": [10, 20]}",RCdp206_copts_s5_20261003-031824_wc10_t10
wc10_t10,copts,rcdp207,WC,5,10.0,3,1061.1446,7061.1446,3,1061.144555,7061.144555,0.0,TIE,9.56,5,1500,"{""stall_epochs"": 20, ""arc_rule"": ""safe"", ""nbr_compat"": true, ""restart_mode"": ""full"", ""rec_mode"": ""adaptive"", ""rec_patience"": 2, ""checkpoints"": [10, 20]}",RCdp207_copts_s5_20261003-031924_wc10_t10
wc10_t10,copts,rcdp208,WC,5,10.0,3,830.0564,6830.0564,3,828.141442,6828.141442,0.028,worse,7.73,3,900,"{""stall_epochs"": 20, ""arc_rule"": ""safe"", ""nbr_compat"": true, ""restart_mode"": ""full"", ""rec_mode"": ""adaptive"", ""rec_patience"": 2, ""checkpoints"": [10, 20]}",RCdp208_copts_s5_20261003-032024_wc10_t10
wc10_t10,copts,cdp101,WC,6,10.0,11,976.0414,22976.0414,11,976.041384,22976.041384,0.0,TIE,0.58,35,10500,"{""stall_epochs"": 20, ""arc_rule"": ""safe"", ""nbr_compat"": true, ""restart_mode"": ""full"", ""rec_mode"": ""adaptive"", ""rec_patience"": 2, ""checkpoints"": [10, 20]}",Cdp101_copts_s6_20261003-032328_wc10_t10
wc10_t10,copts,cdp102,WC,6,10.0,10,941.485,20941.485,10,941.485039,20941.485039,0.0,TIE,1.32,14,4200,"{""stall_epochs"": 20, ""arc_rule"": ""safe"", ""nbr_compat"": true, ""restart_mode"": ""full"", ""rec_mode"": ""adaptive"", ""rec_patience"": 2, ""checkpoints"": [10, 20]}",Cdp102_copts_s6_20261003-032428_wc10_t10
wc10_t10,copts,cdp103,WC,6,10.0,10,892.9822,20892.9822,10,892.982246,20892.982246,-0.0,TIE,8.73,10,3000,"{""stall_epochs"": 20, ""arc_rule"": ""safe"", ""nbr_compat"": true, ""restart_mode"": ""full"", ""rec_mode"": ""adaptive"", ""rec_patience"": 2, ""checkpoints"": [10, 20]}",Cdp103_copts_s6_20261003-032528_wc10_t10
wc10_t10,copts,cdp104,WC,6,10.0,10,871.4032,20871.4032,10,871.403177,20871.403177,0.0,TIE,3.19,9,2700,"{""stall_epochs"": 20, ""arc_rule"": ""safe"", ""nbr_compat"": true, ""restart_mode"": ""full"", ""rec_mode"": ""adaptive"", ""rec_patience"": 2, ""checkpoints"": [10, 20]}",Cdp104_copts_s6_20261003-032628_wc10_t10
wc10_t10,copts,cdp105,WC,6,10.0,10,1053.1171,21053.1171,10,1053.117064,21053.117064,0.0,TIE,0.69,28,8400,"{""stall_epochs"": 20, ""arc_rule"": ""safe"", ""nbr_compat"": true, ""restart_mode"": ""full"", ""rec_mode"": ""adaptive"", ""rec_patience"": 2, ""checkpoints"": [10, 20]}",Cdp105_copts_s6_20261003-032728_wc10_t10
wc10_t10,copts,cdp106,WC,6,10.0,10,963.4525,20963.4525,10,963.452492,20963.452492,-0.0,TIE,0.4,26,7800,"{""stall_epochs"": 20, ""arc_rule"": ""safe"", ""nbr_compat"": true, ""restart_mode"": ""full"", ""rec_mode"": ""adaptive"", ""rec_patience"": 2, ""checkpoints"": [10, 20]}",Cdp106_copts_s6_20261003-032828_wc10_t10
wc10_t10,copts,cdp107,WC,6,10.0,10,987.6388,20987.6388,10,987.638782,20987.638782,-0.0,TIE,0.77,26,7800,"{""stall_epochs"": 20, ""arc_rule"": ""safe"", ""nbr_compat"": true, ""restart_mode"": ""full"", ""rec_mode"": ""adaptive"", ""rec_patience"": 2, ""checkpoints"": [10, 20]}",Cdp107_copts_s6_20261003-032928_wc10_t10
wc10_t10,copts,cdp108,WC,6,10.0,10,932.4947,20932.4947,10,932.494665,20932.494665,0.0,TIE,0.49,21,6300,"{""stall_epochs"": 20, ""arc_rule"": ""safe"", ""nbr_compat"": true, ""restart_mode"": ""full"", ""rec_mode"": ""adaptive"", ""rec_patience"": 2, ""checkpoints"": [10, 20]}",Cdp108_copts_s6_20261003-033029_wc10_t10
wc10_t10,copts,cdp109,WC,6,10.0,10,909.266,20909.266,10,909.26601,20909.26601,0.0,TIE,0.63,16,4800,"{""stall_epochs"": 20, ""arc_rule"": ""safe"", ""nbr_compat"": true, ""restart_mode"": ""full"", ""rec_mode"": ""adaptive"", ""rec_patience"": 2, ""checkpoints"": [10, 20]}",Cdp109_copts_s6_20261003-033129_wc10_t10
wc10_t10,copts,cdp201,WC,6,10.0,3,591.5566,6591.5566,3,591.556557,6591.556557,-0.0,TIE,0.27,38,11400,"{""stall_epochs"": 20, ""arc_rule"": ""safe"", ""nbr_compat"": true, ""restart_mode"": ""full"", ""rec_mode"": ""adaptive"", ""rec_patience"": 2, ""checkpoints"": [10, 20]}",Cdp201_copts_s6_20261003-033229_wc10_t10
wc10_t10,copts,cdp202,WC,6,10.0,3,591.5566,6591.5566,3,591.556557,6591.556557,-0.0,TIE,1.2,8,2400,"{""stall_epochs"": 20, ""arc_rule"": ""safe"", ""nbr_compat"": true, ""restart_mode"": ""full"", ""rec_mode"": ""adaptive"", ""rec_patience"": 2, ""checkpoints"": [10, 20]}",Cdp202_copts_s6_20261003-033329_wc10_t10
wc10_t10,copts,cdp203,WC,6,10.0,3,591.1734,6591.1734,3,591.173443,6591.173443,-0.0,TIE,1.75,5,1500,"{""stall_epochs"": 20, ""arc_rule"": ""safe"", ""nbr_compat"": true, ""restart_mode"": ""full"", ""rec_mode"": ""adaptive"", ""rec_patience"": 2, ""checkpoints"": [10, 20]}",Cdp203_copts_s6_20261003-033429_wc10_t10
wc10_t10,copts,cdp204,WC,6,10.0,3,590.5987,6590.5987,3,590.598746,6590.598746,-0.0,TIE,1.97,4,1200,"{""stall_epochs"": 20, ""arc_rule"": ""safe"", ""nbr_compat"": true, ""restart_mode"": ""full"", ""rec_mode"": ""adaptive"", ""rec_patience"": 2, ""checkpoints"": [10, 20]}",Cdp204_copts_s6_20261003-033529_wc10_t10
wc10_t10,copts,cdp205,WC,6,10.0,3,588.876,6588.876,3,588.875963,6588.875963,-0.0,TIE,0.47,21,6300,"{""stall_epochs"": 20, ""arc_rule"": ""safe"", ""nbr_compat"": true, ""restart_mode"": ""full"", ""rec_mode"": ""adaptive"", ""rec_patience"": 2, ""checkpoints"": [10, 20]}",Cdp205_copts_s6_20261003-033629_wc10_t10
wc10_t10,copts,cdp206,WC,6,10.0,3,588.4928,6588.4928,3,588.492849,6588.492849,-0.0,TIE,0.73,13,3900,"{""stall_epochs"": 20, ""arc_rule"": ""safe"", ""nbr_compat"": true, ""restart_mode"": ""full"", ""rec_mode"": ""adaptive"", ""rec_patience"": 2, ""checkpoints"": [10, 20]}",Cdp206_copts_s6_20261003-033729_wc10_t10
wc10_t10,copts,cdp207,WC,6,10.0,3,588.2863,6588.2863,3,588.286321,6588.286321,0.0,TIE,0.86,11,3300,"{""stall_epochs"": 20, ""arc_rule"": ""safe"", ""nbr_compat"": true, ""restart_mode"": ""full"", ""rec_mode"": ""adaptive"", ""rec_patience"": 2, ""checkpoints"": [10, 20]}",Cdp207_copts_s6_20261003-033830_wc10_t10
wc10_t10,copts,cdp208,WC,6,10.0,3,588.3238,6588.3238,3,588.323801,6588.323801,-0.0,TIE,0.9,11,3300,"{""stall_epochs"": 20, ""arc_rule"": ""safe"", ""nbr_compat"": true, ""restart_mode"": ""full"", ""rec_mode"": ""adaptive"", ""rec_patience"": 2, ""checkpoints"": [10, 20]}",Cdp208_copts_s6_20261003-033930_wc10_t10
wc10_t10,copts,rdp101,WC,6,10.0,19,1650.7992,39650.7992,19,1650.79924,39650.79924,-0.0,TIE,0.61,34,10200,"{""stall_epochs"": 20, ""arc_rule"": ""safe"", ""nbr_compat"": true, ""restart_mode"": ""full"", ""rec_mode"": ""adaptive"", ""rec_patience"": 2, ""checkpoints"": [10, 20]}",Rdp101_copts_s6_20261003-034030_wc10_t10
wc10_t10,copts,rdp102,WC,6,10.0,17,1486.1195,35486.1195,17,1486.119471,35486.119471,0.0,TIE,1.86,16,4800,"{""stall_epochs"": 20, ""arc_rule"": ""safe"", ""nbr_compat"": true, ""restart_mode"": ""full"", ""rec_mode"": ""adaptive"", ""rec_patience"": 2, ""checkpoints"": [10, 20]}",Rdp102_copts_s6_20261003-034130_wc10_t10
wc10_t10,copts,rdp103,WC,6,10.0,13,1294.6398,27294.6398,13,1294.639843,27294.639843,0.0,TIE,4.6,10,3000,"{""stall_epochs"": 20, ""arc_rule"": ""safe"", ""nbr_compat"": true, ""restart_mode"": ""full"", ""rec_mode"": ""adaptive"", ""rec_patience"": 2, ""checkpoints"": [10, 20]}",Rdp103_copts_s6_20261003-034230_wc10_t10
wc10_t10,copts,rdp104,WC,6,10.0,9,1017.2215,19017.2215,9,1026.417258,19026.417258,-0.0483,NEW_BEST,8.96,7,2100,"{""stall_epochs"": 20, ""arc_rule"": ""safe"", ""nbr_compat"": true, ""restart_mode"": ""full"", ""rec_mode"": ""adaptive"", ""rec_patience"": 2, ""checkpoints"": [10, 20]}",Rdp104_copts_s6_20261003-034330_wc10_t10
wc10_t10,copts,rdp105,WC,6,10.0,14,1377.111,29377.111,14,1377.111018,29377.111018,-0.0,TIE,0.86,23,6900,"{""stall_epochs"": 20, ""arc_rule"": ""safe"", ""nbr_compat"": true, ""restart_mode"": ""full"", ""rec_mode"": ""adaptive"", ""rec_patience"": 2, ""checkpoints"": [10, 20]}",Rdp105_copts_s6_20261003-034430_wc10_t10
wc10_t10,copts,rdp106,WC,6,10.0,12,1252.0307,25252.0307,12,1252.030746,25252.030746,-0.0,TIE,0.81,12,3600,"{""stall_epochs"": 20, ""arc_rule"": ""safe"", ""nbr_compat"": true, ""restart_mode"": ""full"", ""rec_mode"": ""adaptive"", ""rec_patience"": 2, ""checkpoints"": [10, 20]}",Rdp106_copts_s6_20261003-034530_wc10_t10
wc10_t10,copts,rdp107,WC,6,10.0,10,1112.5512,21112.5512,10,1112.551177,21112.551177,0.0,TIE,9.08,8,2400,"{""stall_epochs"": 20, ""arc_rule"": ""safe"", ""nbr_compat"": true, ""restart_mode"": ""full"", ""rec_mode"": ""adaptive"", ""rec_patience"": 2, ""checkpoints"": [10, 20]}",Rdp107_copts_s6_20261003-034630_wc10_t10
wc10_t10,copts,rdp108,WC,6,10.0,9,965.2179,18965.2179,9,965.217944,18965.217944,-0.0,TIE,9.68,7,2100,"{""stall_epochs"": 20, ""arc_rule"": ""safe"", ""nbr_compat"": true, ""restart_mode"": ""full"", ""rec_mode"": ""adaptive"", ""rec_patience"": 2, ""checkpoints"": [10, 20]}",Rdp108_copts_s6_20261003-034730_wc10_t10
wc10_t10,copts,rdp109,WC,6,10.0,11,1194.7341,23194.7341,11,1194.734098,23194.734098,-0.0,TIE,3.36,14,4200,"{""stall_epochs"": 20, ""arc_rule"": ""safe"", ""nbr_compat"": true, ""restart_mode"": ""full"", ""rec_mode"": ""adaptive"", ""rec_patience"": 2, ""checkpoints"": [10, 20]}",Rdp109_copts_s6_20261003-034831_wc10_t10
wc10_t10,copts,rdp110,WC,6,10.0,10,1123.9156,21123.9156,10,1121.456956,21121.456956,0.0116,worse,6.18,9,2700,"{""stall_epochs"": 20, ""arc_rule"": ""safe"", ""nbr_compat"": true, ""restart_mode"": ""full"", ""rec_mode"": ""adaptive"", ""rec_patience"": 2, ""checkpoints"": [10, 20]}",Rdp110_copts_s6_20261003-034931_wc10_t10
wc10_t10,copts,rdp111,WC,6,10.0,10,1098.8443,21098.8443,10,1098.844288,21098.844288,0.0,TIE,8.7,9,2700,"{""stall_epochs"": 20, ""arc_rule"": ""safe"", ""nbr_compat"": true, ""restart_mode"": ""full"", ""rec_mode"": ""adaptive"", ""rec_patience"": 2, ""checkpoints"": [10, 20]}",Rdp111_copts_s6_20261003-035031_wc10_t10
wc10_t10,copts,rdp112,WC,6,10.0,9,1003.3466,19003.3466,9,997.264803,18997.264803,0.032,worse,8.54,7,2100,"{""stall_epochs"": 20, ""arc_rule"": ""safe"", ""nbr_compat"": true, ""restart_mode"": ""full"", ""rec_mode"": ""adaptive"", ""rec_patience"": 2, ""checkpoints"": [10, 20]}",Rdp112_copts_s6_20261003-035131_wc10_t10
wc10_t10,copts,rdp201,WC,6,10.0,4,1252.3712,9252.3712,4,1252.371222,9252.371222,-0.0,TIE,3.8,15,4500,"{""stall_epochs"": 20, ""arc_rule"": ""safe"", ""nbr_compat"": true, ""restart_mode"": ""full"", ""rec_mode"": ""adaptive"", ""rec_patience"": 2, ""checkpoints"": [10, 20]}",Rdp201_copts_s6_20261003-035231_wc10_t10
wc10_t10,copts,rdp202,WC,6,10.0,3,1191.703,7191.703,3,1191.702969,7191.702969,-0.0,TIE,3.13,6,1800,"{""stall_epochs"": 20, ""arc_rule"": ""safe"", ""nbr_compat"": true, ""restart_mode"": ""full"", ""rec_mode"": ""adaptive"", ""rec_patience"": 2, ""checkpoints"": [10, 20]}",Rdp202_copts_s6_20261003-035331_wc10_t10
wc10_t10,copts,rdp203,WC,6,10.0,3,939.5033,6939.5033,3,939.50332,6939.50332,-0.0,TIE,6.54,4,1200,"{""stall_epochs"": 20, ""arc_rule"": ""safe"", ""nbr_compat"": true, ""restart_mode"": ""full"", ""rec_mode"": ""adaptive"", ""rec_patience"": 2, ""checkpoints"": [10, 20]}",Rdp203_copts_s6_20261003-035431_wc10_t10
wc10_t10,copts,rdp204,WC,6,10.0,2,830.0754,4830.0754,2,825.519293,4825.519293,0.0944,worse,8.19,3,900,"{""stall_epochs"": 20, ""arc_rule"": ""safe"", ""nbr_compat"": true, ""restart_mode"": ""full"", ""rec_mode"": ""adaptive"", ""rec_patience"": 2, ""checkpoints"": [10, 20]}",Rdp204_copts_s6_20261003-035531_wc10_t10
wc10_t10,copts,rdp205,WC,6,10.0,3,994.4277,6994.4277,3,994.427657,6994.427657,-0.0,TIE,5.97,8,2400,"{""stall_epochs"": 20, ""arc_rule"": ""safe"", ""nbr_compat"": true, ""restart_mode"": ""full"", ""rec_mode"": ""adaptive"", ""rec_patience"": 2, ""checkpoints"": [10, 20]}",Rdp205_copts_s6_20261003-035631_wc10_t10
wc10_t10,copts,rdp206,WC,6,10.0,3,913.2831,6913.2831,3,906.142079,6906.142079,0.1034,worse,6.22,4,1200,"{""stall_epochs"": 20, ""arc_rule"": ""safe"", ""nbr_compat"": true, ""restart_mode"": ""full"", ""rec_mode"": ""adaptive"", ""rec_patience"": 2, ""checkpoints"": [10, 20]}",Rdp206_copts_s6_20261003-035732_wc10_t10
wc10_t10,copts,rdp207,WC,6,10.0,2,893.6617,4893.6617,2,890.608295,4890.608295,0.0624,worse,9.91,4,1200,"{""stall_epochs"": 20, ""arc_rule"": ""safe"", ""nbr_compat"": true, ""restart_mode"": ""full"", ""rec_mode"": ""adaptive"", ""rec_patience"": 2, ""checkpoints"": [10, 20]}",Rdp207_copts_s6_20261003-035832_wc10_t10
wc10_t10,copts,rdp208,WC,6,10.0,2,726.8228,4726.8228,2,726.822786,4726.822786,-0.0,TIE,9.36,3,900,"{""stall_epochs"": 20, ""arc_rule"": ""safe"", ""nbr_compat"": true, ""restart_mode"": ""full"", ""rec_mode"": ""adaptive"", ""rec_patience"": 2, ""checkpoints"": [10, 20]}",Rdp208_copts_s6_20261003-035932_wc10_t10
wc10_t10,copts,rdp209,WC,6,10.0,3,909.7024,6909.7024,3,909.163356,6909.163356,0.0078,worse,7.3,5,1500,"{""stall_epochs"": 20, ""arc_rule"": ""safe"", ""nbr_compat"": true, ""restart_mode"": ""full"", ""rec_mode"": ""adaptive"", ""rec_patience"": 2, ""checkpoints"": [10, 20]}",Rdp209_copts_s6_20261003-040032_wc10_t10
wc10_t10,copts,rdp210,WC,6,10.0,3,939.3727,6939.3727,3,939.37268,6939.37268,0.0,TIE,6.03,4,1200,"{""stall_epochs"": 20, ""arc_rule"": ""safe"", ""nbr_compat"": true, ""restart_mode"": ""full"", ""rec_mode"": ""adaptive"", ""rec_patience"": 2, ""checkpoints"": [10, 20]}",Rdp210_copts_s6_20261003-040133_wc10_t10
wc10_t10,copts,rdp211,WC,6,10.0,2,917.4207,4917.4207,2,885.71139,4885.71139,0.649,worse,7.98,3,900,"{""stall_epochs"": 20, ""arc_rule"": ""safe"", ""nbr_compat"": true, ""restart_mode"": ""full"", ""rec_mode"": ""adaptive"", ""rec_patience"": 2, ""checkpoints"": [10, 20]}",Rdp211_copts_s6_20261003-040233_wc10_t10
wc10_t10,copts,rcdp101,WC,6,10.0,14,1708.2099,29708.2099,14,1708.209858,29708.209858,-0.0,TIE,1.65,25,7500,"{""stall_epochs"": 20, ""arc_rule"": ""safe"", ""nbr_compat"": true, ""restart_mode"": ""full"", ""rec_mode"": ""adaptive"", ""rec_patience"": 2, ""checkpoints"": [10, 20]}",RCdp101_copts_s6_20261003-040333_wc10_t10
wc10_t10,copts,rcdp102,WC,6,10.0,12,1570.2804,25570.2804,12,1570.280395,25570.280395,-0.0,TIE,2.94,13,3900,"{""stall_epochs"": 20, ""arc_rule"": ""safe"", ""nbr_compat"": true, ""restart_mode"": ""full"", ""rec_mode"": ""adaptive"", ""rec_patience"": 2, ""checkpoints"": [10, 20]}",RCdp102_copts_s6_20261003-040433_wc10_t10
wc10_t10,copts,rcdp103,WC,6,10.0,11,1282.5279,23282.5279,11,1282.527877,23282.527877,-0.0,TIE,4.09,9,2700,"{""stall_epochs"": 20, ""arc_rule"": ""safe"", ""nbr_compat"": true, ""restart_mode"": ""full"", ""rec_mode"": ""adaptive"", ""rec_patience"": 2, ""checkpoints"": [10, 20]}",RCdp103_copts_s6_20261003-040533_wc10_t10
wc10_t10,copts,rcdp104,WC,6,10.0,10,1171.3664,21171.3664,10,1171.366445,21171.366445,-0.0,TIE,3.52,8,2400,"{""stall_epochs"": 20, ""arc_rule"": ""safe"", ""nbr_compat"": true, ""restart_mode"": ""full"", ""rec_mode"": ""adaptive"", ""rec_patience"": 2, ""checkpoints"": [10, 20]}",RCdp104_copts_s6_20261003-040633_wc10_t10
wc10_t10,copts,rcdp105,WC,6,10.0,13,1643.8432,27643.8432,13,1632.291239,27632.291239,0.0418,worse,6.93,15,4500,"{""stall_epochs"": 20, ""arc_rule"": ""safe"", ""nbr_compat"": true, ""restart_mode"": ""full"", ""rec_mode"": ""adaptive"", ""rec_patience"": 2, ""checkpoints"": [10, 20]}",RCdp105_copts_s6_20261003-040733_wc10_t10
wc10_t10,copts,rcdp106,WC,6,10.0,12,1392.4719,25392.4719,12,1392.471942,25392.471942,0.0,TIE,1.96,15,4500,"{""stall_epochs"": 20, ""arc_rule"": ""safe"", ""nbr_compat"": true, ""restart_mode"": ""full"", ""rec_mode"": ""adaptive"", ""rec_patience"": 2, ""checkpoints"": [10, 20]}",RCdp106_copts_s6_20261003-040833_wc10_t10
wc10_t10,copts,rcdp107,WC,6,10.0,11,1253.4471,23253.4471,11,1252.790063,23252.790063,0.0028,worse,8.45,9,2700,"{""stall_epochs"": 20, ""arc_rule"": ""safe"", ""nbr_compat"": true, ""restart_mode"": ""full"", ""rec_mode"": ""adaptive"", ""rec_patience"": 2, ""checkpoints"": [10, 20]}",RCdp107_copts_s6_20261003-040934_wc10_t10
wc10_t10,copts,rcdp108,WC,6,10.0,10,1177.9846,21177.9846,10,1177.984574,21177.984574,0.0,TIE,8.79,7,2100,"{""stall_epochs"": 20, ""arc_rule"": ""safe"", ""nbr_compat"": true, ""restart_mode"": ""full"", ""rec_mode"": ""adaptive"", ""rec_patience"": 2, ""checkpoints"": [10, 20]}",RCdp108_copts_s6_20261003-041034_wc10_t10
wc10_t10,copts,rcdp201,WC,6,10.0,4,1406.9401,9406.9401,4,1406.940088,9406.940088,-0.0,TIE,2.95,16,4800,"{""stall_epochs"": 20, ""arc_rule"": ""safe"", ""nbr_compat"": true, ""restart_mode"": ""full"", ""rec_mode"": ""adaptive"", ""rec_patience"": 2, ""checkpoints"": [10, 20]}",RCdp201_copts_s6_20261003-041134_wc10_t10
wc10_t10,copts,rcdp202,WC,6,10.0,3,1365.645,7365.645,3,1365.645031,7365.645031,0.0,TIE,5.42,7,2100,"{""stall_epochs"": 20, ""arc_rule"": ""safe"", ""nbr_compat"": true, ""restart_mode"": ""full"", ""rec_mode"": ""adaptive"", ""rec_patience"": 2, ""checkpoints"": [10, 20]}",RCdp202_copts_s6_20261003-041234_wc10_t10
wc10_t10,copts,rcdp203,WC,6,10.0,3,1050.451,7050.451,3,1049.624237,7049.624237,0.0117,worse,8.16,4,1200,"{""stall_epochs"": 20, ""arc_rule"": ""safe"", ""nbr_compat"": true, ""restart_mode"": ""full"", ""rec_mode"": ""adaptive"", ""rec_patience"": 2, ""checkpoints"": [10, 20]}",RCdp203_copts_s6_20261003-041334_wc10_t10
wc10_t10,copts,rcdp204,WC,6,10.0,3,798.5632,6798.5632,3,798.463581,6798.463581,0.0015,worse,9.38,4,1200,"{""stall_epochs"": 20, ""arc_rule"": ""safe"", ""nbr_compat"": true, ""restart_mode"": ""full"", ""rec_mode"": ""adaptive"", ""rec_patience"": 2, ""checkpoints"": [10, 20]}",RCdp204_copts_s6_20261003-041434_wc10_t10
wc10_t10,copts,rcdp205,WC,6,10.0,4,1297.6477,9297.6477,4,1297.647746,9297.647746,0.0,TIE,1.99,10,3000,"{""stall_epochs"": 20, ""arc_rule"": ""safe"", ""nbr_compat"": true, ""restart_mode"": ""full"", ""rec_mode"": ""adaptive"", ""rec_patience"": 2, ""checkpoints"": [10, 20]}",RCdp205_copts_s6_20261003-041535_wc10_t10
wc10_t10,copts,rcdp206,WC,6,10.0,3,1146.3172,7146.3172,3,1146.317229,7146.317229,0.0,TIE,9.68,8,2400,"{""stall_epochs"": 20, ""arc_rule"": ""safe"", ""nbr_compat"": true, ""restart_mode"": ""full"", ""rec_mode"": ""adaptive"", ""rec_patience"": 2, ""checkpoints"": [10, 20]}",RCdp206_copts_s6_20261003-041635_wc10_t10
wc10_t10,copts,rcdp207,WC,6,10.0,3,1062.0483,7062.0483,3,1061.144555,7061.144555,0.0128,worse,7.63,5,1500,"{""stall_epochs"": 20, ""arc_rule"": ""safe"", ""nbr_compat"": true, ""restart_mode"": ""full"", ""rec_mode"": ""adaptive"", ""rec_patience"": 2, ""checkpoints"": [10, 20]}",RCdp207_copts_s6_20261003-041735_wc10_t10
wc10_t10,copts,rcdp208,WC,6,10.0,3,829.6946,6829.6946,3,828.141442,6828.141442,0.0227,worse,7.73,3,900,"{""stall_epochs"": 20, ""arc_rule"": ""safe"", ""nbr_compat"": true, ""restart_mode"": ""full"", ""rec_mode"": ""adaptive"", ""rec_patience"": 2, ""checkpoints"": [10, 20]}",RCdp208_copts_s6_20261003-041835_wc10_t10
wc10_t10,copts,cdp101,WC,7,10.0,11,976.0414,22976.0414,11,976.041384,22976.041384,0.0,TIE,6.44,35,10500,"{""stall_epochs"": 20, ""arc_rule"": ""safe"", ""nbr_compat"": true, ""restart_mode"": ""full"", ""rec_mode"": ""adaptive"", ""rec_patience"": 2, ""checkpoints"": [10, 20]}",Cdp101_copts_s7_20261003-042139_wc10_t10
wc10_t10,copts,cdp102,WC,7,10.0,10,941.485,20941.485,10,941.485039,20941.485039,0.0,TIE,1.3,15,4500,"{""stall_epochs"": 20, ""arc_rule"": ""safe"", ""nbr_compat"": true, ""restart_mode"": ""full"", ""rec_mode"": ""adaptive"", ""rec_patience"": 2, ""checkpoints"": [10, 20]}",Cdp102_copts_s7_20261003-042239_wc10_t10
wc10_t10,copts,cdp103,WC,7,10.0,10,892.9822,20892.9822,10,892.982246,20892.982246,-0.0,TIE,3.89,10,3000,"{""stall_epochs"": 20, ""arc_rule"": ""safe"", ""nbr_compat"": true, ""restart_mode"": ""full"", ""rec_mode"": ""adaptive"", ""rec_patience"": 2, ""checkpoints"": [10, 20]}",Cdp103_copts_s7_20261003-042339_wc10_t10
wc10_t10,copts,cdp104,WC,7,10.0,10,871.4032,20871.4032,10,871.403177,20871.403177,0.0,TIE,3.23,9,2700,"{""stall_epochs"": 20, ""arc_rule"": ""safe"", ""nbr_compat"": true, ""restart_mode"": ""full"", ""rec_mode"": ""adaptive"", ""rec_patience"": 2, ""checkpoints"": [10, 20]}",Cdp104_copts_s7_20261003-042439_wc10_t10
wc10_t10,copts,cdp105,WC,7,10.0,10,1053.1171,21053.1171,10,1053.117064,21053.117064,0.0,TIE,0.36,28,8400,"{""stall_epochs"": 20, ""arc_rule"": ""safe"", ""nbr_compat"": true, ""restart_mode"": ""full"", ""rec_mode"": ""adaptive"", ""rec_patience"": 2, ""checkpoints"": [10, 20]}",Cdp105_copts_s7_20261003-042540_wc10_t10
wc10_t10,copts,cdp106,WC,7,10.0,10,963.4525,20963.4525,10,963.452492,20963.452492,-0.0,TIE,0.79,26,7800,"{""stall_epochs"": 20, ""arc_rule"": ""safe"", ""nbr_compat"": true, ""restart_mode"": ""full"", ""rec_mode"": ""adaptive"", ""rec_patience"": 2, ""checkpoints"": [10, 20]}",Cdp106_copts_s7_20261003-042640_wc10_t10
wc10_t10,copts,cdp107,WC,7,10.0,10,987.6388,20987.6388,10,987.638782,20987.638782,-0.0,TIE,0.77,26,7800,"{""stall_epochs"": 20, ""arc_rule"": ""safe"", ""nbr_compat"": true, ""restart_mode"": ""full"", ""rec_mode"": ""adaptive"", ""rec_patience"": 2, ""checkpoints"": [10, 20]}",Cdp107_copts_s7_20261003-042740_wc10_t10
wc10_t10,copts,cdp108,WC,7,10.0,10,932.4947,20932.4947,10,932.494665,20932.494665,0.0,TIE,0.5,21,6300,"{""stall_epochs"": 20, ""arc_rule"": ""safe"", ""nbr_compat"": true, ""restart_mode"": ""full"", ""rec_mode"": ""adaptive"", ""rec_patience"": 2, ""checkpoints"": [10, 20]}",Cdp108_copts_s7_20261003-042840_wc10_t10
wc10_t10,copts,cdp109,WC,7,10.0,10,909.266,20909.266,10,909.26601,20909.26601,0.0,TIE,1.23,16,4800,"{""stall_epochs"": 20, ""arc_rule"": ""safe"", ""nbr_compat"": true, ""restart_mode"": ""full"", ""rec_mode"": ""adaptive"", ""rec_patience"": 2, ""checkpoints"": [10, 20]}",Cdp109_copts_s7_20261003-042940_wc10_t10
wc10_t10,copts,cdp201,WC,7,10.0,3,591.5566,6591.5566,3,591.556557,6591.556557,-0.0,TIE,5.87,37,11100,"{""stall_epochs"": 20, ""arc_rule"": ""safe"", ""nbr_compat"": true, ""restart_mode"": ""full"", ""rec_mode"": ""adaptive"", ""rec_patience"": 2, ""checkpoints"": [10, 20]}",Cdp201_copts_s7_20261003-043040_wc10_t10
wc10_t10,copts,cdp202,WC,7,10.0,3,591.5566,6591.5566,3,591.556557,6591.556557,-0.0,TIE,1.22,8,2400,"{""stall_epochs"": 20, ""arc_rule"": ""safe"", ""nbr_compat"": true, ""restart_mode"": ""full"", ""rec_mode"": ""adaptive"", ""rec_patience"": 2, ""checkpoints"": [10, 20]}",Cdp202_copts_s7_20261003-043140_wc10_t10
wc10_t10,copts,cdp203,WC,7,10.0,3,591.1734,6591.1734,3,591.173443,6591.173443,-0.0,TIE,1.73,5,1500,"{""stall_epochs"": 20, ""arc_rule"": ""safe"", ""nbr_compat"": true, ""restart_mode"": ""full"", ""rec_mode"": ""adaptive"", ""rec_patience"": 2, ""checkpoints"": [10, 20]}",Cdp203_copts_s7_20261003-043240_wc10_t10
wc10_t10,copts,cdp204,WC,7,10.0,3,590.5987,6590.5987,3,590.598746,6590.598746,-0.0,TIE,1.98,4,1200,"{""stall_epochs"": 20, ""arc_rule"": ""safe"", ""nbr_compat"": true, ""restart_mode"": ""full"", ""rec_mode"": ""adaptive"", ""rec_patience"": 2, ""checkpoints"": [10, 20]}",Cdp204_copts_s7_20261003-043340_wc10_t10
wc10_t10,copts,cdp205,WC,7,10.0,3,588.876,6588.876,3,588.875963,6588.875963,-0.0,TIE,0.47,21,6300,"{""stall_epochs"": 20, ""arc_rule"": ""safe"", ""nbr_compat"": true, ""restart_mode"": ""full"", ""rec_mode"": ""adaptive"", ""rec_patience"": 2, ""checkpoints"": [10, 20]}",Cdp205_copts_s7_20261003-043440_wc10_t10
wc10_t10,copts,cdp206,WC,7,10.0,3,588.4928,6588.4928,3,588.492849,6588.492849,-0.0,TIE,0.73,13,3900,"{""stall_epochs"": 20, ""arc_rule"": ""safe"", ""nbr_compat"": true, ""restart_mode"": ""full"", ""rec_mode"": ""adaptive"", ""rec_patience"": 2, ""checkpoints"": [10, 20]}",Cdp206_copts_s7_20261003-043541_wc10_t10
wc10_t10,copts,cdp207,WC,7,10.0,3,588.2863,6588.2863,3,588.286321,6588.286321,0.0,TIE,0.86,11,3300,"{""stall_epochs"": 20, ""arc_rule"": ""safe"", ""nbr_compat"": true, ""restart_mode"": ""full"", ""rec_mode"": ""adaptive"", ""rec_patience"": 2, ""checkpoints"": [10, 20]}",Cdp207_copts_s7_20261003-043641_wc10_t10
wc10_t10,copts,cdp208,WC,7,10.0,3,588.3238,6588.3238,3,588.323801,6588.323801,-0.0,TIE,0.9,11,3300,"{""stall_epochs"": 20, ""arc_rule"": ""safe"", ""nbr_compat"": true, ""restart_mode"": ""full"", ""rec_mode"": ""adaptive"", ""rec_patience"": 2, ""checkpoints"": [10, 20]}",Cdp208_copts_s7_20261003-043741_wc10_t10
wc10_t10,copts,rdp101,WC,7,10.0,19,1650.7992,39650.7992,19,1650.79924,39650.79924,-0.0,TIE,6.98,34,10200,"{""stall_epochs"": 20, ""arc_rule"": ""safe"", ""nbr_compat"": true, ""restart_mode"": ""full"", ""rec_mode"": ""adaptive"", ""rec_patience"": 2, ""checkpoints"": [10, 20]}",Rdp101_copts_s7_20261003-043841_wc10_t10
wc10_t10,copts,rdp102,WC,7,10.0,17,1486.1195,35486.1195,17,1486.119471,35486.119471,0.0,TIE,1.83,16,4800,"{""stall_epochs"": 20, ""arc_rule"": ""safe"", ""nbr_compat"": true, ""restart_mode"": ""full"", ""rec_mode"": ""adaptive"", ""rec_patience"": 2, ""checkpoints"": [10, 20]}",Rdp102_copts_s7_20261003-043941_wc10_t10
wc10_t10,copts,rdp103,WC,7,10.0,13,1294.6398,27294.6398,13,1294.639843,27294.639843,0.0,TIE,4.55,11,3300,"{""stall_epochs"": 20, ""arc_rule"": ""safe"", ""nbr_compat"": true, ""restart_mode"": ""full"", ""rec_mode"": ""adaptive"", ""rec_patience"": 2, ""checkpoints"": [10, 20]}",Rdp103_copts_s7_20261003-044041_wc10_t10
wc10_t10,copts,rdp104,WC,7,10.0,9,1017.2215,19017.2215,9,1026.417258,19026.417258,-0.0483,NEW_BEST,9.08,7,2100,"{""stall_epochs"": 20, ""arc_rule"": ""safe"", ""nbr_compat"": true, ""restart_mode"": ""full"", ""rec_mode"": ""adaptive"", ""rec_patience"": 2, ""checkpoints"": [10, 20]}",Rdp104_copts_s7_20261003-044141_wc10_t10
wc10_t10,copts,rdp105,WC,7,10.0,14,1377.111,29377.111,14,1377.111018,29377.111018,-0.0,TIE,0.43,23,6900,"{""stall_epochs"": 20, ""arc_rule"": ""safe"", ""nbr_compat"": true, ""restart_mode"": ""full"", ""rec_mode"": ""adaptive"", ""rec_patience"": 2, ""checkpoints"": [10, 20]}",Rdp105_copts_s7_20261003-044241_wc10_t10
wc10_t10,copts,rdp106,WC,7,10.0,12,1252.0307,25252.0307,12,1252.030746,25252.030746,-0.0,TIE,1.6,12,3600,"{""stall_epochs"": 20, ""arc_rule"": ""safe"", ""nbr_compat"": true, ""restart_mode"": ""full"", ""rec_mode"": ""adaptive"", ""rec_patience"": 2, ""checkpoints"": [10, 20]}",Rdp106_copts_s7_20261003-044342_wc10_t10
wc10_t10,copts,rdp107,WC,7,10.0,10,1115.3024,21115.3024,10,1112.551177,21112.551177,0.013,worse,8.02,8,2400,"{""stall_epochs"": 20, ""arc_rule"": ""safe"", ""nbr_compat"": true, ""restart_mode"": ""full"", ""rec_mode"": ""adaptive"", ""rec_patience"": 2, ""checkpoints"": [10, 20]}",Rdp107_copts_s7_20261003-044442_wc10_t10
wc10_t10,copts,rdp108,WC,7,10.0,9,965.3039,18965.3039,9,965.217944,18965.217944,0.0005,worse,9.72,7,2100,"{""stall_epochs"": 20, ""arc_rule"": ""safe"", ""nbr_compat"": true, ""restart_mode"": ""full"", ""rec_mode"": ""adaptive"", ""rec_patience"": 2, ""checkpoints"": [10, 20]}",Rdp108_copts_s7_20261003-044542_wc10_t10
wc10_t10,copts,rdp109,WC,7,10.0,11,1194.7341,23194.7341,11,1194.734098,23194.734098,-0.0,TIE,3.41,14,4200,"{""stall_epochs"": 20, ""arc_rule"": ""safe"", ""nbr_compat"": true, ""restart_mode"": ""full"", ""rec_mode"": ""adaptive"", ""rec_patience"": 2, ""checkpoints"": [10, 20]}",Rdp109_copts_s7_20261003-044642_wc10_t10
wc10_t10,copts,rdp110,WC,7,10.0,10,1126.2534,21126.2534,10,1121.456956,21121.456956,0.0227,worse,9.36,9,2700,"{""stall_epochs"": 20, ""arc_rule"": ""safe"", ""nbr_compat"": true, ""restart_mode"": ""full"", ""rec_mode"": ""adaptive"", ""rec_patience"": 2, ""checkpoints"": [10, 20]}",Rdp110_copts_s7_20261003-044742_wc10_t10
wc10_t10,copts,rdp111,WC,7,10.0,10,1098.8443,21098.8443,10,1098.844288,21098.844288,0.0,TIE,8.71,9,2700,"{""stall_epochs"": 20, ""arc_rule"": ""safe"", ""nbr_compat"": true, ""restart_mode"": ""full"", ""rec_mode"": ""adaptive"", ""rec_patience"": 2, ""checkpoints"": [10, 20]}",Rdp111_copts_s7_20261003-044842_wc10_t10
wc10_t10,copts,rdp112,WC,7,10.0,9,1000.5186,19000.5186,9,997.264803,18997.264803,0.0171,worse,8.68,6,1800,"{""stall_epochs"": 20, ""arc_rule"": ""safe"", ""nbr_compat"": true, ""restart_mode"": ""full"", ""rec_mode"": ""adaptive"", ""rec_patience"": 2, ""checkpoints"": [10, 20]}",Rdp112_copts_s7_20261003-044942_wc10_t10
wc10_t10,copts,rdp201,WC,7,10.0,4,1252.3712,9252.3712,4,1252.371222,9252.371222,-0.0,TIE,2.45,15,4500,"{""stall_epochs"": 20, ""arc_rule"": ""safe"", ""nbr_compat"": true, ""restart_mode"": ""full"", ""rec_mode"": ""adaptive"", ""rec_patience"": 2, ""checkpoints"": [10, 20]}",Rdp201_copts_s7_20261003-045042_wc10_t10
wc10_t10,copts,rdp202,WC,7,10.0,3,1191.703,7191.703,3,1191.702969,7191.702969,-0.0,TIE,4.87,5,1500,"{""stall_epochs"": 20, ""arc_rule"": ""safe"", ""nbr_compat"": true, ""restart_mode"": ""full"", ""rec_mode"": ""adaptive"", ""rec_patience"": 2, ""checkpoints"": [10, 20]}",Rdp202_copts_s7_20261003-045143_wc10_t10
wc10_t10,copts,rdp203,WC,7,10.0,3,939.7232,6939.7232,3,939.50332,6939.50332,0.0032,worse,6.51,4,1200,"{""stall_epochs"": 20, ""arc_rule"": ""safe"", ""nbr_compat"": true, ""restart_mode"": ""full"", ""rec_mode"": ""adaptive"", ""rec_patience"": 2, ""checkpoints"": [10, 20]}",Rdp203_copts_s7_20261003-045243_wc10_t10
wc10_t10,copts,rdp204,WC,7,10.0,2,833.6494,4833.6494,2,825.519293,4825.519293,0.1685,worse,8.13,3,900,"{""stall_epochs"": 20, ""arc_rule"": ""safe"", ""nbr_compat"": true, ""restart_mode"": ""full"", ""rec_mode"": ""adaptive"", ""rec_patience"": 2, ""checkpoints"": [10, 20]}",Rdp204_copts_s7_20261003-045343_wc10_t10
wc10_t10,copts,rdp205,WC,7,10.0,3,1001.9313,7001.9313,3,994.427657,6994.427657,0.1073,worse,7.37,8,2400,"{""stall_epochs"": 20, ""arc_rule"": ""safe"", ""nbr_compat"": true, ""restart_mode"": ""full"", ""rec_mode"": ""adaptive"", ""rec_patience"": 2, ""checkpoints"": [10, 20]}",Rdp205_copts_s7_20261003-045443_wc10_t10
wc10_t10,copts,rdp206,WC,7,10.0,3,909.8186,6909.8186,3,906.142079,6906.142079,0.0532,worse,8.42,4,1200,"{""stall_epochs"": 20, ""arc_rule"": ""safe"", ""nbr_compat"": true, ""restart_mode"": ""full"", ""rec_mode"": ""adaptive"", ""rec_patience"": 2, ""checkpoints"": [10, 20]}",Rdp206_copts_s7_20261003-045543_wc10_t10
wc10_t10,copts,rdp207,WC,7,10.0,2,890.6083,4890.6083,2,890.608295,4890.608295,0.0,TIE,9.91,4,1200,"{""stall_epochs"": 20, ""arc_rule"": ""safe"", ""nbr_compat"": true, ""restart_mode"": ""full"", ""rec_mode"": ""adaptive"", ""rec_patience"": 2, ""checkpoints"": [10, 20]}",Rdp207_copts_s7_20261003-045643_wc10_t10
wc10_t10,copts,rdp208,WC,7,10.0,2,726.8228,4726.8228,2,726.822786,4726.822786,-0.0,TIE,9.38,3,900,"{""stall_epochs"": 20, ""arc_rule"": ""safe"", ""nbr_compat"": true, ""restart_mode"": ""full"", ""rec_mode"": ""adaptive"", ""rec_patience"": 2, ""checkpoints"": [10, 20]}",Rdp208_copts_s7_20261003-045744_wc10_t10
wc10_t10,copts,rdp209,WC,7,10.0,3,909.6566,6909.6566,3,909.163356,6909.163356,0.0071,worse,7.35,5,1500,"{""stall_epochs"": 20, ""arc_rule"": ""safe"", ""nbr_compat"": true, ""restart_mode"": ""full"", ""rec_mode"": ""adaptive"", ""rec_patience"": 2, ""checkpoints"": [10, 20]}",Rdp209_copts_s7_20261003-045845_wc10_t10
wc10_t10,copts,rdp210,WC,7,10.0,3,939.3727,6939.3727,3,939.37268,6939.37268,0.0,TIE,4.03,4,1200,"{""stall_epochs"": 20, ""arc_rule"": ""safe"", ""nbr_compat"": true, ""restart_mode"": ""full"", ""rec_mode"": ""adaptive"", ""rec_patience"": 2, ""checkpoints"": [10, 20]}",Rdp210_copts_s7_20261003-045945_wc10_t10
wc10_t10,copts,rdp211,WC,7,10.0,2,920.2339,4920.2339,2,885.71139,4885.71139,0.7066,worse,5.38,3,900,"{""stall_epochs"": 20, ""arc_rule"": ""safe"", ""nbr_compat"": true, ""restart_mode"": ""full"", ""rec_mode"": ""adaptive"", ""rec_patience"": 2, ""checkpoints"": [10, 20]}",Rdp211_copts_s7_20261003-050046_wc10_t10
wc10_t10,copts,rcdp101,WC,7,10.0,14,1708.2099,29708.2099,14,1708.209858,29708.209858,-0.0,TIE,1.22,25,7500,"{""stall_epochs"": 20, ""arc_rule"": ""safe"", ""nbr_compat"": true, ""restart_mode"": ""full"", ""rec_mode"": ""adaptive"", ""rec_patience"": 2, ""checkpoints"": [10, 20]}",RCdp101_copts_s7_20261003-050146_wc10_t10
wc10_t10,copts,rcdp102,WC,7,10.0,12,1570.2804,25570.2804,12,1570.280395,25570.280395,-0.0,TIE,1.45,13,3900,"{""stall_epochs"": 20, ""arc_rule"": ""safe"", ""nbr_compat"": true, ""restart_mode"": ""full"", ""rec_mode"": ""adaptive"", ""rec_patience"": 2, ""checkpoints"": [10, 20]}",RCdp102_copts_s7_20261003-050246_wc10_t10
wc10_t10,copts,rcdp103,WC,7,10.0,11,1282.5279,23282.5279,11,1282.527877,23282.527877,-0.0,TIE,6.28,9,2700,"{""stall_epochs"": 20, ""arc_rule"": ""safe"", ""nbr_compat"": true, ""restart_mode"": ""full"", ""rec_mode"": ""adaptive"", ""rec_patience"": 2, ""checkpoints"": [10, 20]}",RCdp103_copts_s7_20261003-050346_wc10_t10
wc10_t10,copts,rcdp104,WC,7,10.0,10,1171.3664,21171.3664,10,1171.366445,21171.366445,-0.0,TIE,2.4,8,2400,"{""stall_epochs"": 20, ""arc_rule"": ""safe"", ""nbr_compat"": true, ""restart_mode"": ""full"", ""rec_mode"": ""adaptive"", ""rec_patience"": 2, ""checkpoints"": [10, 20]}",RCdp104_copts_s7_20261003-050446_wc10_t10
wc10_t10,copts,rcdp105,WC,7,10.0,13,1632.2912,27632.2912,13,1632.291239,27632.291239,0.0,TIE,9.59,15,4500,"{""stall_epochs"": 20, ""arc_rule"": ""safe"", ""nbr_compat"": true, ""restart_mode"": ""full"", ""rec_mode"": ""adaptive"", ""rec_patience"": 2, ""checkpoints"": [10, 20]}",RCdp105_copts_s7_20261003-050546_wc10_t10
wc10_t10,copts,rcdp106,WC,7,10.0,12,1392.4719,25392.4719,12,1392.471942,25392.471942,0.0,TIE,2.0,15,4500,"{""stall_epochs"": 20, ""arc_rule"": ""safe"", ""nbr_compat"": true, ""restart_mode"": ""full"", ""rec_mode"": ""adaptive"", ""rec_patience"": 2, ""checkpoints"": [10, 20]}",RCdp106_copts_s7_20261003-050647_wc10_t10
wc10_t10,copts,rcdp107,WC,7,10.0,11,1255.9517,23255.9517,11,1252.790063,23252.790063,0.0136,worse,4.21,9,2700,"{""stall_epochs"": 20, ""arc_rule"": ""safe"", ""nbr_compat"": true, ""restart_mode"": ""full"", ""rec_mode"": ""adaptive"", ""rec_patience"": 2, ""checkpoints"": [10, 20]}",RCdp107_copts_s7_20261003-050747_wc10_t10
wc10_t10,copts,rcdp108,WC,7,10.0,10,1180.9546,21180.9546,10,1177.984574,21177.984574,0.014,worse,8.79,7,2100,"{""stall_epochs"": 20, ""arc_rule"": ""safe"", ""nbr_compat"": true, ""restart_mode"": ""full"", ""rec_mode"": ""adaptive"", ""rec_patience"": 2, ""checkpoints"": [10, 20]}",RCdp108_copts_s7_20261003-050847_wc10_t10
wc10_t10,copts,rcdp201,WC,7,10.0,4,1406.9401,9406.9401,4,1406.940088,9406.940088,-0.0,TIE,1.77,16,4800,"{""stall_epochs"": 20, ""arc_rule"": ""safe"", ""nbr_compat"": true, ""restart_mode"": ""full"", ""rec_mode"": ""adaptive"", ""rec_patience"": 2, ""checkpoints"": [10, 20]}",RCdp201_copts_s7_20261003-050947_wc10_t10
wc10_t10,copts,rcdp202,WC,7,10.0,3,1365.645,7365.645,3,1365.645031,7365.645031,0.0,TIE,5.47,7,2100,"{""stall_epochs"": 20, ""arc_rule"": ""safe"", ""nbr_compat"": true, ""restart_mode"": ""full"", ""rec_mode"": ""adaptive"", ""rec_patience"": 2, ""checkpoints"": [10, 20]}",RCdp202_copts_s7_20261003-051047_wc10_t10
wc10_t10,copts,rcdp203,WC,7,10.0,3,1050.6351,7050.6351,3,1049.624237,7049.624237,0.0143,worse,4.12,4,1200,"{""stall_epochs"": 20, ""arc_rule"": ""safe"", ""nbr_compat"": true, ""restart_mode"": ""full"", ""rec_mode"": ""adaptive"", ""rec_patience"": 2, ""checkpoints"": [10, 20]}",RCdp203_copts_s7_20261003-051147_wc10_t10
wc10_t10,copts,rcdp204,WC,7,10.0,3,799.1559,6799.1559,3,798.463581,6798.463581,0.0102,worse,4.71,4,1200,"{""stall_epochs"": 20, ""arc_rule"": ""safe"", ""nbr_compat"": true, ""restart_mode"": ""full"", ""rec_mode"": ""adaptive"", ""rec_patience"": 2, ""checkpoints"": [10, 20]}",RCdp204_copts_s7_20261003-051247_wc10_t10
wc10_t10,copts,rcdp205,WC,7,10.0,4,1297.6477,9297.6477,4,1297.647746,9297.647746,0.0,TIE,3.05,10,3000,"{""stall_epochs"": 20, ""arc_rule"": ""safe"", ""nbr_compat"": true, ""restart_mode"": ""full"", ""rec_mode"": ""adaptive"", ""rec_patience"": 2, ""checkpoints"": [10, 20]}",RCdp205_copts_s7_20261003-051348_wc10_t10
wc10_t10,copts,rcdp206,WC,7,10.0,3,1153.6862,7153.6862,3,1146.317229,7146.317229,0.1031,worse,9.5,8,2400,"{""stall_epochs"": 20, ""arc_rule"": ""safe"", ""nbr_compat"": true, ""restart_mode"": ""full"", ""rec_mode"": ""adaptive"", ""rec_patience"": 2, ""checkpoints"": [10, 20]}",RCdp206_copts_s7_20261003-051448_wc10_t10
wc10_t10,copts,rcdp207,WC,7,10.0,3,1061.1446,7061.1446,3,1061.144555,7061.144555,0.0,TIE,9.54,5,1500,"{""stall_epochs"": 20, ""arc_rule"": ""safe"", ""nbr_compat"": true, ""restart_mode"": ""full"", ""rec_mode"": ""adaptive"", ""rec_patience"": 2, ""checkpoints"": [10, 20]}",RCdp207_copts_s7_20261003-051548_wc10_t10
wc10_t10,copts,rcdp208,WC,7,10.0,3,828.7091,6828.7091,3,828.141442,6828.141442,0.0083,worse,5.15,3,900,"{""stall_epochs"": 20, ""arc_rule"": ""safe"", ""nbr_compat"": true, ""restart_mode"": ""full"", ""rec_mode"": ""adaptive"", ""rec_patience"": 2, ""checkpoints"": [10, 20]}",RCdp208_copts_s7_20261003-051648_wc10_t10
wc10_t10,copts,cdp101,WC,8,10.0,11,976.0414,22976.0414,11,976.041384,22976.041384,0.0,TIE,6.1,35,10500,"{""stall_epochs"": 20, ""arc_rule"": ""safe"", ""nbr_compat"": true, ""restart_mode"": ""full"", ""rec_mode"": ""adaptive"", ""rec_patience"": 2, ""checkpoints"": [10, 20]}",Cdp101_copts_s8_20261003-051952_wc10_t10
wc10_t10,copts,cdp102,WC,8,10.0,10,941.485,20941.485,10,941.485039,20941.485039,0.0,TIE,1.35,15,4500,"{""stall_epochs"": 20, ""arc_rule"": ""safe"", ""nbr_compat"": true, ""restart_mode"": ""full"", ""rec_mode"": ""adaptive"", ""rec_patience"": 2, ""checkpoints"": [10, 20]}",Cdp102_copts_s8_20261003-052052_wc10_t10
wc10_t10,copts,cdp103,WC,8,10.0,10,892.9822,20892.9822,10,892.982246,20892.982246,-0.0,TIE,2.93,10,3000,"{""stall_epochs"": 20, ""arc_rule"": ""safe"", ""nbr_compat"": true, ""restart_mode"": ""full"", ""rec_mode"": ""adaptive"", ""rec_patience"": 2, ""checkpoints"": [10, 20]}",Cdp103_copts_s8_20261003-052152_wc10_t10
wc10_t10,copts,cdp104,WC,8,10.0,10,871.4032,20871.4032,10,871.403177,20871.403177,0.0,TIE,3.21,9,2700,"{""stall_epochs"": 20, ""arc_rule"": ""safe"", ""nbr_compat"": true, ""restart_mode"": ""full"", ""rec_mode"": ""adaptive"", ""rec_patience"": 2, ""checkpoints"": [10, 20]}",Cdp104_copts_s8_20261003-052252_wc10_t10
wc10_t10,copts,cdp105,WC,8,10.0,10,1053.1171,21053.1171,10,1053.117064,21053.117064,0.0,TIE,0.72,28,8400,"{""stall_epochs"": 20, ""arc_rule"": ""safe"", ""nbr_compat"": true, ""restart_mode"": ""full"", ""rec_mode"": ""adaptive"", ""rec_patience"": 2, ""checkpoints"": [10, 20]}",Cdp105_copts_s8_20261003-052353_wc10_t10
wc10_t10,copts,cdp106,WC,8,10.0,10,963.4525,20963.4525,10,963.452492,20963.452492,-0.0,TIE,0.8,26,7800,"{""stall_epochs"": 20, ""arc_rule"": ""safe"", ""nbr_compat"": true, ""restart_mode"": ""full"", ""rec_mode"": ""adaptive"", ""rec_patience"": 2, ""checkpoints"": [10, 20]}",Cdp106_copts_s8_20261003-052453_wc10_t10
wc10_t10,copts,cdp107,WC,8,10.0,10,987.6388,20987.6388,10,987.638782,20987.638782,-0.0,TIE,2.25,26,7800,"{""stall_epochs"": 20, ""arc_rule"": ""safe"", ""nbr_compat"": true, ""restart_mode"": ""full"", ""rec_mode"": ""adaptive"", ""rec_patience"": 2, ""checkpoints"": [10, 20]}",Cdp107_copts_s8_20261003-052553_wc10_t10
wc10_t10,copts,cdp108,WC,8,10.0,10,932.4947,20932.4947,10,932.494665,20932.494665,0.0,TIE,0.49,21,6300,"{""stall_epochs"": 20, ""arc_rule"": ""safe"", ""nbr_compat"": true, ""restart_mode"": ""full"", ""rec_mode"": ""adaptive"", ""rec_patience"": 2, ""checkpoints"": [10, 20]}",Cdp108_copts_s8_20261003-052653_wc10_t10
wc10_t10,copts,cdp109,WC,8,10.0,10,909.266,20909.266,10,909.26601,20909.26601,0.0,TIE,0.61,16,4800,"{""stall_epochs"": 20, ""arc_rule"": ""safe"", ""nbr_compat"": true, ""restart_mode"": ""full"", ""rec_mode"": ""adaptive"", ""rec_patience"": 2, ""checkpoints"": [10, 20]}",Cdp109_copts_s8_20261003-052753_wc10_t10
wc10_t10,copts,cdp201,WC,8,10.0,3,591.5566,6591.5566,3,591.556557,6591.556557,-0.0,TIE,5.87,37,11100,"{""stall_epochs"": 20, ""arc_rule"": ""safe"", ""nbr_compat"": true, ""restart_mode"": ""full"", ""rec_mode"": ""adaptive"", ""rec_patience"": 2, ""checkpoints"": [10, 20]}",Cdp201_copts_s8_20261003-052853_wc10_t10
wc10_t10,copts,cdp202,WC,8,10.0,3,591.5566,6591.5566,3,591.556557,6591.556557,-0.0,TIE,1.22,8,2400,"{""stall_epochs"": 20, ""arc_rule"": ""safe"", ""nbr_compat"": true, ""restart_mode"": ""full"", ""rec_mode"": ""adaptive"", ""rec_patience"": 2, ""checkpoints"": [10, 20]}",Cdp202_copts_s8_20261003-052953_wc10_t10
wc10_t10,copts,cdp203,WC,8,10.0,3,591.1734,6591.1734,3,591.173443,6591.173443,-0.0,TIE,1.74,5,1500,"{""stall_epochs"": 20, ""arc_rule"": ""safe"", ""nbr_compat"": true, ""restart_mode"": ""full"", ""rec_mode"": ""adaptive"", ""rec_patience"": 2, ""checkpoints"": [10, 20]}",Cdp203_copts_s8_20261003-053053_wc10_t10
wc10_t10,copts,cdp204,WC,8,10.0,3,590.5987,6590.5987,3,590.598746,6590.598746,-0.0,TIE,1.98,4,1200,"{""stall_epochs"": 20, ""arc_rule"": ""safe"", ""nbr_compat"": true, ""restart_mode"": ""full"", ""rec_mode"": ""adaptive"", ""rec_patience"": 2, ""checkpoints"": [10, 20]}",Cdp204_copts_s8_20261003-053153_wc10_t10
wc10_t10,copts,cdp205,WC,8,10.0,3,588.876,6588.876,3,588.875963,6588.875963,-0.0,TIE,0.47,21,6300,"{""stall_epochs"": 20, ""arc_rule"": ""safe"", ""nbr_compat"": true, ""restart_mode"": ""full"", ""rec_mode"": ""adaptive"", ""rec_patience"": 2, ""checkpoints"": [10, 20]}",Cdp205_copts_s8_20261003-053253_wc10_t10
wc10_t10,copts,cdp206,WC,8,10.0,3,588.4928,6588.4928,3,588.492849,6588.492849,-0.0,TIE,0.73,13,3900,"{""stall_epochs"": 20, ""arc_rule"": ""safe"", ""nbr_compat"": true, ""restart_mode"": ""full"", ""rec_mode"": ""adaptive"", ""rec_patience"": 2, ""checkpoints"": [10, 20]}",Cdp206_copts_s8_20261003-053353_wc10_t10
wc10_t10,copts,cdp207,WC,8,10.0,3,588.2863,6588.2863,3,588.286321,6588.286321,0.0,TIE,0.84,11,3300,"{""stall_epochs"": 20, ""arc_rule"": ""safe"", ""nbr_compat"": true, ""restart_mode"": ""full"", ""rec_mode"": ""adaptive"", ""rec_patience"": 2, ""checkpoints"": [10, 20]}",Cdp207_copts_s8_20261003-053453_wc10_t10
wc10_t10,copts,cdp208,WC,8,10.0,3,588.3238,6588.3238,3,588.323801,6588.323801,-0.0,TIE,0.92,11,3300,"{""stall_epochs"": 20, ""arc_rule"": ""safe"", ""nbr_compat"": true, ""restart_mode"": ""full"", ""rec_mode"": ""adaptive"", ""rec_patience"": 2, ""checkpoints"": [10, 20]}",Cdp208_copts_s8_20261003-053554_wc10_t10
wc10_t10,copts,rdp101,WC,8,10.0,19,1650.7992,39650.7992,19,1650.79924,39650.79924,-0.0,TIE,0.59,34,10200,"{""stall_epochs"": 20, ""arc_rule"": ""safe"", ""nbr_compat"": true, ""restart_mode"": ""full"", ""rec_mode"": ""adaptive"", ""rec_patience"": 2, ""checkpoints"": [10, 20]}",Rdp101_copts_s8_20261003-053654_wc10_t10
wc10_t10,copts,rdp102,WC,8,10.0,17,1486.1195,35486.1195,17,1486.119471,35486.119471,0.0,TIE,1.87,16,4800,"{""stall_epochs"": 20, ""arc_rule"": ""safe"", ""nbr_compat"": true, ""restart_mode"": ""full"", ""rec_mode"": ""adaptive"", ""rec_patience"": 2, ""checkpoints"": [10, 20]}",Rdp102_copts_s8_20261003-053754_wc10_t10
wc10_t10,copts,rdp103,WC,8,10.0,13,1294.6398,27294.6398,13,1294.639843,27294.639843,0.0,TIE,3.59,11,3300,"{""stall_epochs"": 20, ""arc_rule"": ""safe"", ""nbr_compat"": true, ""restart_mode"": ""full"", ""rec_mode"": ""adaptive"", ""rec_patience"": 2, ""checkpoints"": [10, 20]}",Rdp103_copts_s8_20261003-053854_wc10_t10
wc10_t10,copts,rdp104,WC,8,10.0,9,1017.2215,19017.2215,9,1026.417258,19026.417258,-0.0483,NEW_BEST,6.38,7,2100,"{""stall_epochs"": 20, ""arc_rule"": ""safe"", ""nbr_compat"": true, ""restart_mode"": ""full"", ""rec_mode"": ""adaptive"", ""rec_patience"": 2, ""checkpoints"": [10, 20]}",Rdp104_copts_s8_20261003-053954_wc10_t10
wc10_t10,copts,rdp105,WC,8,10.0,14,1377.111,29377.111,14,1377.111018,29377.111018,-0.0,TIE,0.44,23,6900,"{""stall_epochs"": 20, ""arc_rule"": ""safe"", ""nbr_compat"": true, ""restart_mode"": ""full"", ""rec_mode"": ""adaptive"", ""rec_patience"": 2, ""checkpoints"": [10, 20]}",Rdp105_copts_s8_20261003-054054_wc10_t10
wc10_t10,copts,rdp106,WC,8,10.0,12,1252.0307,25252.0307,12,1252.030746,25252.030746,-0.0,TIE,1.62,12,3600,"{""stall_epochs"": 20, ""arc_rule"": ""safe"", ""nbr_compat"": true, ""restart_mode"": ""full"", ""rec_mode"": ""adaptive"", ""rec_patience"": 2, ""checkpoints"": [10, 20]}",Rdp106_copts_s8_20261003-054154_wc10_t10
wc10_t10,copts,rdp107,WC,8,10.0,10,1116.4146,21116.4146,10,1112.551177,21112.551177,0.0183,worse,8.05,8,2400,"{""stall_epochs"": 20, ""arc_rule"": ""safe"", ""nbr_compat"": true, ""restart_mode"": ""full"", ""rec_mode"": ""adaptive"", ""rec_patience"": 2, ""checkpoints"": [10, 20]}",Rdp107_copts_s8_20261003-054254_wc10_t10
wc10_t10,copts,rdp108,WC,8,10.0,9,965.2179,18965.2179,9,965.217944,18965.217944,-0.0,TIE,9.71,7,2100,"{""stall_epochs"": 20, ""arc_rule"": ""safe"", ""nbr_compat"": true, ""restart_mode"": ""full"", ""rec_mode"": ""adaptive"", ""rec_patience"": 2, ""checkpoints"": [10, 20]}",Rdp108_copts_s8_20261003-054354_wc10_t10
wc10_t10,copts,rdp109,WC,8,10.0,11,1194.7341,23194.7341,11,1194.734098,23194.734098,-0.0,TIE,4.07,14,4200,"{""stall_epochs"": 20, ""arc_rule"": ""safe"", ""nbr_compat"": true, ""restart_mode"": ""full"", ""rec_mode"": ""adaptive"", ""rec_patience"": 2, ""checkpoints"": [10, 20]}",Rdp109_copts_s8_20261003-054454_wc10_t10
wc10_t10,copts,rdp110,WC,8,10.0,10,1123.9156,21123.9156,10,1121.456956,21121.456956,0.0116,worse,4.15,9,2700,"{""stall_epochs"": 20, ""arc_rule"": ""safe"", ""nbr_compat"": true, ""restart_mode"": ""full"", ""rec_mode"": ""adaptive"", ""rec_patience"": 2, ""checkpoints"": [10, 20]}",Rdp110_copts_s8_20261003-054555_wc10_t10
wc10_t10,copts,rdp111,WC,8,10.0,10,1106.3002,21106.3002,10,1098.844288,21098.844288,0.0353,worse,7.58,9,2700,"{""stall_epochs"": 20, ""arc_rule"": ""safe"", ""nbr_compat"": true, ""restart_mode"": ""full"", ""rec_mode"": ""adaptive"", ""rec_patience"": 2, ""checkpoints"": [10, 20]}",Rdp111_copts_s8_20261003-054655_wc10_t10
wc10_t10,copts,rdp112,WC,8,10.0,9,1015.3302,19015.3302,9,997.264803,18997.264803,0.0951,worse,7.13,7,2100,"{""stall_epochs"": 20, ""arc_rule"": ""safe"", ""nbr_compat"": true, ""restart_mode"": ""full"", ""rec_mode"": ""adaptive"", ""rec_patience"": 2, ""checkpoints"": [10, 20]}",Rdp112_copts_s8_20261003-054755_wc10_t10
wc10_t10,copts,rdp201,WC,8,10.0,4,1252.3712,9252.3712,4,1252.371222,9252.371222,-0.0,TIE,5.74,15,4500,"{""stall_epochs"": 20, ""arc_rule"": ""safe"", ""nbr_compat"": true, ""restart_mode"": ""full"", ""rec_mode"": ""adaptive"", ""rec_patience"": 2, ""checkpoints"": [10, 20]}",Rdp201_copts_s8_20261003-054855_wc10_t10
wc10_t10,copts,rdp202,WC,8,10.0,3,1191.703,7191.703,3,1191.702969,7191.702969,-0.0,TIE,3.13,5,1500,"{""stall_epochs"": 20, ""arc_rule"": ""safe"", ""nbr_compat"": true, ""restart_mode"": ""full"", ""rec_mode"": ""adaptive"", ""rec_patience"": 2, ""checkpoints"": [10, 20]}",Rdp202_copts_s8_20261003-054955_wc10_t10
wc10_t10,copts,rdp203,WC,8,10.0,3,941.6415,6941.6415,3,939.50332,6939.50332,0.0308,worse,4.35,4,1200,"{""stall_epochs"": 20, ""arc_rule"": ""safe"", ""nbr_compat"": true, ""restart_mode"": ""full"", ""rec_mode"": ""adaptive"", ""rec_patience"": 2, ""checkpoints"": [10, 20]}",Rdp203_copts_s8_20261003-055055_wc10_t10
wc10_t10,copts,rdp204,WC,8,10.0,2,833.5242,4833.5242,2,825.519293,4825.519293,0.1659,worse,8.22,3,900,"{""stall_epochs"": 20, ""arc_rule"": ""safe"", ""nbr_compat"": true, ""restart_mode"": ""full"", ""rec_mode"": ""adaptive"", ""rec_patience"": 2, ""checkpoints"": [10, 20]}",Rdp204_copts_s8_20261003-055155_wc10_t10
wc10_t10,copts,rdp205,WC,8,10.0,3,994.4277,6994.4277,3,994.427657,6994.427657,-0.0,TIE,7.27,8,2400,"{""stall_epochs"": 20, ""arc_rule"": ""safe"", ""nbr_compat"": true, ""restart_mode"": ""full"", ""rec_mode"": ""adaptive"", ""rec_patience"": 2, ""checkpoints"": [10, 20]}",Rdp205_copts_s8_20261003-055256_wc10_t10
wc10_t10,copts,rdp206,WC,8,10.0,3,913.2831,6913.2831,3,906.142079,6906.142079,0.1034,worse,8.26,4,1200,"{""stall_epochs"": 20, ""arc_rule"": ""safe"", ""nbr_compat"": true, ""restart_mode"": ""full"", ""rec_mode"": ""adaptive"", ""rec_patience"": 2, ""checkpoints"": [10, 20]}",Rdp206_copts_s8_20261003-055356_wc10_t10
wc10_t10,copts,rdp207,WC,8,10.0,2,893.4739,4893.4739,2,890.608295,4890.608295,0.0586,worse,9.79,4,1200,"{""stall_epochs"": 20, ""arc_rule"": ""safe"", ""nbr_compat"": true, ""restart_mode"": ""full"", ""rec_mode"": ""adaptive"", ""rec_patience"": 2, ""checkpoints"": [10, 20]}",Rdp207_copts_s8_20261003-055456_wc10_t10
wc10_t10,copts,rdp208,WC,8,10.0,2,726.8228,4726.8228,2,726.822786,4726.822786,-0.0,TIE,9.35,3,900,"{""stall_epochs"": 20, ""arc_rule"": ""safe"", ""nbr_compat"": true, ""restart_mode"": ""full"", ""rec_mode"": ""adaptive"", ""rec_patience"": 2, ""checkpoints"": [10, 20]}",Rdp208_copts_s8_20261003-055556_wc10_t10
wc10_t10,copts,rdp209,WC,8,10.0,3,910.5538,6910.5538,3,909.163356,6909.163356,0.0201,worse,5.48,5,1500,"{""stall_epochs"": 20, ""arc_rule"": ""safe"", ""nbr_compat"": true, ""restart_mode"": ""full"", ""rec_mode"": ""adaptive"", ""rec_patience"": 2, ""checkpoints"": [10, 20]}",Rdp209_copts_s8_20261003-055656_wc10_t10
wc10_t10,copts,rdp210,WC,8,10.0,3,939.3727,6939.3727,3,939.37268,6939.37268,0.0,TIE,9.98,5,1500,"{""stall_epochs"": 20, ""arc_rule"": ""safe"", ""nbr_compat"": true, ""restart_mode"": ""full"", ""rec_mode"": ""adaptive"", ""rec_patience"": 2, ""checkpoints"": [10, 20]}",Rdp210_copts_s8_20261003-055757_wc10_t10
wc10_t10,copts,rdp211,WC,8,10.0,2,904.0034,4904.0034,2,885.71139,4885.71139,0.3744,worse,5.23,3,900,"{""stall_epochs"": 20, ""arc_rule"": ""safe"", ""nbr_compat"": true, ""restart_mode"": ""full"", ""rec_mode"": ""adaptive"", ""rec_patience"": 2, ""checkpoints"": [10, 20]}",Rdp211_copts_s8_20261003-055857_wc10_t10
wc10_t10,copts,rcdp101,WC,8,10.0,14,1708.2099,29708.2099,14,1708.209858,29708.209858,-0.0,TIE,2.02,25,7500,"{""stall_epochs"": 20, ""arc_rule"": ""safe"", ""nbr_compat"": true, ""restart_mode"": ""full"", ""rec_mode"": ""adaptive"", ""rec_patience"": 2, ""checkpoints"": [10, 20]}",RCdp101_copts_s8_20261003-055957_wc10_t10
wc10_t10,copts,rcdp102,WC,8,10.0,12,1570.2804,25570.2804,12,1570.280395,25570.280395,-0.0,TIE,2.95,13,3900,"{""stall_epochs"": 20, ""arc_rule"": ""safe"", ""nbr_compat"": true, ""restart_mode"": ""full"", ""rec_mode"": ""adaptive"", ""rec_patience"": 2, ""checkpoints"": [10, 20]}",RCdp102_copts_s8_20261003-060057_wc10_t10
wc10_t10,copts,rcdp103,WC,8,10.0,11,1282.5279,23282.5279,11,1282.527877,23282.527877,-0.0,TIE,6.16,9,2700,"{""stall_epochs"": 20, ""arc_rule"": ""safe"", ""nbr_compat"": true, ""restart_mode"": ""full"", ""rec_mode"": ""adaptive"", ""rec_patience"": 2, ""checkpoints"": [10, 20]}",RCdp103_copts_s8_20261003-060158_wc10_t10
wc10_t10,copts,rcdp104,WC,8,10.0,10,1171.3664,21171.3664,10,1171.366445,21171.366445,-0.0,TIE,3.58,8,2400,"{""stall_epochs"": 20, ""arc_rule"": ""safe"", ""nbr_compat"": true, ""restart_mode"": ""full"", ""rec_mode"": ""adaptive"", ""rec_patience"": 2, ""checkpoints"": [10, 20]}",RCdp104_copts_s8_20261003-060258_wc10_t10
wc10_t10,copts,rcdp105,WC,8,10.0,13,1643.8432,27643.8432,13,1632.291239,27632.291239,0.0418,worse,8.23,15,4500,"{""stall_epochs"": 20, ""arc_rule"": ""safe"", ""nbr_compat"": true, ""restart_mode"": ""full"", ""rec_mode"": ""adaptive"", ""rec_patience"": 2, ""checkpoints"": [10, 20]}",RCdp105_copts_s8_20261003-060358_wc10_t10
wc10_t10,copts,rcdp106,WC,8,10.0,12,1392.4719,25392.4719,12,1392.471942,25392.471942,0.0,TIE,2.61,15,4500,"{""stall_epochs"": 20, ""arc_rule"": ""safe"", ""nbr_compat"": true, ""restart_mode"": ""full"", ""rec_mode"": ""adaptive"", ""rec_patience"": 2, ""checkpoints"": [10, 20]}",RCdp106_copts_s8_20261003-060458_wc10_t10
wc10_t10,copts,rcdp107,WC,8,10.0,11,1253.4471,23253.4471,11,1252.790063,23252.790063,0.0028,worse,8.41,9,2700,"{""stall_epochs"": 20, ""arc_rule"": ""safe"", ""nbr_compat"": true, ""restart_mode"": ""full"", ""rec_mode"": ""adaptive"", ""rec_patience"": 2, ""checkpoints"": [10, 20]}",RCdp107_copts_s8_20261003-060558_wc10_t10
wc10_t10,copts,rcdp108,WC,8,10.0,10,1181.9673,21181.9673,10,1177.984574,21177.984574,0.0188,worse,8.74,7,2100,"{""stall_epochs"": 20, ""arc_rule"": ""safe"", ""nbr_compat"": true, ""restart_mode"": ""full"", ""rec_mode"": ""adaptive"", ""rec_patience"": 2, ""checkpoints"": [10, 20]}",RCdp108_copts_s8_20261003-060658_wc10_t10
wc10_t10,copts,rcdp201,WC,8,10.0,4,1406.9401,9406.9401,4,1406.940088,9406.940088,-0.0,TIE,2.39,16,4800,"{""stall_epochs"": 20, ""arc_rule"": ""safe"", ""nbr_compat"": true, ""restart_mode"": ""full"", ""rec_mode"": ""adaptive"", ""rec_patience"": 2, ""checkpoints"": [10, 20]}",RCdp201_copts_s8_20261003-060758_wc10_t10
wc10_t10,copts,rcdp202,WC,8,10.0,3,1365.645,7365.645,3,1365.645031,7365.645031,0.0,TIE,5.44,7,2100,"{""stall_epochs"": 20, ""arc_rule"": ""safe"", ""nbr_compat"": true, ""restart_mode"": ""full"", ""rec_mode"": ""adaptive"", ""rec_patience"": 2, ""checkpoints"": [10, 20]}",RCdp202_copts_s8_20261003-060858_wc10_t10
wc10_t10,copts,rcdp203,WC,8,10.0,3,1050.451,7050.451,3,1049.624237,7049.624237,0.0117,worse,6.09,4,1200,"{""stall_epochs"": 20, ""arc_rule"": ""safe"", ""nbr_compat"": true, ""restart_mode"": ""full"", ""rec_mode"": ""adaptive"", ""rec_patience"": 2, ""checkpoints"": [10, 20]}",RCdp203_copts_s8_20261003-060959_wc10_t10
wc10_t10,copts,rcdp204,WC,8,10.0,3,798.9171,6798.9171,3,798.463581,6798.463581,0.0067,worse,9.39,4,1200,"{""stall_epochs"": 20, ""arc_rule"": ""safe"", ""nbr_compat"": true, ""restart_mode"": ""full"", ""rec_mode"": ""adaptive"", ""rec_patience"": 2, ""checkpoints"": [10, 20]}",RCdp204_copts_s8_20261003-061059_wc10_t10
wc10_t10,copts,rcdp205,WC,8,10.0,4,1297.6477,9297.6477,4,1297.647746,9297.647746,0.0,TIE,3.97,10,3000,"{""stall_epochs"": 20, ""arc_rule"": ""safe"", ""nbr_compat"": true, ""restart_mode"": ""full"", ""rec_mode"": ""adaptive"", ""rec_patience"": 2, ""checkpoints"": [10, 20]}",RCdp205_copts_s8_20261003-061159_wc10_t10
wc10_t10,copts,rcdp206,WC,8,10.0,3,1146.3172,7146.3172,3,1146.317229,7146.317229,0.0,TIE,7.02,8,2400,"{""stall_epochs"": 20, ""arc_rule"": ""safe"", ""nbr_compat"": true, ""restart_mode"": ""full"", ""rec_mode"": ""adaptive"", ""rec_patience"": 2, ""checkpoints"": [10, 20]}",RCdp206_copts_s8_20261003-061259_wc10_t10
wc10_t10,copts,rcdp207,WC,8,10.0,3,1061.1446,7061.1446,3,1061.144555,7061.144555,0.0,TIE,9.54,5,1500,"{""stall_epochs"": 20, ""arc_rule"": ""safe"", ""nbr_compat"": true, ""restart_mode"": ""full"", ""rec_mode"": ""adaptive"", ""rec_patience"": 2, ""checkpoints"": [10, 20]}",RCdp207_copts_s8_20261003-061359_wc10_t10
wc10_t10,copts,rcdp208,WC,8,10.0,3,829.6946,6829.6946,3,828.141442,6828.141442,0.0227,worse,7.69,3,900,"{""stall_epochs"": 20, ""arc_rule"": ""safe"", ""nbr_compat"": true, ""restart_mode"": ""full"", ""rec_mode"": ""adaptive"", ""rec_patience"": 2, ""checkpoints"": [10, 20]}",RCdp208_copts_s8_20261003-061459_wc10_t10
wc10_t10,copts,cdp101,WC,9,10.0,11,976.0414,22976.0414,11,976.041384,22976.041384,0.0,TIE,0.29,35,10500,"{""stall_epochs"": 20, ""arc_rule"": ""safe"", ""nbr_compat"": true, ""restart_mode"": ""full"", ""rec_mode"": ""adaptive"", ""rec_patience"": 2, ""checkpoints"": [10, 20]}",Cdp101_copts_s9_20261003-061803_wc10_t10
wc10_t10,copts,cdp102,WC,9,10.0,10,941.485,20941.485,10,941.485039,20941.485039,0.0,TIE,1.32,14,4200,"{""stall_epochs"": 20, ""arc_rule"": ""safe"", ""nbr_compat"": true, ""restart_mode"": ""full"", ""rec_mode"": ""adaptive"", ""rec_patience"": 2, ""checkpoints"": [10, 20]}",Cdp102_copts_s9_20261003-061903_wc10_t10
wc10_t10,copts,cdp103,WC,9,10.0,10,892.9822,20892.9822,10,892.982246,20892.982246,-0.0,TIE,1.94,10,3000,"{""stall_epochs"": 20, ""arc_rule"": ""safe"", ""nbr_compat"": true, ""restart_mode"": ""full"", ""rec_mode"": ""adaptive"", ""rec_patience"": 2, ""checkpoints"": [10, 20]}",Cdp103_copts_s9_20261003-062003_wc10_t10
wc10_t10,copts,cdp104,WC,9,10.0,10,871.4032,20871.4032,10,871.403177,20871.403177,0.0,TIE,3.23,9,2700,"{""stall_epochs"": 20, ""arc_rule"": ""safe"", ""nbr_compat"": true, ""restart_mode"": ""full"", ""rec_mode"": ""adaptive"", ""rec_patience"": 2, ""checkpoints"": [10, 20]}",Cdp104_copts_s9_20261003-062104_wc10_t10
wc10_t10,copts,cdp105,WC,9,10.0,10,1053.1171,21053.1171,10,1053.117064,21053.117064,0.0,TIE,0.72,28,8400,"{""stall_epochs"": 20, ""arc_rule"": ""safe"", ""nbr_compat"": true, ""restart_mode"": ""full"", ""rec_mode"": ""adaptive"", ""rec_patience"": 2, ""checkpoints"": [10, 20]}",Cdp105_copts_s9_20261003-062204_wc10_t10
wc10_t10,copts,cdp106,WC,9,10.0,10,963.4525,20963.4525,10,963.452492,20963.452492,-0.0,TIE,8.75,26,7800,"{""stall_epochs"": 20, ""arc_rule"": ""safe"", ""nbr_compat"": true, ""restart_mode"": ""full"", ""rec_mode"": ""adaptive"", ""rec_patience"": 2, ""checkpoints"": [10, 20]}",Cdp106_copts_s9_20261003-062304_wc10_t10
wc10_t10,copts,cdp107,WC,9,10.0,10,987.6388,20987.6388,10,987.638782,20987.638782,-0.0,TIE,2.29,26,7800,"{""stall_epochs"": 20, ""arc_rule"": ""safe"", ""nbr_compat"": true, ""restart_mode"": ""full"", ""rec_mode"": ""adaptive"", ""rec_patience"": 2, ""checkpoints"": [10, 20]}",Cdp107_copts_s9_20261003-062404_wc10_t10
wc10_t10,copts,cdp108,WC,9,10.0,10,932.4947,20932.4947,10,932.494665,20932.494665,0.0,TIE,0.5,21,6300,"{""stall_epochs"": 20, ""arc_rule"": ""safe"", ""nbr_compat"": true, ""restart_mode"": ""full"", ""rec_mode"": ""adaptive"", ""rec_patience"": 2, ""checkpoints"": [10, 20]}",Cdp108_copts_s9_20261003-062504_wc10_t10
wc10_t10,copts,cdp109,WC,9,10.0,10,909.266,20909.266,10,909.26601,20909.26601,0.0,TIE,0.62,16,4800,"{""stall_epochs"": 20, ""arc_rule"": ""safe"", ""nbr_compat"": true, ""restart_mode"": ""full"", ""rec_mode"": ""adaptive"", ""rec_patience"": 2, ""checkpoints"": [10, 20]}",Cdp109_copts_s9_20261003-062604_wc10_t10
wc10_t10,copts,cdp201,WC,9,10.0,3,591.5566,6591.5566,3,591.556557,6591.556557,-0.0,TIE,5.86,38,11400,"{""stall_epochs"": 20, ""arc_rule"": ""safe"", ""nbr_compat"": true, ""restart_mode"": ""full"", ""rec_mode"": ""adaptive"", ""rec_patience"": 2, ""checkpoints"": [10, 20]}",Cdp201_copts_s9_20261003-062704_wc10_t10
wc10_t10,copts,cdp202,WC,9,10.0,3,591.5566,6591.5566,3,591.556557,6591.556557,-0.0,TIE,1.21,8,2400,"{""stall_epochs"": 20, ""arc_rule"": ""safe"", ""nbr_compat"": true, ""restart_mode"": ""full"", ""rec_mode"": ""adaptive"", ""rec_patience"": 2, ""checkpoints"": [10, 20]}",Cdp202_copts_s9_20261003-062804_wc10_t10
wc10_t10,copts,cdp203,WC,9,10.0,3,591.1734,6591.1734,3,591.173443,6591.173443,-0.0,TIE,1.73,5,1500,"{""stall_epochs"": 20, ""arc_rule"": ""safe"", ""nbr_compat"": true, ""restart_mode"": ""full"", ""rec_mode"": ""adaptive"", ""rec_patience"": 2, ""checkpoints"": [10, 20]}",Cdp203_copts_s9_20261003-062904_wc10_t10
wc10_t10,copts,cdp204,WC,9,10.0,3,590.5987,6590.5987,3,590.598746,6590.598746,-0.0,TIE,1.99,4,1200,"{""stall_epochs"": 20, ""arc_rule"": ""safe"", ""nbr_compat"": true, ""restart_mode"": ""full"", ""rec_mode"": ""adaptive"", ""rec_patience"": 2, ""checkpoints"": [10, 20]}",Cdp204_copts_s9_20261003-063004_wc10_t10
wc10_t10,copts,cdp205,WC,9,10.0,3,588.876,6588.876,3,588.875963,6588.875963,-0.0,TIE,0.47,21,6300,"{""stall_epochs"": 20, ""arc_rule"": ""safe"", ""nbr_compat"": true, ""restart_mode"": ""full"", ""rec_mode"": ""adaptive"", ""rec_patience"": 2, ""checkpoints"": [10, 20]}",Cdp205_copts_s9_20261003-063104_wc10_t10
wc10_t10,copts,cdp206,WC,9,10.0,3,588.4928,6588.4928,3,588.492849,6588.492849,-0.0,TIE,0.73,13,3900,"{""stall_epochs"": 20, ""arc_rule"": ""safe"", ""nbr_compat"": true, ""restart_mode"": ""full"", ""rec_mode"": ""adaptive"", ""rec_patience"": 2, ""checkpoints"": [10, 20]}",Cdp206_copts_s9_20261003-063204_wc10_t10
wc10_t10,copts,cdp207,WC,9,10.0,3,588.2863,6588.2863,3,588.286321,6588.286321,0.0,TIE,0.84,11,3300,"{""stall_epochs"": 20, ""arc_rule"": ""safe"", ""nbr_compat"": true, ""restart_mode"": ""full"", ""rec_mode"": ""adaptive"", ""rec_patience"": 2, ""checkpoints"": [10, 20]}",Cdp207_copts_s9_20261003-063305_wc10_t10
wc10_t10,copts,cdp208,WC,9,10.0,3,588.3238,6588.3238,3,588.323801,6588.323801,-0.0,TIE,0.9,11,3300,"{""stall_epochs"": 20, ""arc_rule"": ""safe"", ""nbr_compat"": true, ""restart_mode"": ""full"", ""rec_mode"": ""adaptive"", ""rec_patience"": 2, ""checkpoints"": [10, 20]}",Cdp208_copts_s9_20261003-063405_wc10_t10
wc10_t10,copts,rdp101,WC,9,10.0,19,1650.7992,39650.7992,19,1650.79924,39650.79924,-0.0,TIE,0.58,34,10200,"{""stall_epochs"": 20, ""arc_rule"": ""safe"", ""nbr_compat"": true, ""restart_mode"": ""full"", ""rec_mode"": ""adaptive"", ""rec_patience"": 2, ""checkpoints"": [10, 20]}",Rdp101_copts_s9_20261003-063505_wc10_t10
wc10_t10,copts,rdp102,WC,9,10.0,17,1486.1195,35486.1195,17,1486.119471,35486.119471,0.0,TIE,1.84,16,4800,"{""stall_epochs"": 20, ""arc_rule"": ""safe"", ""nbr_compat"": true, ""restart_mode"": ""full"", ""rec_mode"": ""adaptive"", ""rec_patience"": 2, ""checkpoints"": [10, 20]}",Rdp102_copts_s9_20261003-063605_wc10_t10
wc10_t10,copts,rdp103,WC,9,10.0,13,1294.6398,27294.6398,13,1294.639843,27294.639843,0.0,TIE,3.64,11,3300,"{""stall_epochs"": 20, ""arc_rule"": ""safe"", ""nbr_compat"": true, ""restart_mode"": ""full"", ""rec_mode"": ""adaptive"", ""rec_patience"": 2, ""checkpoints"": [10, 20]}",Rdp103_copts_s9_20261003-063705_wc10_t10
wc10_t10,copts,rdp104,WC,9,10.0,10,984.81,20984.81,9,1026.417258,19026.417258,10.293,worse,2.53,7,2100,"{""stall_epochs"": 20, ""arc_rule"": ""safe"", ""nbr_compat"": true, ""restart_mode"": ""full"", ""rec_mode"": ""adaptive"", ""rec_patience"": 2, ""checkpoints"": [10, 20]}",Rdp104_copts_s9_20261003-063805_wc10_t10
wc10_t10,copts,rdp105,WC,9,10.0,14,1377.111,29377.111,14,1377.111018,29377.111018,-0.0,TIE,9.32,23,6900,"{""stall_epochs"": 20, ""arc_rule"": ""safe"", ""nbr_compat"": true, ""restart_mode"": ""full"", ""rec_mode"": ""adaptive"", ""rec_patience"": 2, ""checkpoints"": [10, 20]}",Rdp105_copts_s9_20261003-063905_wc10_t10
wc10_t10,copts,rdp106,WC,9,10.0,12,1252.0307,25252.0307,12,1252.030746,25252.030746,-0.0,TIE,1.61,12,3600,"{""stall_epochs"": 20, ""arc_rule"": ""safe"", ""nbr_compat"": true, ""restart_mode"": ""full"", ""rec_mode"": ""adaptive"", ""rec_patience"": 2, ""checkpoints"": [10, 20]}",Rdp106_copts_s9_20261003-064005_wc10_t10
wc10_t10,copts,rdp107,WC,9,10.0,10,1112.5512,21112.5512,10,1112.551177,21112.551177,0.0,TIE,4.53,8,2400,"{""stall_epochs"": 20, ""arc_rule"": ""safe"", ""nbr_compat"": true, ""restart_mode"": ""full"", ""rec_mode"": ""adaptive"", ""rec_patience"": 2, ""checkpoints"": [10, 20]}",Rdp107_copts_s9_20261003-064105_wc10_t10
wc10_t10,copts,rdp108,WC,9,10.0,9,965.2179,18965.2179,9,965.217944,18965.217944,-0.0,TIE,5.46,7,2100,"{""stall_epochs"": 20, ""arc_rule"": ""safe"", ""nbr_compat"": true, ""restart_mode"": ""full"", ""rec_mode"": ""adaptive"", ""rec_patience"": 2, ""checkpoints"": [10, 20]}",Rdp108_copts_s9_20261003-064205_wc10_t10
wc10_t10,copts,rdp109,WC,9,10.0,11,1194.7341,23194.7341,11,1194.734098,23194.734098,-0.0,TIE,2.66,14,4200,"{""stall_epochs"": 20, ""arc_rule"": ""safe"", ""nbr_compat"": true, ""restart_mode"": ""full"", ""rec_mode"": ""adaptive"", ""rec_patience"": 2, ""checkpoints"": [10, 20]}",Rdp109_copts_s9_20261003-064306_wc10_t10
wc10_t10,copts,rdp110,WC,9,10.0,10,1121.457,21121.457,10,1121.456956,21121.456956,0.0,TIE,5.15,9,2700,"{""stall_epochs"": 20, ""arc_rule"": ""safe"", ""nbr_compat"": true, ""restart_mode"": ""full"", ""rec_mode"": ""adaptive"", ""rec_patience"": 2, ""checkpoints"": [10, 20]}",Rdp110_copts_s9_20261003-064406_wc10_t10
wc10_t10,copts,rdp111,WC,9,10.0,10,1098.8443,21098.8443,10,1098.844288,21098.844288,0.0,TIE,6.48,9,2700,"{""stall_epochs"": 20, ""arc_rule"": ""safe"", ""nbr_compat"": true, ""restart_mode"": ""full"", ""rec_mode"": ""adaptive"", ""rec_patience"": 2, ""checkpoints"": [10, 20]}",Rdp111_copts_s9_20261003-064506_wc10_t10
wc10_t10,copts,rdp112,WC,9,10.0,9,1015.3696,19015.3696,9,997.264803,18997.264803,0.0953,worse,5.76,6,1800,"{""stall_epochs"": 20, ""arc_rule"": ""safe"", ""nbr_compat"": true, ""restart_mode"": ""full"", ""rec_mode"": ""adaptive"", ""rec_patience"": 2, ""checkpoints"": [10, 20]}",Rdp112_copts_s9_20261003-064606_wc10_t10
wc10_t10,copts,rdp201,WC,9,10.0,4,1252.3712,9252.3712,4,1252.371222,9252.371222,-0.0,TIE,3.1,15,4500,"{""stall_epochs"": 20, ""arc_rule"": ""safe"", ""nbr_compat"": true, ""restart_mode"": ""full"", ""rec_mode"": ""adaptive"", ""rec_patience"": 2, ""checkpoints"": [10, 20]}",Rdp201_copts_s9_20261003-064706_wc10_t10
wc10_t10,copts,rdp202,WC,9,10.0,3,1191.703,7191.703,3,1191.702969,7191.702969,-0.0,TIE,3.15,6,1800,"{""stall_epochs"": 20, ""arc_rule"": ""safe"", ""nbr_compat"": true, ""restart_mode"": ""full"", ""rec_mode"": ""adaptive"", ""rec_patience"": 2, ""checkpoints"": [10, 20]}",Rdp202_copts_s9_20261003-064806_wc10_t10
wc10_t10,copts,rdp203,WC,9,10.0,3,939.581,6939.581,3,939.50332,6939.50332,0.0011,worse,8.65,4,1200,"{""stall_epochs"": 20, ""arc_rule"": ""safe"", ""nbr_compat"": true, ""restart_mode"": ""full"", ""rec_mode"": ""adaptive"", ""rec_patience"": 2, ""checkpoints"": [10, 20]}",Rdp203_copts_s9_20261003-064907_wc10_t10
wc10_t10,copts,rdp204,WC,9,10.0,2,835.2658,4835.2658,2,825.519293,4825.519293,0.202,worse,8.14,3,900,"{""stall_epochs"": 20, ""arc_rule"": ""safe"", ""nbr_compat"": true, ""restart_mode"": ""full"", ""rec_mode"": ""adaptive"", ""rec_patience"": 2, ""checkpoints"": [10, 20]}",Rdp204_copts_s9_20261003-065007_wc10_t10
wc10_t10,copts,rdp205,WC,9,10.0,3,994.4277,6994.4277,3,994.427657,6994.427657,-0.0,TIE,9.9,8,2400,"{""stall_epochs"": 20, ""arc_rule"": ""safe"", ""nbr_compat"": true, ""restart_mode"": ""full"", ""rec_mode"": ""adaptive"", ""rec_patience"": 2, ""checkpoints"": [10, 20]}",Rdp205_copts_s9_20261003-065107_wc10_t10
wc10_t10,copts,rdp206,WC,9,10.0,3,913.3575,6913.3575,3,906.142079,6906.142079,0.1045,worse,8.23,4,1200,"{""stall_epochs"": 20, ""arc_rule"": ""safe"", ""nbr_compat"": true, ""restart_mode"": ""full"", ""rec_mode"": ""adaptive"", ""rec_patience"": 2, ""checkpoints"": [10, 20]}",Rdp206_copts_s9_20261003-065207_wc10_t10
wc10_t10,copts,rdp207,WC,9,10.0,2,893.4739,4893.4739,2,890.608295,4890.608295,0.0586,worse,9.88,4,1200,"{""stall_epochs"": 20, ""arc_rule"": ""safe"", ""nbr_compat"": true, ""restart_mode"": ""full"", ""rec_mode"": ""adaptive"", ""rec_patience"": 2, ""checkpoints"": [10, 20]}",Rdp207_copts_s9_20261003-065307_wc10_t10
wc10_t10,copts,rdp208,WC,9,10.0,2,726.8228,4726.8228,2,726.822786,4726.822786,-0.0,TIE,9.28,3,900,"{""stall_epochs"": 20, ""arc_rule"": ""safe"", ""nbr_compat"": true, ""restart_mode"": ""full"", ""rec_mode"": ""adaptive"", ""rec_patience"": 2, ""checkpoints"": [10, 20]}",Rdp208_copts_s9_20261003-065408_wc10_t10
wc10_t10,copts,rdp209,WC,9,10.0,3,910.5538,6910.5538,3,909.163356,6909.163356,0.0201,worse,9.15,5,1500,"{""stall_epochs"": 20, ""arc_rule"": ""safe"", ""nbr_compat"": true, ""restart_mode"": ""full"", ""rec_mode"": ""adaptive"", ""rec_patience"": 2, ""checkpoints"": [10, 20]}",Rdp209_copts_s9_20261003-065508_wc10_t10
wc10_t10,copts,rdp210,WC,9,10.0,3,939.3727,6939.3727,3,939.37268,6939.37268,0.0,TIE,5.97,5,1500,"{""stall_epochs"": 20, ""arc_rule"": ""safe"", ""nbr_compat"": true, ""restart_mode"": ""full"", ""rec_mode"": ""adaptive"", ""rec_patience"": 2, ""checkpoints"": [10, 20]}",Rdp210_copts_s9_20261003-065608_wc10_t10
wc10_t10,copts,rdp211,WC,9,10.0,2,909.9854,4909.9854,2,885.71139,4885.71139,0.4968,worse,2.66,3,900,"{""stall_epochs"": 20, ""arc_rule"": ""safe"", ""nbr_compat"": true, ""restart_mode"": ""full"", ""rec_mode"": ""adaptive"", ""rec_patience"": 2, ""checkpoints"": [10, 20]}",Rdp211_copts_s9_20261003-065708_wc10_t10
wc10_t10,copts,rcdp101,WC,9,10.0,14,1708.2099,29708.2099,14,1708.209858,29708.209858,-0.0,TIE,6.64,25,7500,"{""stall_epochs"": 20, ""arc_rule"": ""safe"", ""nbr_compat"": true, ""restart_mode"": ""full"", ""rec_mode"": ""adaptive"", ""rec_patience"": 2, ""checkpoints"": [10, 20]}",RCdp101_copts_s9_20261003-065808_wc10_t10
wc10_t10,copts,rcdp102,WC,9,10.0,12,1570.2804,25570.2804,12,1570.280395,25570.280395,-0.0,TIE,3.7,13,3900,"{""stall_epochs"": 20, ""arc_rule"": ""safe"", ""nbr_compat"": true, ""restart_mode"": ""full"", ""rec_mode"": ""adaptive"", ""rec_patience"": 2, ""checkpoints"": [10, 20]}",RCdp102_copts_s9_20261003-065908_wc10_t10
wc10_t10,copts,rcdp103,WC,9,10.0,11,1282.5279,23282.5279,11,1282.527877,23282.527877,-0.0,TIE,5.11,9,2700,"{""stall_epochs"": 20, ""arc_rule"": ""safe"", ""nbr_compat"": true, ""restart_mode"": ""full"", ""rec_mode"": ""adaptive"", ""rec_patience"": 2, ""checkpoints"": [10, 20]}",RCdp103_copts_s9_20261003-070008_wc10_t10
wc10_t10,copts,rcdp104,WC,9,10.0,10,1171.3664,21171.3664,10,1171.366445,21171.366445,-0.0,TIE,7.17,8,2400,"{""stall_epochs"": 20, ""arc_rule"": ""safe"", ""nbr_compat"": true, ""restart_mode"": ""full"", ""rec_mode"": ""adaptive"", ""rec_patience"": 2, ""checkpoints"": [10, 20]}",RCdp104_copts_s9_20261003-070108_wc10_t10
wc10_t10,copts,rcdp105,WC,9,10.0,13,1636.4544,27636.4544,13,1632.291239,27632.291239,0.0151,worse,9.54,15,4500,"{""stall_epochs"": 20, ""arc_rule"": ""safe"", ""nbr_compat"": true, ""restart_mode"": ""full"", ""rec_mode"": ""adaptive"", ""rec_patience"": 2, ""checkpoints"": [10, 20]}",RCdp105_copts_s9_20261003-070208_wc10_t10
wc10_t10,copts,rcdp106,WC,9,10.0,12,1392.4719,25392.4719,12,1392.471942,25392.471942,0.0,TIE,2.59,15,4500,"{""stall_epochs"": 20, ""arc_rule"": ""safe"", ""nbr_compat"": true, ""restart_mode"": ""full"", ""rec_mode"": ""adaptive"", ""rec_patience"": 2, ""checkpoints"": [10, 20]}",RCdp106_copts_s9_20261003-070308_wc10_t10
wc10_t10,copts,rcdp107,WC,9,10.0,11,1255.9517,23255.9517,11,1252.790063,23252.790063,0.0136,worse,8.5,9,2700,"{""stall_epochs"": 20, ""arc_rule"": ""safe"", ""nbr_compat"": true, ""restart_mode"": ""full"", ""rec_mode"": ""adaptive"", ""rec_patience"": 2, ""checkpoints"": [10, 20]}",RCdp107_copts_s9_20261003-070409_wc10_t10
wc10_t10,copts,rcdp108,WC,9,10.0,10,1178.569,21178.569,10,1177.984574,21177.984574,0.0028,worse,8.73,8,2400,"{""stall_epochs"": 20, ""arc_rule"": ""safe"", ""nbr_compat"": true, ""restart_mode"": ""full"", ""rec_mode"": ""adaptive"", ""rec_patience"": 2, ""checkpoints"": [10, 20]}",RCdp108_copts_s9_20261003-070509_wc10_t10
wc10_t10,copts,rcdp201,WC,9,10.0,4,1406.9401,9406.9401,4,1406.940088,9406.940088,-0.0,TIE,1.75,16,4800,"{""stall_epochs"": 20, ""arc_rule"": ""safe"", ""nbr_compat"": true, ""restart_mode"": ""full"", ""rec_mode"": ""adaptive"", ""rec_patience"": 2, ""checkpoints"": [10, 20]}",RCdp201_copts_s9_20261003-070609_wc10_t10
wc10_t10,copts,rcdp202,WC,9,10.0,3,1365.645,7365.645,3,1365.645031,7365.645031,0.0,TIE,6.81,7,2100,"{""stall_epochs"": 20, ""arc_rule"": ""safe"", ""nbr_compat"": true, ""restart_mode"": ""full"", ""rec_mode"": ""adaptive"", ""rec_patience"": 2, ""checkpoints"": [10, 20]}",RCdp202_copts_s9_20261003-070709_wc10_t10
wc10_t10,copts,rcdp203,WC,9,10.0,3,1050.6351,7050.6351,3,1049.624237,7049.624237,0.0143,worse,8.14,4,1200,"{""stall_epochs"": 20, ""arc_rule"": ""safe"", ""nbr_compat"": true, ""restart_mode"": ""full"", ""rec_mode"": ""adaptive"", ""rec_patience"": 2, ""checkpoints"": [10, 20]}",RCdp203_copts_s9_20261003-070809_wc10_t10
wc10_t10,copts,rcdp204,WC,9,10.0,3,799.1559,6799.1559,3,798.463581,6798.463581,0.0102,worse,9.4,4,1200,"{""stall_epochs"": 20, ""arc_rule"": ""safe"", ""nbr_compat"": true, ""restart_mode"": ""full"", ""rec_mode"": ""adaptive"", ""rec_patience"": 2, ""checkpoints"": [10, 20]}",RCdp204_copts_s9_20261003-070909_wc10_t10
wc10_t10,copts,rcdp205,WC,9,10.0,4,1297.6477,9297.6477,4,1297.647746,9297.647746,0.0,TIE,2.99,10,3000,"{""stall_epochs"": 20, ""arc_rule"": ""safe"", ""nbr_compat"": true, ""restart_mode"": ""full"", ""rec_mode"": ""adaptive"", ""rec_patience"": 2, ""checkpoints"": [10, 20]}",RCdp205_copts_s9_20261003-071009_wc10_t10
wc10_t10,copts,rcdp206,WC,9,10.0,3,1153.6862,7153.6862,3,1146.317229,7146.317229,0.1031,worse,7.08,8,2400,"{""stall_epochs"": 20, ""arc_rule"": ""safe"", ""nbr_compat"": true, ""restart_mode"": ""full"", ""rec_mode"": ""adaptive"", ""rec_patience"": 2, ""checkpoints"": [10, 20]}",RCdp206_copts_s9_20261003-071109_wc10_t10
wc10_t10,copts,rcdp207,WC,9,10.0,3,1063.5553,7063.5553,3,1061.144555,7061.144555,0.0341,worse,9.49,5,1500,"{""stall_epochs"": 20, ""arc_rule"": ""safe"", ""nbr_compat"": true, ""restart_mode"": ""full"", ""rec_mode"": ""adaptive"", ""rec_patience"": 2, ""checkpoints"": [10, 20]}",RCdp207_copts_s9_20261003-071210_wc10_t10
wc10_t10,copts,rcdp208,WC,9,10.0,3,830.6185,6830.6185,3,828.141442,6828.141442,0.0363,worse,5.13,3,900,"{""stall_epochs"": 20, ""arc_rule"": ""safe"", ""nbr_compat"": true, ""restart_mode"": ""full"", ""rec_mode"": ""adaptive"", ""rec_patience"": 2, ""checkpoints"": [10, 20]}",RCdp208_copts_s9_20261003-071310_wc10_t10
wc10_t10,copts,cdp101,WC,10,10.0,11,976.0414,22976.0414,11,976.041384,22976.041384,0.0,TIE,6.11,35,10500,"{""stall_epochs"": 20, ""arc_rule"": ""safe"", ""nbr_compat"": true, ""restart_mode"": ""full"", ""rec_mode"": ""adaptive"", ""rec_patience"": 2, ""checkpoints"": [10, 20]}",Cdp101_copts_s10_20261003-071614_wc10_t10
wc10_t10,copts,cdp102,WC,10,10.0,10,941.485,20941.485,10,941.485039,20941.485039,0.0,TIE,0.67,15,4500,"{""stall_epochs"": 20, ""arc_rule"": ""safe"", ""nbr_compat"": true, ""restart_mode"": ""full"", ""rec_mode"": ""adaptive"", ""rec_patience"": 2, ""checkpoints"": [10, 20]}",Cdp102_copts_s10_20261003-071714_wc10_t10
wc10_t10,copts,cdp103,WC,10,10.0,10,892.9822,20892.9822,10,892.982246,20892.982246,-0.0,TIE,2.91,10,3000,"{""stall_epochs"": 20, ""arc_rule"": ""safe"", ""nbr_compat"": true, ""restart_mode"": ""full"", ""rec_mode"": ""adaptive"", ""rec_patience"": 2, ""checkpoints"": [10, 20]}",Cdp103_copts_s10_20261003-071814_wc10_t10
wc10_t10,copts,cdp104,WC,10,10.0,10,871.4032,20871.4032,10,871.403177,20871.403177,0.0,TIE,2.1,9,2700,"{""stall_epochs"": 20, ""arc_rule"": ""safe"", ""nbr_compat"": true, ""restart_mode"": ""full"", ""rec_mode"": ""adaptive"", ""rec_patience"": 2, ""checkpoints"": [10, 20]}",Cdp104_copts_s10_20261003-071914_wc10_t10
wc10_t10,copts,cdp105,WC,10,10.0,10,1053.1171,21053.1171,10,1053.117064,21053.117064,0.0,TIE,0.35,28,8400,"{""stall_epochs"": 20, ""arc_rule"": ""safe"", ""nbr_compat"": true, ""restart_mode"": ""full"", ""rec_mode"": ""adaptive"", ""rec_patience"": 2, ""checkpoints"": [10, 20]}",Cdp105_copts_s10_20261003-072014_wc10_t10
wc10_t10,copts,cdp106,WC,10,10.0,10,963.4525,20963.4525,10,963.452492,20963.452492,-0.0,TIE,9.18,26,7800,"{""stall_epochs"": 20, ""arc_rule"": ""safe"", ""nbr_compat"": true, ""restart_mode"": ""full"", ""rec_mode"": ""adaptive"", ""rec_patience"": 2, ""checkpoints"": [10, 20]}",Cdp106_copts_s10_20261003-072114_wc10_t10
wc10_t10,copts,cdp107,WC,10,10.0,10,987.6388,20987.6388,10,987.638782,20987.638782,-0.0,TIE,0.78,26,7800,"{""stall_epochs"": 20, ""arc_rule"": ""safe"", ""nbr_compat"": true, ""restart_mode"": ""full"", ""rec_mode"": ""adaptive"", ""rec_patience"": 2, ""checkpoints"": [10, 20]}",Cdp107_copts_s10_20261003-072214_wc10_t10
wc10_t10,copts,cdp108,WC,10,10.0,10,932.4947,20932.4947,10,932.494665,20932.494665,0.0,TIE,0.49,21,6300,"{""stall_epochs"": 20, ""arc_rule"": ""safe"", ""nbr_compat"": true, ""restart_mode"": ""full"", ""rec_mode"": ""adaptive"", ""rec_patience"": 2, ""checkpoints"": [10, 20]}",Cdp108_copts_s10_20261003-072314_wc10_t10
wc10_t10,copts,cdp109,WC,10,10.0,10,909.266,20909.266,10,909.26601,20909.26601,0.0,TIE,0.61,16,4800,"{""stall_epochs"": 20, ""arc_rule"": ""safe"", ""nbr_compat"": true, ""restart_mode"": ""full"", ""rec_mode"": ""adaptive"", ""rec_patience"": 2, ""checkpoints"": [10, 20]}",Cdp109_copts_s10_20261003-072414_wc10_t10
wc10_t10,copts,cdp201,WC,10,10.0,3,591.5566,6591.5566,3,591.556557,6591.556557,-0.0,TIE,0.27,38,11400,"{""stall_epochs"": 20, ""arc_rule"": ""safe"", ""nbr_compat"": true, ""restart_mode"": ""full"", ""rec_mode"": ""adaptive"", ""rec_patience"": 2, ""checkpoints"": [10, 20]}",Cdp201_copts_s10_20261003-072514_wc10_t10
wc10_t10,copts,cdp202,WC,10,10.0,3,591.5566,6591.5566,3,591.556557,6591.556557,-0.0,TIE,1.22,8,2400,"{""stall_epochs"": 20, ""arc_rule"": ""safe"", ""nbr_compat"": true, ""restart_mode"": ""full"", ""rec_mode"": ""adaptive"", ""rec_patience"": 2, ""checkpoints"": [10, 20]}",Cdp202_copts_s10_20261003-072614_wc10_t10
wc10_t10,copts,cdp203,WC,10,10.0,3,591.1734,6591.1734,3,591.173443,6591.173443,-0.0,TIE,1.72,5,1500,"{""stall_epochs"": 20, ""arc_rule"": ""safe"", ""nbr_compat"": true, ""restart_mode"": ""full"", ""rec_mode"": ""adaptive"", ""rec_patience"": 2, ""checkpoints"": [10, 20]}",Cdp203_copts_s10_20261003-072715_wc10_t10
wc10_t10,copts,cdp204,WC,10,10.0,3,590.5987,6590.5987,3,590.598746,6590.598746,-0.0,TIE,1.98,4,1200,"{""stall_epochs"": 20, ""arc_rule"": ""safe"", ""nbr_compat"": true, ""restart_mode"": ""full"", ""rec_mode"": ""adaptive"", ""rec_patience"": 2, ""checkpoints"": [10, 20]}",Cdp204_copts_s10_20261003-072815_wc10_t10
wc10_t10,copts,cdp205,WC,10,10.0,3,588.876,6588.876,3,588.875963,6588.875963,-0.0,TIE,0.49,21,6300,"{""stall_epochs"": 20, ""arc_rule"": ""safe"", ""nbr_compat"": true, ""restart_mode"": ""full"", ""rec_mode"": ""adaptive"", ""rec_patience"": 2, ""checkpoints"": [10, 20]}",Cdp205_copts_s10_20261003-072915_wc10_t10
wc10_t10,copts,cdp206,WC,10,10.0,3,588.4928,6588.4928,3,588.492849,6588.492849,-0.0,TIE,0.73,13,3900,"{""stall_epochs"": 20, ""arc_rule"": ""safe"", ""nbr_compat"": true, ""restart_mode"": ""full"", ""rec_mode"": ""adaptive"", ""rec_patience"": 2, ""checkpoints"": [10, 20]}",Cdp206_copts_s10_20261003-073015_wc10_t10
wc10_t10,copts,cdp207,WC,10,10.0,3,588.2863,6588.2863,3,588.286321,6588.286321,0.0,TIE,0.85,11,3300,"{""stall_epochs"": 20, ""arc_rule"": ""safe"", ""nbr_compat"": true, ""restart_mode"": ""full"", ""rec_mode"": ""adaptive"", ""rec_patience"": 2, ""checkpoints"": [10, 20]}",Cdp207_copts_s10_20261003-073115_wc10_t10
wc10_t10,copts,cdp208,WC,10,10.0,3,588.3238,6588.3238,3,588.323801,6588.323801,-0.0,TIE,0.91,11,3300,"{""stall_epochs"": 20, ""arc_rule"": ""safe"", ""nbr_compat"": true, ""restart_mode"": ""full"", ""rec_mode"": ""adaptive"", ""rec_patience"": 2, ""checkpoints"": [10, 20]}",Cdp208_copts_s10_20261003-073215_wc10_t10
wc10_t10,copts,rdp101,WC,10,10.0,19,1650.7992,39650.7992,19,1650.79924,39650.79924,-0.0,TIE,0.58,34,10200,"{""stall_epochs"": 20, ""arc_rule"": ""safe"", ""nbr_compat"": true, ""restart_mode"": ""full"", ""rec_mode"": ""adaptive"", ""rec_patience"": 2, ""checkpoints"": [10, 20]}",Rdp101_copts_s10_20261003-073315_wc10_t10
wc10_t10,copts,rdp102,WC,10,10.0,17,1486.1195,35486.1195,17,1486.119471,35486.119471,0.0,TIE,1.87,16,4800,"{""stall_epochs"": 20, ""arc_rule"": ""safe"", ""nbr_compat"": true, ""restart_mode"": ""full"", ""rec_mode"": ""adaptive"", ""rec_patience"": 2, ""checkpoints"": [10, 20]}",Rdp102_copts_s10_20261003-073415_wc10_t10
wc10_t10,copts,rdp103,WC,10,10.0,13,1294.6398,27294.6398,13,1294.639843,27294.639843,0.0,TIE,5.47,11,3300,"{""stall_epochs"": 20, ""arc_rule"": ""safe"", ""nbr_compat"": true, ""restart_mode"": ""full"", ""rec_mode"": ""adaptive"", ""rec_patience"": 2, ""checkpoints"": [10, 20]}",Rdp103_copts_s10_20261003-073516_wc10_t10
wc10_t10,copts,rdp104,WC,10,10.0,9,1017.2215,19017.2215,9,1026.417258,19026.417258,-0.0483,NEW_BEST,5.12,7,2100,"{""stall_epochs"": 20, ""arc_rule"": ""safe"", ""nbr_compat"": true, ""restart_mode"": ""full"", ""rec_mode"": ""adaptive"", ""rec_patience"": 2, ""checkpoints"": [10, 20]}",Rdp104_copts_s10_20261003-073616_wc10_t10
wc10_t10,copts,rdp105,WC,10,10.0,14,1377.111,29377.111,14,1377.111018,29377.111018,-0.0,TIE,0.45,23,6900,"{""stall_epochs"": 20, ""arc_rule"": ""safe"", ""nbr_compat"": true, ""restart_mode"": ""full"", ""rec_mode"": ""adaptive"", ""rec_patience"": 2, ""checkpoints"": [10, 20]}",Rdp105_copts_s10_20261003-073716_wc10_t10
wc10_t10,copts,rdp106,WC,10,10.0,12,1252.0307,25252.0307,12,1252.030746,25252.030746,-0.0,TIE,2.43,12,3600,"{""stall_epochs"": 20, ""arc_rule"": ""safe"", ""nbr_compat"": true, ""restart_mode"": ""full"", ""rec_mode"": ""adaptive"", ""rec_patience"": 2, ""checkpoints"": [10, 20]}",Rdp106_copts_s10_20261003-073816_wc10_t10
wc10_t10,copts,rdp107,WC,10,10.0,10,1112.5512,21112.5512,10,1112.551177,21112.551177,0.0,TIE,6.85,8,2400,"{""stall_epochs"": 20, ""arc_rule"": ""safe"", ""nbr_compat"": true, ""restart_mode"": ""full"", ""rec_mode"": ""adaptive"", ""rec_patience"": 2, ""checkpoints"": [10, 20]}",Rdp107_copts_s10_20261003-073916_wc10_t10
wc10_t10,copts,rdp108,WC,10,10.0,9,965.2179,18965.2179,9,965.217944,18965.217944,-0.0,TIE,8.27,7,2100,"{""stall_epochs"": 20, ""arc_rule"": ""safe"", ""nbr_compat"": true, ""restart_mode"": ""full"", ""rec_mode"": ""adaptive"", ""rec_patience"": 2, ""checkpoints"": [10, 20]}",Rdp108_copts_s10_20261003-074016_wc10_t10
wc10_t10,copts,rdp109,WC,10,10.0,11,1194.7341,23194.7341,11,1194.734098,23194.734098,-0.0,TIE,4.04,14,4200,"{""stall_epochs"": 20, ""arc_rule"": ""safe"", ""nbr_compat"": true, ""restart_mode"": ""full"", ""rec_mode"": ""adaptive"", ""rec_patience"": 2, ""checkpoints"": [10, 20]}",Rdp109_copts_s10_20261003-074116_wc10_t10
wc10_t10,copts,rdp110,WC,10,10.0,10,1123.9156,21123.9156,10,1121.456956,21121.456956,0.0116,worse,6.21,9,2700,"{""stall_epochs"": 20, ""arc_rule"": ""safe"", ""nbr_compat"": true, ""restart_mode"": ""full"", ""rec_mode"": ""adaptive"", ""rec_patience"": 2, ""checkpoints"": [10, 20]}",Rdp110_copts_s10_20261003-074216_wc10_t10
wc10_t10,copts,rdp111,WC,10,10.0,10,1098.8443,21098.8443,10,1098.844288,21098.844288,0.0,TIE,8.69,9,2700,"{""stall_epochs"": 20, ""arc_rule"": ""safe"", ""nbr_compat"": true, ""restart_mode"": ""full"", ""rec_mode"": ""adaptive"", ""rec_patience"": 2, ""checkpoints"": [10, 20]}",Rdp111_copts_s10_20261003-074316_wc10_t10
wc10_t10,copts,rdp112,WC,10,10.0,9,1015.5611,19015.5611,9,997.264803,18997.264803,0.0963,worse,5.76,6,1800,"{""stall_epochs"": 20, ""arc_rule"": ""safe"", ""nbr_compat"": true, ""restart_mode"": ""full"", ""rec_mode"": ""adaptive"", ""rec_patience"": 2, ""checkpoints"": [10, 20]}",Rdp112_copts_s10_20261003-074416_wc10_t10
wc10_t10,copts,rdp201,WC,10,10.0,4,1252.3712,9252.3712,4,1252.371222,9252.371222,-0.0,TIE,2.5,15,4500,"{""stall_epochs"": 20, ""arc_rule"": ""safe"", ""nbr_compat"": true, ""restart_mode"": ""full"", ""rec_mode"": ""adaptive"", ""rec_patience"": 2, ""checkpoints"": [10, 20]}",Rdp201_copts_s10_20261003-074517_wc10_t10
wc10_t10,copts,rdp202,WC,10,10.0,3,1191.703,7191.703,3,1191.702969,7191.702969,-0.0,TIE,4.82,5,1500,"{""stall_epochs"": 20, ""arc_rule"": ""safe"", ""nbr_compat"": true, ""restart_mode"": ""full"", ""rec_mode"": ""adaptive"", ""rec_patience"": 2, ""checkpoints"": [10, 20]}",Rdp202_copts_s10_20261003-074617_wc10_t10
wc10_t10,copts,rdp203,WC,10,10.0,3,939.581,6939.581,3,939.50332,6939.50332,0.0011,worse,6.56,4,1200,"{""stall_epochs"": 20, ""arc_rule"": ""safe"", ""nbr_compat"": true, ""restart_mode"": ""full"", ""rec_mode"": ""adaptive"", ""rec_patience"": 2, ""checkpoints"": [10, 20]}",Rdp203_copts_s10_20261003-074717_wc10_t10
wc10_t10,copts,rdp204,WC,10,10.0,2,832.924,4832.924,2,825.519293,4825.519293,0.1534,worse,5.35,3,900,"{""stall_epochs"": 20, ""arc_rule"": ""safe"", ""nbr_compat"": true, ""restart_mode"": ""full"", ""rec_mode"": ""adaptive"", ""rec_patience"": 2, ""checkpoints"": [10, 20]}",Rdp204_copts_s10_20261003-074817_wc10_t10
wc10_t10,copts,rdp205,WC,10,10.0,3,994.4277,6994.4277,3,994.427657,6994.427657,-0.0,TIE,9.77,8,2400,"{""stall_epochs"": 20, ""arc_rule"": ""safe"", ""nbr_compat"": true, ""restart_mode"": ""full"", ""rec_mode"": ""adaptive"", ""rec_patience"": 2, ""checkpoints"": [10, 20]}",Rdp205_copts_s10_20261003-074917_wc10_t10
wc10_t10,copts,rdp206,WC,10,10.0,3,913.1807,6913.1807,3,906.142079,6906.142079,0.1019,worse,4.18,4,1200,"{""stall_epochs"": 20, ""arc_rule"": ""safe"", ""nbr_compat"": true, ""restart_mode"": ""full"", ""rec_mode"": ""adaptive"", ""rec_patience"": 2, ""checkpoints"": [10, 20]}",Rdp206_copts_s10_20261003-075018_wc10_t10
wc10_t10,copts,rdp207,WC,10,10.0,2,893.3276,4893.3276,2,890.608295,4890.608295,0.0556,worse,9.88,4,1200,"{""stall_epochs"": 20, ""arc_rule"": ""safe"", ""nbr_compat"": true, ""restart_mode"": ""full"", ""rec_mode"": ""adaptive"", ""rec_patience"": 2, ""checkpoints"": [10, 20]}",Rdp207_copts_s10_20261003-075118_wc10_t10
wc10_t10,copts,rdp208,WC,10,10.0,2,727.2643,4727.2643,2,726.822786,4726.822786,0.0093,worse,9.27,3,900,"{""stall_epochs"": 20, ""arc_rule"": ""safe"", ""nbr_compat"": true, ""restart_mode"": ""full"", ""rec_mode"": ""adaptive"", ""rec_patience"": 2, ""checkpoints"": [10, 20]}",Rdp208_copts_s10_20261003-075218_wc10_t10
wc10_t10,copts,rdp209,WC,10,10.0,3,909.6566,6909.6566,3,909.163356,6909.163356,0.0071,worse,9.15,5,1500,"{""stall_epochs"": 20, ""arc_rule"": ""safe"", ""nbr_compat"": true, ""restart_mode"": ""full"", ""rec_mode"": ""adaptive"", ""rec_patience"": 2, ""checkpoints"": [10, 20]}",Rdp209_copts_s10_20261003-075318_wc10_t10
wc10_t10,copts,rdp210,WC,10,10.0,3,942.3931,6942.3931,3,939.37268,6939.37268,0.0435,worse,4.02,4,1200,"{""stall_epochs"": 20, ""arc_rule"": ""safe"", ""nbr_compat"": true, ""restart_mode"": ""full"", ""rec_mode"": ""adaptive"", ""rec_patience"": 2, ""checkpoints"": [10, 20]}",Rdp210_copts_s10_20261003-075418_wc10_t10
wc10_t10,copts,rdp211,WC,10,10.0,2,893.1784,4893.1784,2,885.71139,4885.71139,0.1528,worse,7.97,3,900,"{""stall_epochs"": 20, ""arc_rule"": ""safe"", ""nbr_compat"": true, ""restart_mode"": ""full"", ""rec_mode"": ""adaptive"", ""rec_patience"": 2, ""checkpoints"": [10, 20]}",Rdp211_copts_s10_20261003-075519_wc10_t10
wc10_t10,copts,rcdp101,WC,10,10.0,14,1708.2099,29708.2099,14,1708.209858,29708.209858,-0.0,TIE,1.62,25,7500,"{""stall_epochs"": 20, ""arc_rule"": ""safe"", ""nbr_compat"": true, ""restart_mode"": ""full"", ""rec_mode"": ""adaptive"", ""rec_patience"": 2, ""checkpoints"": [10, 20]}",RCdp101_copts_s10_20261003-075619_wc10_t10
wc10_t10,copts,rcdp102,WC,10,10.0,12,1570.2804,25570.2804,12,1570.280395,25570.280395,-0.0,TIE,2.93,13,3900,"{""stall_epochs"": 20, ""arc_rule"": ""safe"", ""nbr_compat"": true, ""restart_mode"": ""full"", ""rec_mode"": ""adaptive"", ""rec_patience"": 2, ""checkpoints"": [10, 20]}",RCdp102_copts_s10_20261003-075719_wc10_t10
wc10_t10,copts,rcdp103,WC,10,10.0,11,1282.5279,23282.5279,11,1282.527877,23282.527877,-0.0,TIE,4.08,9,2700,"{""stall_epochs"": 20, ""arc_rule"": ""safe"", ""nbr_compat"": true, ""restart_mode"": ""full"", ""rec_mode"": ""adaptive"", ""rec_patience"": 2, ""checkpoints"": [10, 20]}",RCdp103_copts_s10_20261003-075819_wc10_t10
wc10_t10,copts,rcdp104,WC,10,10.0,10,1171.3664,21171.3664,10,1171.366445,21171.366445,-0.0,TIE,5.97,8,2400,"{""stall_epochs"": 20, ""arc_rule"": ""safe"", ""nbr_compat"": true, ""restart_mode"": ""full"", ""rec_mode"": ""adaptive"", ""rec_patience"": 2, ""checkpoints"": [10, 20]}",RCdp104_copts_s10_20261003-075919_wc10_t10
wc10_t10,copts,rcdp105,WC,10,10.0,13,1632.2912,27632.2912,13,1632.291239,27632.291239,0.0,TIE,5.12,15,4500,"{""stall_epochs"": 20, ""arc_rule"": ""safe"", ""nbr_compat"": true, ""restart_mode"": ""full"", ""rec_mode"": ""adaptive"", ""rec_patience"": 2, ""checkpoints"": [10, 20]}",RCdp105_copts_s10_20261003-080019_wc10_t10
wc10_t10,copts,rcdp106,WC,10,10.0,12,1392.4719,25392.4719,12,1392.471942,25392.471942,0.0,TIE,1.3,15,4500,"{""stall_epochs"": 20, ""arc_rule"": ""safe"", ""nbr_compat"": true, ""restart_mode"": ""full"", ""rec_mode"": ""adaptive"", ""rec_patience"": 2, ""checkpoints"": [10, 20]}",RCdp106_copts_s10_20261003-080120_wc10_t10
wc10_t10,copts,rcdp107,WC,10,10.0,11,1257.1162,23257.1162,11,1252.790063,23252.790063,0.0186,worse,6.4,9,2700,"{""stall_epochs"": 20, ""arc_rule"": ""safe"", ""nbr_compat"": true, ""restart_mode"": ""full"", ""rec_mode"": ""adaptive"", ""rec_patience"": 2, ""checkpoints"": [10, 20]}",RCdp107_copts_s10_20261003-080220_wc10_t10
wc10_t10,copts,rcdp108,WC,10,10.0,10,1180.9546,21180.9546,10,1177.984574,21177.984574,0.014,worse,7.51,7,2100,"{""stall_epochs"": 20, ""arc_rule"": ""safe"", ""nbr_compat"": true, ""restart_mode"": ""full"", ""rec_mode"": ""adaptive"", ""rec_patience"": 2, ""checkpoints"": [10, 20]}",RCdp108_copts_s10_20261003-080320_wc10_t10
wc10_t10,copts,rcdp201,WC,10,10.0,4,1406.9401,9406.9401,4,1406.940088,9406.940088,-0.0,TIE,1.76,16,4800,"{""stall_epochs"": 20, ""arc_rule"": ""safe"", ""nbr_compat"": true, ""restart_mode"": ""full"", ""rec_mode"": ""adaptive"", ""rec_patience"": 2, ""checkpoints"": [10, 20]}",RCdp201_copts_s10_20261003-080420_wc10_t10
wc10_t10,copts,rcdp202,WC,10,10.0,3,1365.645,7365.645,3,1365.645031,7365.645031,0.0,TIE,4.06,7,2100,"{""stall_epochs"": 20, ""arc_rule"": ""safe"", ""nbr_compat"": true, ""restart_mode"": ""full"", ""rec_mode"": ""adaptive"", ""rec_patience"": 2, ""checkpoints"": [10, 20]}",RCdp202_copts_s10_20261003-080520_wc10_t10
wc10_t10,copts,rcdp203,WC,10,10.0,3,1050.6351,7050.6351,3,1049.624237,7049.624237,0.0143,worse,6.12,4,1200,"{""stall_epochs"": 20, ""arc_rule"": ""safe"", ""nbr_compat"": true, ""restart_mode"": ""full"", ""rec_mode"": ""adaptive"", ""rec_patience"": 2, ""checkpoints"": [10, 20]}",RCdp203_copts_s10_20261003-080620_wc10_t10
wc10_t10,copts,rcdp204,WC,10,10.0,3,798.5632,6798.5632,3,798.463581,6798.463581,0.0015,worse,7.02,4,1200,"{""stall_epochs"": 20, ""arc_rule"": ""safe"", ""nbr_compat"": true, ""restart_mode"": ""full"", ""rec_mode"": ""adaptive"", ""rec_patience"": 2, ""checkpoints"": [10, 20]}",RCdp204_copts_s10_20261003-080720_wc10_t10
wc10_t10,copts,rcdp205,WC,10,10.0,4,1297.6477,9297.6477,4,1297.647746,9297.647746,0.0,TIE,3.0,10,3000,"{""stall_epochs"": 20, ""arc_rule"": ""safe"", ""nbr_compat"": true, ""restart_mode"": ""full"", ""rec_mode"": ""adaptive"", ""rec_patience"": 2, ""checkpoints"": [10, 20]}",RCdp205_copts_s10_20261003-080821_wc10_t10
wc10_t10,copts,rcdp206,WC,10,10.0,3,1146.3172,7146.3172,3,1146.317229,7146.317229,0.0,TIE,9.52,8,2400,"{""stall_epochs"": 20, ""arc_rule"": ""safe"", ""nbr_compat"": true, ""restart_mode"": ""full"", ""rec_mode"": ""adaptive"", ""rec_patience"": 2, ""checkpoints"": [10, 20]}",RCdp206_copts_s10_20261003-080921_wc10_t10
wc10_t10,copts,rcdp207,WC,10,10.0,3,1062.0483,7062.0483,3,1061.144555,7061.144555,0.0128,worse,9.62,5,1500,"{""stall_epochs"": 20, ""arc_rule"": ""safe"", ""nbr_compat"": true, ""restart_mode"": ""full"", ""rec_mode"": ""adaptive"", ""rec_patience"": 2, ""checkpoints"": [10, 20]}",RCdp207_copts_s10_20261003-081021_wc10_t10
wc10_t10,copts,rcdp208,WC,10,10.0,3,830.0564,6830.0564,3,828.141442,6828.141442,0.028,worse,7.66,3,900,"{""stall_epochs"": 20, ""arc_rule"": ""safe"", ""nbr_compat"": true, ""restart_mode"": ""full"", ""rec_mode"": ""adaptive"", ""rec_patience"": 2, ""checkpoints"": [10, 20]}",RCdp208_copts_s10_20261003-081121_wc10_t10
