tag,algo,instance,kind,seed,time_budget,M,D,total,bks_M,bks_D,bks_total,gap_pct,status,t_best,epochs,iters,params,file
wc10,copts,rcdp0501,WC,1,10.0,3,220.1488,6220.1488,,,,,,0.0,635,190500,"{""stall_epochs"": 20, ""arc_rule"": ""safe"", ""nbr_compat"": true, ""restart_mode"": ""full"", ""rec_mode"": ""adaptive"", ""rec_patience"": 2}",RCdp0501_copts_s1_20261002-222937_wc10
wc10,copts,rcdp0504,WC,1,10.0,2,214.5727,4214.5727,,,,,,0.0,296,88650,"{""stall_epochs"": 20, ""arc_rule"": ""safe"", ""nbr_compat"": true, ""restart_mode"": ""full"", ""rec_mode"": ""adaptive"", ""rec_patience"": 2}",RCdp0504_copts_s1_20261002-222947_wc10
wc10,copts,rcdp0507,WC,1,10.0,2,211.8268,4211.8268,,,,,,0.03,313,93900,"{""stall_epochs"": 20, ""arc_rule"": ""safe"", ""nbr_compat"": true, ""restart_mode"": ""full"", ""rec_mode"": ""adaptive"", ""rec_patience"": 2}",RCdp0507_copts_s1_20261002-222957_wc10
wc10,copts,rcdp1001,WC,1,10.0,3,348.9824,6348.9824,3,348.982362,6348.982362,-0.0,TIE,0.02,401,120050,"{""stall_epochs"": 20, ""arc_rule"": ""safe"", ""nbr_compat"": true, ""restart_mode"": ""full"", ""rec_mode"": ""adaptive"", ""rec_patience"": 2}",RCdp1001_copts_s1_20261002-223007_wc10
wc10,copts,rcdp1004,WC,1,10.0,2,216.6868,4216.6868,2,216.686766,4216.686766,-0.0,TIE,0.08,121,36250,"{""stall_epochs"": 20, ""arc_rule"": ""safe"", ""nbr_compat"": true, ""restart_mode"": ""full"", ""rec_mode"": ""adaptive"", ""rec_patience"": 2}",RCdp1004_copts_s1_20261002-223017_wc10
wc10,copts,rcdp1007,WC,1,10.0,2,310.8066,4310.8066,2,310.806635,4310.806635,0.0,TIE,0.05,186,55550,"{""stall_epochs"": 20, ""arc_rule"": ""safe"", ""nbr_compat"": true, ""restart_mode"": ""full"", ""rec_mode"": ""adaptive"", ""rec_patience"": 2}",RCdp1007_copts_s1_20261002-223027_wc10
wc10,copts,rcdp2501,WC,1,10.0,5,551.0529,10551.0529,5,551.052879,10551.052879,-0.0,TIE,0.06,152,45350,"{""stall_epochs"": 20, ""arc_rule"": ""safe"", ""nbr_compat"": true, ""restart_mode"": ""full"", ""rec_mode"": ""adaptive"", ""rec_patience"": 2}",RCdp2501_copts_s1_20261002-223037_wc10
wc10,copts,rcdp2504,WC,1,10.0,4,473.4596,8473.4596,4,473.459628,8473.459628,-0.0,TIE,0.21,49,14600,"{""stall_epochs"": 20, ""arc_rule"": ""safe"", ""nbr_compat"": true, ""restart_mode"": ""full"", ""rec_mode"": ""adaptive"", ""rec_patience"": 2}",RCdp2504_copts_s1_20261002-223047_wc10
wc10,copts,rcdp2507,WC,1,10.0,5,540.8663,10540.8663,5,540.866272,10540.866272,0.0,TIE,0.16,58,17300,"{""stall_epochs"": 20, ""arc_rule"": ""safe"", ""nbr_compat"": true, ""restart_mode"": ""full"", ""rec_mode"": ""adaptive"", ""rec_patience"": 2}",RCdp2507_copts_s1_20261002-223057_wc10
wc10,copts,rcdp5001,WC,1,10.0,9,994.1825,18994.1825,9,994.182495,18994.182495,-0.0,TIE,0.14,63,18800,"{""stall_epochs"": 20, ""arc_rule"": ""safe"", ""nbr_compat"": true, ""restart_mode"": ""full"", ""rec_mode"": ""adaptive"", ""rec_patience"": 2}",RCdp5001_copts_s1_20261002-223107_wc10
wc10,copts,rcdp5004,WC,1,10.0,6,733.2099,12733.2099,6,733.209905,12733.209905,0.0,TIE,0.51,20,5950,"{""stall_epochs"": 20, ""arc_rule"": ""safe"", ""nbr_compat"": true, ""restart_mode"": ""full"", ""rec_mode"": ""adaptive"", ""rec_patience"": 2}",RCdp5004_copts_s1_20261002-223117_wc10
wc10,copts,rcdp5007,WC,1,10.0,7,809.7147,14809.7147,7,809.714685,14809.714685,-0.0,TIE,0.42,24,7200,"{""stall_epochs"": 20, ""arc_rule"": ""safe"", ""nbr_compat"": true, ""restart_mode"": ""full"", ""rec_mode"": ""adaptive"", ""rec_patience"": 2}",RCdp5007_copts_s1_20261002-223127_wc10
wc10,copts,cdp101,WC,1,60.0,11,976.0414,22976.0414,11,976.041384,22976.041384,0.0,TIE,41.59,214,63950,"{""stall_epochs"": 20, ""arc_rule"": ""safe"", ""nbr_compat"": true, ""restart_mode"": ""full"", ""rec_mode"": ""adaptive"", ""rec_patience"": 2, ""checkpoints"": [10, 20]}",Cdp101_copts_s1_20261002-223230_wc10
wc10,copts,cdp102,WC,1,60.0,10,941.485,20941.485,10,941.485039,20941.485039,0.0,TIE,15.34,90,26950,"{""stall_epochs"": 20, ""arc_rule"": ""safe"", ""nbr_compat"": true, ""restart_mode"": ""full"", ""rec_mode"": ""adaptive"", ""rec_patience"": 2, ""checkpoints"": [10, 20]}",Cdp102_copts_s1_20261002-223330_wc10
wc10,copts,cdp103,WC,1,60.0,10,892.9822,20892.9822,10,892.982246,20892.982246,-0.0,TIE,5.84,62,18550,"{""stall_epochs"": 20, ""arc_rule"": ""safe"", ""nbr_compat"": true, ""restart_mode"": ""full"", ""rec_mode"": ""adaptive"", ""rec_patience"": 2, ""checkpoints"": [10, 20]}",Cdp103_copts_s1_20261002-223430_wc10
wc10,copts,cdp104,WC,1,60.0,10,871.4032,20871.4032,10,871.403177,20871.403177,0.0,TIE,28.95,56,16800,"{""stall_epochs"": 20, ""arc_rule"": ""safe"", ""nbr_compat"": true, ""restart_mode"": ""full"", ""rec_mode"": ""adaptive"", ""rec_patience"": 2, ""checkpoints"": [10, 20]}",Cdp104_copts_s1_20261002-223530_wc10
wc10,copts,cdp105,WC,1,60.0,10,1053.1171,21053.1171,10,1053.117064,21053.117064,0.0,TIE,1.06,173,51900,"{""stall_epochs"": 20, ""arc_rule"": ""safe"", ""nbr_compat"": true, ""restart_mode"": ""full"", ""rec_mode"": ""adaptive"", ""rec_patience"": 2, ""checkpoints"": [10, 20]}",Cdp105_copts_s1_20261002-223630_wc10
wc10,copts,cdp106,WC,1,60.0,10,963.4525,20963.4525,10,963.452492,20963.452492,-0.0,TIE,0.38,159,47700,"{""stall_epochs"": 20, ""arc_rule"": ""safe"", ""nbr_compat"": true, ""restart_mode"": ""full"", ""rec_mode"": ""adaptive"", ""rec_patience"": 2, ""checkpoints"": [10, 20]}",Cdp106_copts_s1_20261002-223730_wc10
wc10,copts,cdp107,WC,1,60.0,10,987.6388,20987.6388,10,987.638782,20987.638782,-0.0,TIE,26.28,160,47950,"{""stall_epochs"": 20, ""arc_rule"": ""safe"", ""nbr_compat"": true, ""restart_mode"": ""full"", ""rec_mode"": ""adaptive"", ""rec_patience"": 2, ""checkpoints"": [10, 20]}",Cdp107_copts_s1_20261002-223830_wc10
wc10,copts,cdp108,WC,1,60.0,10,932.4947,20932.4947,10,932.494665,20932.494665,0.0,TIE,0.48,127,38100,"{""stall_epochs"": 20, ""arc_rule"": ""safe"", ""nbr_compat"": true, ""restart_mode"": ""full"", ""rec_mode"": ""adaptive"", ""rec_patience"": 2, ""checkpoints"": [10, 20]}",Cdp108_copts_s1_20261002-223930_wc10
wc10,copts,cdp109,WC,1,60.0,10,909.266,20909.266,10,909.26601,20909.26601,0.0,TIE,14.51,100,29850,"{""stall_epochs"": 20, ""arc_rule"": ""safe"", ""nbr_compat"": true, ""restart_mode"": ""full"", ""rec_mode"": ""adaptive"", ""rec_patience"": 2, ""checkpoints"": [10, 20]}",Cdp109_copts_s1_20261002-224031_wc10
wc10,copts,cdp201,WC,1,60.0,3,591.5566,6591.5566,3,591.556557,6591.556557,-0.0,TIE,0.27,231,69200,"{""stall_epochs"": 20, ""arc_rule"": ""safe"", ""nbr_compat"": true, ""restart_mode"": ""full"", ""rec_mode"": ""adaptive"", ""rec_patience"": 2, ""checkpoints"": [10, 20]}",Cdp201_copts_s1_20261002-224131_wc10
wc10,copts,cdp202,WC,1,60.0,3,591.5566,6591.5566,3,591.556557,6591.556557,-0.0,TIE,1.21,51,15100,"{""stall_epochs"": 20, ""arc_rule"": ""safe"", ""nbr_compat"": true, ""restart_mode"": ""full"", ""rec_mode"": ""adaptive"", ""rec_patience"": 2, ""checkpoints"": [10, 20]}",Cdp202_copts_s1_20261002-224231_wc10
wc10,copts,cdp203,WC,1,60.0,3,591.1734,6591.1734,3,591.173443,6591.173443,-0.0,TIE,1.75,35,10350,"{""stall_epochs"": 20, ""arc_rule"": ""safe"", ""nbr_compat"": true, ""restart_mode"": ""full"", ""rec_mode"": ""adaptive"", ""rec_patience"": 2, ""checkpoints"": [10, 20]}",Cdp203_copts_s1_20261002-224331_wc10
wc10,copts,cdp204,WC,1,60.0,3,590.5987,6590.5987,3,590.598746,6590.598746,-0.0,TIE,1.98,30,8750,"{""stall_epochs"": 20, ""arc_rule"": ""safe"", ""nbr_compat"": true, ""restart_mode"": ""full"", ""rec_mode"": ""adaptive"", ""rec_patience"": 2, ""checkpoints"": [10, 20]}",Cdp204_copts_s1_20261002-224431_wc10
wc10,copts,cdp205,WC,1,60.0,3,588.876,6588.876,3,588.875963,6588.875963,-0.0,TIE,0.48,133,39850,"{""stall_epochs"": 20, ""arc_rule"": ""safe"", ""nbr_compat"": true, ""restart_mode"": ""full"", ""rec_mode"": ""adaptive"", ""rec_patience"": 2, ""checkpoints"": [10, 20]}",Cdp205_copts_s1_20261002-224531_wc10
wc10,copts,cdp206,WC,1,60.0,3,588.4928,6588.4928,3,588.492849,6588.492849,-0.0,TIE,0.76,84,25100,"{""stall_epochs"": 20, ""arc_rule"": ""safe"", ""nbr_compat"": true, ""restart_mode"": ""full"", ""rec_mode"": ""adaptive"", ""rec_patience"": 2, ""checkpoints"": [10, 20]}",Cdp206_copts_s1_20261002-224631_wc10
wc10,copts,cdp207,WC,1,60.0,3,588.2863,6588.2863,3,588.286321,6588.286321,0.0,TIE,0.86,72,21450,"{""stall_epochs"": 20, ""arc_rule"": ""safe"", ""nbr_compat"": true, ""restart_mode"": ""full"", ""rec_mode"": ""adaptive"", ""rec_patience"": 2, ""checkpoints"": [10, 20]}",Cdp207_copts_s1_20261002-224731_wc10
wc10,copts,cdp208,WC,1,60.0,3,588.3238,6588.3238,3,588.323801,6588.323801,-0.0,TIE,0.91,69,20500,"{""stall_epochs"": 20, ""arc_rule"": ""safe"", ""nbr_compat"": true, ""restart_mode"": ""full"", ""rec_mode"": ""adaptive"", ""rec_patience"": 2, ""checkpoints"": [10, 20]}",Cdp208_copts_s1_20261002-224831_wc10
wc10,copts,rdp101,WC,1,60.0,19,1650.7992,39650.7992,19,1650.79924,39650.79924,-0.0,TIE,6.99,207,62050,"{""stall_epochs"": 20, ""arc_rule"": ""safe"", ""nbr_compat"": true, ""restart_mode"": ""full"", ""rec_mode"": ""adaptive"", ""rec_patience"": 2, ""checkpoints"": [10, 20]}",Rdp101_copts_s1_20261002-224932_wc10
wc10,copts,rdp102,WC,1,60.0,17,1486.1195,35486.1195,17,1486.119471,35486.119471,0.0,TIE,16.02,98,29150,"{""stall_epochs"": 20, ""arc_rule"": ""safe"", ""nbr_compat"": true, ""restart_mode"": ""full"", ""rec_mode"": ""adaptive"", ""rec_patience"": 2, ""checkpoints"": [10, 20]}",Rdp102_copts_s1_20261002-225032_wc10
wc10,copts,rdp103,WC,1,60.0,13,1294.6398,27294.6398,13,1294.639843,27294.639843,0.0,TIE,20.2,67,19850,"{""stall_epochs"": 20, ""arc_rule"": ""safe"", ""nbr_compat"": true, ""restart_mode"": ""full"", ""rec_mode"": ""adaptive"", ""rec_patience"": 2, ""checkpoints"": [10, 20]}",Rdp103_copts_s1_20261002-225132_wc10
wc10,copts,rdp104,WC,1,60.0,9,1017.2215,19017.2215,9,1026.417258,19026.417258,-0.0483,NEW_BEST,8.9,47,14050,"{""stall_epochs"": 20, ""arc_rule"": ""safe"", ""nbr_compat"": true, ""restart_mode"": ""full"", ""rec_mode"": ""adaptive"", ""rec_patience"": 2, ""checkpoints"": [10, 20]}",Rdp104_copts_s1_20261002-225232_wc10
wc10,copts,rdp105,WC,1,60.0,14,1377.111,29377.111,14,1377.111018,29377.111018,-0.0,TIE,0.43,143,42850,"{""stall_epochs"": 20, ""arc_rule"": ""safe"", ""nbr_compat"": true, ""restart_mode"": ""full"", ""rec_mode"": ""adaptive"", ""rec_patience"": 2, ""checkpoints"": [10, 20]}",Rdp105_copts_s1_20261002-225332_wc10
wc10,copts,rdp106,WC,1,60.0,12,1252.0307,25252.0307,12,1252.030746,25252.030746,-0.0,TIE,1.6,75,22450,"{""stall_epochs"": 20, ""arc_rule"": ""safe"", ""nbr_compat"": true, ""restart_mode"": ""full"", ""rec_mode"": ""adaptive"", ""rec_patience"": 2, ""checkpoints"": [10, 20]}",Rdp106_copts_s1_20261002-225432_wc10
wc10,copts,rdp107,WC,1,60.0,10,1112.5512,21112.5512,10,1112.551177,21112.551177,0.0,TIE,16.07,53,15700,"{""stall_epochs"": 20, ""arc_rule"": ""safe"", ""nbr_compat"": true, ""restart_mode"": ""full"", ""rec_mode"": ""adaptive"", ""rec_patience"": 2, ""checkpoints"": [10, 20]}",Rdp107_copts_s1_20261002-225532_wc10
wc10,copts,rdp108,WC,1,60.0,9,965.2179,18965.2179,9,965.217944,18965.217944,-0.0,TIE,8.25,43,12850,"{""stall_epochs"": 20, ""arc_rule"": ""safe"", ""nbr_compat"": true, ""restart_mode"": ""full"", ""rec_mode"": ""adaptive"", ""rec_patience"": 2, ""checkpoints"": [10, 20]}",Rdp108_copts_s1_20261002-225632_wc10
wc10,copts,rdp109,WC,1,60.0,11,1194.7341,23194.7341,11,1194.734098,23194.734098,-0.0,TIE,4.0,89,26550,"{""stall_epochs"": 20, ""arc_rule"": ""safe"", ""nbr_compat"": true, ""restart_mode"": ""full"", ""rec_mode"": ""adaptive"", ""rec_patience"": 2, ""checkpoints"": [10, 20]}",Rdp109_copts_s1_20261002-225732_wc10
wc10,copts,rdp110,WC,1,60.0,10,1121.457,21121.457,10,1121.456956,21121.456956,0.0,TIE,15.43,59,17500,"{""stall_epochs"": 20, ""arc_rule"": ""safe"", ""nbr_compat"": true, ""restart_mode"": ""full"", ""rec_mode"": ""adaptive"", ""rec_patience"": 2, ""checkpoints"": [10, 20]}",Rdp110_copts_s1_20261002-225833_wc10
wc10,copts,rdp111,WC,1,60.0,10,1098.8443,21098.8443,10,1098.844288,21098.844288,0.0,TIE,7.56,54,16200,"{""stall_epochs"": 20, ""arc_rule"": ""safe"", ""nbr_compat"": true, ""restart_mode"": ""full"", ""rec_mode"": ""adaptive"", ""rec_patience"": 2, ""checkpoints"": [10, 20]}",Rdp111_copts_s1_20261002-225933_wc10
wc10,copts,rdp112,WC,1,60.0,9,998.2225,18998.2225,9,997.264803,18997.264803,0.005,worse,32.95,43,12650,"{""stall_epochs"": 20, ""arc_rule"": ""safe"", ""nbr_compat"": true, ""restart_mode"": ""full"", ""rec_mode"": ""adaptive"", ""rec_patience"": 2, ""checkpoints"": [10, 20]}",Rdp112_copts_s1_20261002-230033_wc10
wc10,copts,rdp201,WC,1,60.0,4,1252.3712,9252.3712,4,1252.371222,9252.371222,-0.0,TIE,3.1,94,28050,"{""stall_epochs"": 20, ""arc_rule"": ""safe"", ""nbr_compat"": true, ""restart_mode"": ""full"", ""rec_mode"": ""adaptive"", ""rec_patience"": 2, ""checkpoints"": [10, 20]}",Rdp201_copts_s1_20261002-230133_wc10
wc10,copts,rdp202,WC,1,60.0,3,1191.703,7191.703,3,1191.702969,7191.702969,-0.0,TIE,3.14,36,10550,"{""stall_epochs"": 20, ""arc_rule"": ""safe"", ""nbr_compat"": true, ""restart_mode"": ""full"", ""rec_mode"": ""adaptive"", ""rec_patience"": 2, ""checkpoints"": [10, 20]}",Rdp202_copts_s1_20261002-230233_wc10
wc10,copts,rdp203,WC,1,60.0,3,939.8843,6939.8843,3,939.50332,6939.50332,0.0055,worse,57.97,28,8400,"{""stall_epochs"": 20, ""arc_rule"": ""safe"", ""nbr_compat"": true, ""restart_mode"": ""full"", ""rec_mode"": ""adaptive"", ""rec_patience"": 2, ""checkpoints"": [10, 20]}",Rdp203_copts_s1_20261002-230333_wc10
wc10,copts,rdp204,WC,1,60.0,2,825.5193,4825.5193,2,825.519293,4825.519293,0.0,TIE,8.19,21,6300,"{""stall_epochs"": 20, ""arc_rule"": ""safe"", ""nbr_compat"": true, ""restart_mode"": ""full"", ""rec_mode"": ""adaptive"", ""rec_patience"": 2, ""checkpoints"": [10, 20]}",Rdp204_copts_s1_20261002-230434_wc10
wc10,copts,rdp205,WC,1,60.0,3,994.4277,6994.4277,3,994.427657,6994.427657,-0.0,TIE,8.82,50,14750,"{""stall_epochs"": 20, ""arc_rule"": ""safe"", ""nbr_compat"": true, ""restart_mode"": ""full"", ""rec_mode"": ""adaptive"", ""rec_patience"": 2, ""checkpoints"": [10, 20]}",Rdp205_copts_s1_20261002-230534_wc10
wc10,copts,rdp206,WC,1,60.0,3,906.1421,6906.1421,3,906.142079,6906.142079,0.0,TIE,12.39,30,8950,"{""stall_epochs"": 20, ""arc_rule"": ""safe"", ""nbr_compat"": true, ""restart_mode"": ""full"", ""rec_mode"": ""adaptive"", ""rec_patience"": 2, ""checkpoints"": [10, 20]}",Rdp206_copts_s1_20261002-230634_wc10
wc10,copts,rdp207,WC,1,60.0,2,890.6083,4890.6083,2,890.608295,4890.608295,0.0,TIE,14.88,24,7000,"{""stall_epochs"": 20, ""arc_rule"": ""safe"", ""nbr_compat"": true, ""restart_mode"": ""full"", ""rec_mode"": ""adaptive"", ""rec_patience"": 2, ""checkpoints"": [10, 20]}",Rdp207_copts_s1_20261002-230734_wc10
wc10,copts,rdp208,WC,1,60.0,2,726.8228,4726.8228,2,726.822786,4726.822786,-0.0,TIE,12.58,20,5750,"{""stall_epochs"": 20, ""arc_rule"": ""safe"", ""nbr_compat"": true, ""restart_mode"": ""full"", ""rec_mode"": ""adaptive"", ""rec_patience"": 2, ""checkpoints"": [10, 20]}",Rdp208_copts_s1_20261002-230834_wc10
wc10,copts,rdp209,WC,1,60.0,3,909.1634,6909.1634,3,909.163356,6909.163356,0.0,TIE,23.6,34,9950,"{""stall_epochs"": 20, ""arc_rule"": ""safe"", ""nbr_compat"": true, ""restart_mode"": ""full"", ""rec_mode"": ""adaptive"", ""rec_patience"": 2, ""checkpoints"": [10, 20]}",Rdp209_copts_s1_20261002-230935_wc10
wc10,copts,rdp210,WC,1,60.0,3,939.3727,6939.3727,3,939.37268,6939.37268,0.0,TIE,4.01,31,9250,"{""stall_epochs"": 20, ""arc_rule"": ""safe"", ""nbr_compat"": true, ""restart_mode"": ""full"", ""rec_mode"": ""adaptive"", ""rec_patience"": 2, ""checkpoints"": [10, 20]}",Rdp210_copts_s1_20261002-231035_wc10
wc10,copts,rdp211,WC,1,60.0,2,890.9343,4890.9343,2,885.71139,4885.71139,0.1069,worse,42.56,23,6800,"{""stall_epochs"": 20, ""arc_rule"": ""safe"", ""nbr_compat"": true, ""restart_mode"": ""full"", ""rec_mode"": ""adaptive"", ""rec_patience"": 2, ""checkpoints"": [10, 20]}",Rdp211_copts_s1_20261002-231135_wc10
wc10,copts,rcdp101,WC,1,60.0,14,1708.2099,29708.2099,14,1708.209858,29708.209858,-0.0,TIE,11.75,154,46200,"{""stall_epochs"": 20, ""arc_rule"": ""safe"", ""nbr_compat"": true, ""restart_mode"": ""full"", ""rec_mode"": ""adaptive"", ""rec_patience"": 2, ""checkpoints"": [10, 20]}",RCdp101_copts_s1_20261002-231235_wc10
wc10,copts,rcdp102,WC,1,60.0,12,1570.2804,25570.2804,12,1570.280395,25570.280395,-0.0,TIE,2.94,83,24650,"{""stall_epochs"": 20, ""arc_rule"": ""safe"", ""nbr_compat"": true, ""restart_mode"": ""full"", ""rec_mode"": ""adaptive"", ""rec_patience"": 2, ""checkpoints"": [10, 20]}",RCdp102_copts_s1_20261002-231335_wc10
wc10,copts,rcdp103,WC,1,60.0,11,1282.5279,23282.5279,11,1282.527877,23282.527877,-0.0,TIE,3.04,59,17450,"{""stall_epochs"": 20, ""arc_rule"": ""safe"", ""nbr_compat"": true, ""restart_mode"": ""full"", ""rec_mode"": ""adaptive"", ""rec_patience"": 2, ""checkpoints"": [10, 20]}",RCdp103_copts_s1_20261002-231436_wc10
wc10,copts,rcdp104,WC,1,60.0,10,1171.3664,21171.3664,10,1171.366445,21171.366445,-0.0,TIE,5.99,50,14900,"{""stall_epochs"": 20, ""arc_rule"": ""safe"", ""nbr_compat"": true, ""restart_mode"": ""full"", ""rec_mode"": ""adaptive"", ""rec_patience"": 2, ""checkpoints"": [10, 20]}",RCdp104_copts_s1_20261002-231536_wc10
wc10,copts,rcdp105,WC,1,60.0,13,1632.2912,27632.2912,13,1632.291239,27632.291239,0.0,TIE,25.27,96,28550,"{""stall_epochs"": 20, ""arc_rule"": ""safe"", ""nbr_compat"": true, ""restart_mode"": ""full"", ""rec_mode"": ""adaptive"", ""rec_patience"": 2, ""checkpoints"": [10, 20]}",RCdp105_copts_s1_20261002-231636_wc10
wc10,copts,rcdp106,WC,1,60.0,12,1392.4719,25392.4719,12,1392.471942,25392.471942,0.0,TIE,45.31,93,27800,"{""stall_epochs"": 20, ""arc_rule"": ""safe"", ""nbr_compat"": true, ""restart_mode"": ""full"", ""rec_mode"": ""adaptive"", ""rec_patience"": 2, ""checkpoints"": [10, 20]}",RCdp106_copts_s1_20261002-231736_wc10
wc10,copts,rcdp107,WC,1,60.0,11,1252.7901,23252.7901,11,1252.790063,23252.790063,-0.0,TIE,8.41,57,17050,"{""stall_epochs"": 20, ""arc_rule"": ""safe"", ""nbr_compat"": true, ""restart_mode"": ""full"", ""rec_mode"": ""adaptive"", ""rec_patience"": 2, ""checkpoints"": [10, 20]}",RCdp107_copts_s1_20261002-231836_wc10
wc10,copts,rcdp108,WC,1,60.0,10,1177.9846,21177.9846,10,1177.984574,21177.984574,0.0,TIE,14.97,48,14350,"{""stall_epochs"": 20, ""arc_rule"": ""safe"", ""nbr_compat"": true, ""restart_mode"": ""full"", ""rec_mode"": ""adaptive"", ""rec_patience"": 2, ""checkpoints"": [10, 20]}",RCdp108_copts_s1_20261002-231936_wc10
wc10,copts,rcdp201,WC,1,60.0,4,1406.9401,9406.9401,4,1406.940088,9406.940088,-0.0,TIE,1.73,102,30450,"{""stall_epochs"": 20, ""arc_rule"": ""safe"", ""nbr_compat"": true, ""restart_mode"": ""full"", ""rec_mode"": ""adaptive"", ""rec_patience"": 2, ""checkpoints"": [10, 20]}",RCdp201_copts_s1_20261002-232036_wc10
wc10,copts,rcdp202,WC,1,60.0,3,1365.645,7365.645,3,1365.645031,7365.645031,0.0,TIE,6.77,44,13100,"{""stall_epochs"": 20, ""arc_rule"": ""safe"", ""nbr_compat"": true, ""restart_mode"": ""full"", ""rec_mode"": ""adaptive"", ""rec_patience"": 2, ""checkpoints"": [10, 20]}",RCdp202_copts_s1_20261002-232136_wc10
wc10,copts,rcdp203,WC,1,60.0,3,1049.6242,7049.6242,3,1049.624237,7049.624237,-0.0,TIE,8.13,30,8800,"{""stall_epochs"": 20, ""arc_rule"": ""safe"", ""nbr_compat"": true, ""restart_mode"": ""full"", ""rec_mode"": ""adaptive"", ""rec_patience"": 2, ""checkpoints"": [10, 20]}",RCdp203_copts_s1_20261002-232236_wc10
wc10,copts,rcdp204,WC,1,60.0,3,798.4636,6798.4636,3,798.463581,6798.463581,-0.0,TIE,16.49,26,7700,"{""stall_epochs"": 20, ""arc_rule"": ""safe"", ""nbr_compat"": true, ""restart_mode"": ""full"", ""rec_mode"": ""adaptive"", ""rec_patience"": 2, ""checkpoints"": [10, 20]}",RCdp204_copts_s1_20261002-232337_wc10
wc10,copts,rcdp205,WC,1,60.0,4,1297.6477,9297.6477,4,1297.647746,9297.647746,0.0,TIE,49.09,62,18350,"{""stall_epochs"": 20, ""arc_rule"": ""safe"", ""nbr_compat"": true, ""restart_mode"": ""full"", ""rec_mode"": ""adaptive"", ""rec_patience"": 2, ""checkpoints"": [10, 20]}",RCdp205_copts_s1_20261002-232437_wc10
wc10,copts,rcdp206,WC,1,60.0,3,1146.3172,7146.3172,3,1146.317229,7146.317229,0.0,TIE,8.32,51,15050,"{""stall_epochs"": 20, ""arc_rule"": ""safe"", ""nbr_compat"": true, ""restart_mode"": ""full"", ""rec_mode"": ""adaptive"", ""rec_patience"": 2, ""checkpoints"": [10, 20]}",RCdp206_copts_s1_20261002-232537_wc10
wc10,copts,rcdp207,WC,1,60.0,3,1061.1446,7061.1446,3,1061.144555,7061.144555,0.0,TIE,7.58,32,9500,"{""stall_epochs"": 20, ""arc_rule"": ""safe"", ""nbr_compat"": true, ""restart_mode"": ""full"", ""rec_mode"": ""adaptive"", ""rec_patience"": 2, ""checkpoints"": [10, 20]}",RCdp207_copts_s1_20261002-232637_wc10
wc10,copts,rcdp208,WC,1,60.0,3,828.1414,6828.1414,3,828.141442,6828.141442,0.0,TIE,46.19,24,7050,"{""stall_epochs"": 20, ""arc_rule"": ""safe"", ""nbr_compat"": true, ""restart_mode"": ""full"", ""rec_mode"": ""adaptive"", ""rec_patience"": 2, ""checkpoints"": [10, 20]}",RCdp208_copts_s1_20261002-232737_wc10
wc10,copts,rcdp0501,WC,2,10.0,3,220.1488,6220.1488,,,,,,0.0,636,190750,"{""stall_epochs"": 20, ""arc_rule"": ""safe"", ""nbr_compat"": true, ""restart_mode"": ""full"", ""rec_mode"": ""adaptive"", ""rec_patience"": 2}",RCdp0501_copts_s2_20261002-232748_wc10
wc10,copts,rcdp0504,WC,2,10.0,2,214.5727,4214.5727,,,,,,0.0,297,89050,"{""stall_epochs"": 20, ""arc_rule"": ""safe"", ""nbr_compat"": true, ""restart_mode"": ""full"", ""rec_mode"": ""adaptive"", ""rec_patience"": 2}",RCdp0504_copts_s2_20261002-232759_wc10
wc10,copts,rcdp0507,WC,2,10.0,2,211.8268,4211.8268,,,,,,0.03,310,92800,"{""stall_epochs"": 20, ""arc_rule"": ""safe"", ""nbr_compat"": true, ""restart_mode"": ""full"", ""rec_mode"": ""adaptive"", ""rec_patience"": 2}",RCdp0507_copts_s2_20261002-232809_wc10
wc10,copts,rcdp1001,WC,2,10.0,3,348.9824,6348.9824,3,348.982362,6348.982362,-0.0,TIE,0.02,396,118650,"{""stall_epochs"": 20, ""arc_rule"": ""safe"", ""nbr_compat"": true, ""restart_mode"": ""full"", ""rec_mode"": ""adaptive"", ""rec_patience"": 2}",RCdp1001_copts_s2_20261002-232819_wc10
wc10,copts,rcdp1004,WC,2,10.0,2,216.6868,4216.6868,2,216.686766,4216.686766,-0.0,TIE,0.09,121,36300,"{""stall_epochs"": 20, ""arc_rule"": ""safe"", ""nbr_compat"": true, ""restart_mode"": ""full"", ""rec_mode"": ""adaptive"", ""rec_patience"": 2}",RCdp1004_copts_s2_20261002-232829_wc10
wc10,copts,rcdp1007,WC,2,10.0,2,310.8066,4310.8066,2,310.806635,4310.806635,0.0,TIE,0.05,182,54550,"{""stall_epochs"": 20, ""arc_rule"": ""safe"", ""nbr_compat"": true, ""restart_mode"": ""full"", ""rec_mode"": ""adaptive"", ""rec_patience"": 2}",RCdp1007_copts_s2_20261002-232839_wc10
wc10,copts,rcdp2501,WC,2,10.0,5,551.0529,10551.0529,5,551.052879,10551.052879,-0.0,TIE,0.06,151,45100,"{""stall_epochs"": 20, ""arc_rule"": ""safe"", ""nbr_compat"": true, ""restart_mode"": ""full"", ""rec_mode"": ""adaptive"", ""rec_patience"": 2}",RCdp2501_copts_s2_20261002-232849_wc10
wc10,copts,rcdp2504,WC,2,10.0,4,473.4596,8473.4596,4,473.459628,8473.459628,-0.0,TIE,0.21,49,14450,"{""stall_epochs"": 20, ""arc_rule"": ""safe"", ""nbr_compat"": true, ""restart_mode"": ""full"", ""rec_mode"": ""adaptive"", ""rec_patience"": 2}",RCdp2504_copts_s2_20261002-232859_wc10
wc10,copts,rcdp2507,WC,2,10.0,5,540.8663,10540.8663,5,540.866272,10540.866272,0.0,TIE,0.16,59,17650,"{""stall_epochs"": 20, ""arc_rule"": ""safe"", ""nbr_compat"": true, ""restart_mode"": ""full"", ""rec_mode"": ""adaptive"", ""rec_patience"": 2}",RCdp2507_copts_s2_20261002-232909_wc10
wc10,copts,rcdp5001,WC,2,10.0,9,994.1825,18994.1825,9,994.182495,18994.182495,-0.0,TIE,0.14,65,19250,"{""stall_epochs"": 20, ""arc_rule"": ""safe"", ""nbr_compat"": true, ""restart_mode"": ""full"", ""rec_mode"": ""adaptive"", ""rec_patience"": 2}",RCdp5001_copts_s2_20261002-232919_wc10
wc10,copts,rcdp5004,WC,2,10.0,6,733.2099,12733.2099,6,733.209905,12733.209905,0.0,TIE,0.51,20,5950,"{""stall_epochs"": 20, ""arc_rule"": ""safe"", ""nbr_compat"": true, ""restart_mode"": ""full"", ""rec_mode"": ""adaptive"", ""rec_patience"": 2}",RCdp5004_copts_s2_20261002-232929_wc10
wc10,copts,rcdp5007,WC,2,10.0,7,809.7147,14809.7147,7,809.714685,14809.714685,-0.0,TIE,0.43,24,7200,"{""stall_epochs"": 20, ""arc_rule"": ""safe"", ""nbr_compat"": true, ""restart_mode"": ""full"", ""rec_mode"": ""adaptive"", ""rec_patience"": 2}",RCdp5007_copts_s2_20261002-232939_wc10
wc10,copts,cdp101,WC,2,60.0,11,976.0414,22976.0414,11,976.041384,22976.041384,0.0,TIE,0.58,215,64250,"{""stall_epochs"": 20, ""arc_rule"": ""safe"", ""nbr_compat"": true, ""restart_mode"": ""full"", ""rec_mode"": ""adaptive"", ""rec_patience"": 2, ""checkpoints"": [10, 20]}",Cdp101_copts_s2_20261002-233041_wc10
wc10,copts,cdp102,WC,2,60.0,10,941.485,20941.485,10,941.485039,20941.485039,0.0,TIE,15.31,91,27100,"{""stall_epochs"": 20, ""arc_rule"": ""safe"", ""nbr_compat"": true, ""restart_mode"": ""full"", ""rec_mode"": ""adaptive"", ""rec_patience"": 2, ""checkpoints"": [10, 20]}",Cdp102_copts_s2_20261002-233141_wc10
wc10,copts,cdp103,WC,2,60.0,10,892.9822,20892.9822,10,892.982246,20892.982246,-0.0,TIE,1.94,62,18500,"{""stall_epochs"": 20, ""arc_rule"": ""safe"", ""nbr_compat"": true, ""restart_mode"": ""full"", ""rec_mode"": ""adaptive"", ""rec_patience"": 2, ""checkpoints"": [10, 20]}",Cdp103_copts_s2_20261002-233242_wc10
wc10,copts,cdp104,WC,2,60.0,10,871.4032,20871.4032,10,871.403177,20871.403177,0.0,TIE,3.17,56,16800,"{""stall_epochs"": 20, ""arc_rule"": ""safe"", ""nbr_compat"": true, ""restart_mode"": ""full"", ""rec_mode"": ""adaptive"", ""rec_patience"": 2, ""checkpoints"": [10, 20]}",Cdp104_copts_s2_20261002-233342_wc10
wc10,copts,cdp105,WC,2,60.0,10,1053.1171,21053.1171,10,1053.117064,21053.117064,0.0,TIE,16.97,173,51850,"{""stall_epochs"": 20, ""arc_rule"": ""safe"", ""nbr_compat"": true, ""restart_mode"": ""full"", ""rec_mode"": ""adaptive"", ""rec_patience"": 2, ""checkpoints"": [10, 20]}",Cdp105_copts_s2_20261002-233442_wc10
wc10,copts,cdp106,WC,2,60.0,10,963.4525,20963.4525,10,963.452492,20963.452492,-0.0,TIE,0.4,159,47500,"{""stall_epochs"": 20, ""arc_rule"": ""safe"", ""nbr_compat"": true, ""restart_mode"": ""full"", ""rec_mode"": ""adaptive"", ""rec_patience"": 2, ""checkpoints"": [10, 20]}",Cdp106_copts_s2_20261002-233542_wc10
wc10,copts,cdp107,WC,2,60.0,10,987.6388,20987.6388,10,987.638782,20987.638782,-0.0,TIE,38.49,160,47800,"{""stall_epochs"": 20, ""arc_rule"": ""safe"", ""nbr_compat"": true, ""restart_mode"": ""full"", ""rec_mode"": ""adaptive"", ""rec_patience"": 2, ""checkpoints"": [10, 20]}",Cdp107_copts_s2_20261002-233642_wc10
wc10,copts,cdp108,WC,2,60.0,10,932.4947,20932.4947,10,932.494665,20932.494665,0.0,TIE,20.27,128,38150,"{""stall_epochs"": 20, ""arc_rule"": ""safe"", ""nbr_compat"": true, ""restart_mode"": ""full"", ""rec_mode"": ""adaptive"", ""rec_patience"": 2, ""checkpoints"": [10, 20]}",Cdp108_copts_s2_20261002-233742_wc10
wc10,copts,cdp109,WC,2,60.0,10,909.266,20909.266,10,909.26601,20909.26601,0.0,TIE,13.91,100,29800,"{""stall_epochs"": 20, ""arc_rule"": ""safe"", ""nbr_compat"": true, ""restart_mode"": ""full"", ""rec_mode"": ""adaptive"", ""rec_patience"": 2, ""checkpoints"": [10, 20]}",Cdp109_copts_s2_20261002-233842_wc10
wc10,copts,cdp201,WC,2,60.0,3,591.5566,6591.5566,3,591.556557,6591.556557,-0.0,TIE,5.87,231,69250,"{""stall_epochs"": 20, ""arc_rule"": ""safe"", ""nbr_compat"": true, ""restart_mode"": ""full"", ""rec_mode"": ""adaptive"", ""rec_patience"": 2, ""checkpoints"": [10, 20]}",Cdp201_copts_s2_20261002-233942_wc10
wc10,copts,cdp202,WC,2,60.0,3,591.5566,6591.5566,3,591.556557,6591.556557,-0.0,TIE,1.2,51,15100,"{""stall_epochs"": 20, ""arc_rule"": ""safe"", ""nbr_compat"": true, ""restart_mode"": ""full"", ""rec_mode"": ""adaptive"", ""rec_patience"": 2, ""checkpoints"": [10, 20]}",Cdp202_copts_s2_20261002-234042_wc10
wc10,copts,cdp203,WC,2,60.0,3,591.1734,6591.1734,3,591.173443,6591.173443,-0.0,TIE,1.72,35,10400,"{""stall_epochs"": 20, ""arc_rule"": ""safe"", ""nbr_compat"": true, ""restart_mode"": ""full"", ""rec_mode"": ""adaptive"", ""rec_patience"": 2, ""checkpoints"": [10, 20]}",Cdp203_copts_s2_20261002-234142_wc10
wc10,copts,cdp204,WC,2,60.0,3,590.5987,6590.5987,3,590.598746,6590.598746,-0.0,TIE,1.96,30,8750,"{""stall_epochs"": 20, ""arc_rule"": ""safe"", ""nbr_compat"": true, ""restart_mode"": ""full"", ""rec_mode"": ""adaptive"", ""rec_patience"": 2, ""checkpoints"": [10, 20]}",Cdp204_copts_s2_20261002-234243_wc10
wc10,copts,cdp205,WC,2,60.0,3,588.876,6588.876,3,588.875963,6588.875963,-0.0,TIE,0.48,133,39900,"{""stall_epochs"": 20, ""arc_rule"": ""safe"", ""nbr_compat"": true, ""restart_mode"": ""full"", ""rec_mode"": ""adaptive"", ""rec_patience"": 2, ""checkpoints"": [10, 20]}",Cdp205_copts_s2_20261002-234343_wc10
wc10,copts,cdp206,WC,2,60.0,3,588.4928,6588.4928,3,588.492849,6588.492849,-0.0,TIE,0.75,85,25250,"{""stall_epochs"": 20, ""arc_rule"": ""safe"", ""nbr_compat"": true, ""restart_mode"": ""full"", ""rec_mode"": ""adaptive"", ""rec_patience"": 2, ""checkpoints"": [10, 20]}",Cdp206_copts_s2_20261002-234443_wc10
wc10,copts,cdp207,WC,2,60.0,3,588.2863,6588.2863,3,588.286321,6588.286321,0.0,TIE,0.84,72,21550,"{""stall_epochs"": 20, ""arc_rule"": ""safe"", ""nbr_compat"": true, ""restart_mode"": ""full"", ""rec_mode"": ""adaptive"", ""rec_patience"": 2, ""checkpoints"": [10, 20]}",Cdp207_copts_s2_20261002-234543_wc10
wc10,copts,cdp208,WC,2,60.0,3,588.3238,6588.3238,3,588.323801,6588.323801,-0.0,TIE,0.9,69,20550,"{""stall_epochs"": 20, ""arc_rule"": ""safe"", ""nbr_compat"": true, ""restart_mode"": ""full"", ""rec_mode"": ""adaptive"", ""rec_patience"": 2, ""checkpoints"": [10, 20]}",Cdp208_copts_s2_20261002-234643_wc10
wc10,copts,rdp101,WC,2,60.0,19,1650.7992,39650.7992,19,1650.79924,39650.79924,-0.0,TIE,26.27,206,61800,"{""stall_epochs"": 20, ""arc_rule"": ""safe"", ""nbr_compat"": true, ""restart_mode"": ""full"", ""rec_mode"": ""adaptive"", ""rec_patience"": 2, ""checkpoints"": [10, 20]}",Rdp101_copts_s2_20261002-234743_wc10
wc10,copts,rdp102,WC,2,60.0,17,1486.1195,35486.1195,17,1486.119471,35486.119471,0.0,TIE,30.16,98,29200,"{""stall_epochs"": 20, ""arc_rule"": ""safe"", ""nbr_compat"": true, ""restart_mode"": ""full"", ""rec_mode"": ""adaptive"", ""rec_patience"": 2, ""checkpoints"": [10, 20]}",Rdp102_copts_s2_20261002-234843_wc10
wc10,copts,rdp103,WC,2,60.0,13,1294.6398,27294.6398,13,1294.639843,27294.639843,0.0,TIE,4.51,67,20000,"{""stall_epochs"": 20, ""arc_rule"": ""safe"", ""nbr_compat"": true, ""restart_mode"": ""full"", ""rec_mode"": ""adaptive"", ""rec_patience"": 2, ""checkpoints"": [10, 20]}",Rdp103_copts_s2_20261002-234943_wc10
wc10,copts,rdp104,WC,2,60.0,9,1017.2215,19017.2215,9,1026.417258,19026.417258,-0.0483,NEW_BEST,39.79,47,14000,"{""stall_epochs"": 20, ""arc_rule"": ""safe"", ""nbr_compat"": true, ""restart_mode"": ""full"", ""rec_mode"": ""adaptive"", ""rec_patience"": 2, ""checkpoints"": [10, 20]}",Rdp104_copts_s2_20261002-235043_wc10
wc10,copts,rdp105,WC,2,60.0,14,1377.111,29377.111,14,1377.111018,29377.111018,-0.0,TIE,0.45,143,42700,"{""stall_epochs"": 20, ""arc_rule"": ""safe"", ""nbr_compat"": true, ""restart_mode"": ""full"", ""rec_mode"": ""adaptive"", ""rec_patience"": 2, ""checkpoints"": [10, 20]}",Rdp105_copts_s2_20261002-235143_wc10
wc10,copts,rdp106,WC,2,60.0,12,1252.0307,25252.0307,12,1252.030746,25252.030746,-0.0,TIE,53.57,76,22550,"{""stall_epochs"": 20, ""arc_rule"": ""safe"", ""nbr_compat"": true, ""restart_mode"": ""full"", ""rec_mode"": ""adaptive"", ""rec_patience"": 2, ""checkpoints"": [10, 20]}",Rdp106_copts_s2_20261002-235243_wc10
wc10,copts,rdp107,WC,2,60.0,10,1112.5512,21112.5512,10,1112.551177,21112.551177,0.0,TIE,13.81,53,15650,"{""stall_epochs"": 20, ""arc_rule"": ""safe"", ""nbr_compat"": true, ""restart_mode"": ""full"", ""rec_mode"": ""adaptive"", ""rec_patience"": 2, ""checkpoints"": [10, 20]}",Rdp107_copts_s2_20261002-235344_wc10
wc10,copts,rdp108,WC,2,60.0,9,965.2179,18965.2179,9,965.217944,18965.217944,-0.0,TIE,11.01,43,12800,"{""stall_epochs"": 20, ""arc_rule"": ""safe"", ""nbr_compat"": true, ""restart_mode"": ""full"", ""rec_mode"": ""adaptive"", ""rec_patience"": 2, ""checkpoints"": [10, 20]}",Rdp108_copts_s2_20261002-235444_wc10
wc10,copts,rdp109,WC,2,60.0,11,1194.7341,23194.7341,11,1194.734098,23194.734098,-0.0,TIE,38.56,89,26600,"{""stall_epochs"": 20, ""arc_rule"": ""safe"", ""nbr_compat"": true, ""restart_mode"": ""full"", ""rec_mode"": ""adaptive"", ""rec_patience"": 2, ""checkpoints"": [10, 20]}",Rdp109_copts_s2_20261002-235544_wc10
wc10,copts,rdp110,WC,2,60.0,10,1121.457,21121.457,10,1121.456956,21121.456956,0.0,TIE,24.72,59,17500,"{""stall_epochs"": 20, ""arc_rule"": ""safe"", ""nbr_compat"": true, ""restart_mode"": ""full"", ""rec_mode"": ""adaptive"", ""rec_patience"": 2, ""checkpoints"": [10, 20]}",Rdp110_copts_s2_20261002-235644_wc10
wc10,copts,rdp111,WC,2,60.0,10,1098.8443,21098.8443,10,1098.844288,21098.844288,0.0,TIE,10.92,54,16150,"{""stall_epochs"": 20, ""arc_rule"": ""safe"", ""nbr_compat"": true, ""restart_mode"": ""full"", ""rec_mode"": ""adaptive"", ""rec_patience"": 2, ""checkpoints"": [10, 20]}",Rdp111_copts_s2_20261002-235744_wc10
wc10,copts,rdp112,WC,2,60.0,9,999.435,18999.435,9,997.264803,18997.264803,0.0114,worse,18.55,43,12650,"{""stall_epochs"": 20, ""arc_rule"": ""safe"", ""nbr_compat"": true, ""restart_mode"": ""full"", ""rec_mode"": ""adaptive"", ""rec_patience"": 2, ""checkpoints"": [10, 20]}",Rdp112_copts_s2_20261002-235844_wc10
wc10,copts,rdp201,WC,2,60.0,4,1252.3712,9252.3712,4,1252.371222,9252.371222,-0.0,TIE,3.1,94,28100,"{""stall_epochs"": 20, ""arc_rule"": ""safe"", ""nbr_compat"": true, ""restart_mode"": ""full"", ""rec_mode"": ""adaptive"", ""rec_patience"": 2, ""checkpoints"": [10, 20]}",Rdp201_copts_s2_20261002-235944_wc10
wc10,copts,rdp202,WC,2,60.0,3,1191.703,7191.703,3,1191.702969,7191.702969,-0.0,TIE,3.14,35,10500,"{""stall_epochs"": 20, ""arc_rule"": ""safe"", ""nbr_compat"": true, ""restart_mode"": ""full"", ""rec_mode"": ""adaptive"", ""rec_patience"": 2, ""checkpoints"": [10, 20]}",Rdp202_copts_s2_20261003-000045_wc10
wc10,copts,rdp203,WC,2,60.0,3,939.5033,6939.5033,3,939.50332,6939.50332,-0.0,TIE,8.8,28,8200,"{""stall_epochs"": 20, ""arc_rule"": ""safe"", ""nbr_compat"": true, ""restart_mode"": ""full"", ""rec_mode"": ""adaptive"", ""rec_patience"": 2, ""checkpoints"": [10, 20]}",Rdp203_copts_s2_20261003-000145_wc10
wc10,copts,rdp204,WC,2,60.0,2,825.5193,4825.5193,2,825.519293,4825.519293,0.0,TIE,25.66,21,6300,"{""stall_epochs"": 20, ""arc_rule"": ""safe"", ""nbr_compat"": true, ""restart_mode"": ""full"", ""rec_mode"": ""adaptive"", ""rec_patience"": 2, ""checkpoints"": [10, 20]}",Rdp204_copts_s2_20261003-000245_wc10
wc10,copts,rdp205,WC,2,60.0,3,994.4277,6994.4277,3,994.427657,6994.427657,-0.0,TIE,9.94,49,14650,"{""stall_epochs"": 20, ""arc_rule"": ""safe"", ""nbr_compat"": true, ""restart_mode"": ""full"", ""rec_mode"": ""adaptive"", ""rec_patience"": 2, ""checkpoints"": [10, 20]}",Rdp205_copts_s2_20261003-000345_wc10
wc10,copts,rdp206,WC,2,60.0,3,906.1421,6906.1421,3,906.142079,6906.142079,0.0,TIE,16.31,30,9000,"{""stall_epochs"": 20, ""arc_rule"": ""safe"", ""nbr_compat"": true, ""restart_mode"": ""full"", ""rec_mode"": ""adaptive"", ""rec_patience"": 2, ""checkpoints"": [10, 20]}",Rdp206_copts_s2_20261003-000445_wc10
wc10,copts,rdp207,WC,2,60.0,2,890.6083,4890.6083,2,890.608295,4890.608295,0.0,TIE,15.02,24,6950,"{""stall_epochs"": 20, ""arc_rule"": ""safe"", ""nbr_compat"": true, ""restart_mode"": ""full"", ""rec_mode"": ""adaptive"", ""rec_patience"": 2, ""checkpoints"": [10, 20]}",Rdp207_copts_s2_20261003-000546_wc10
wc10,copts,rdp208,WC,2,60.0,2,726.8228,4726.8228,2,726.822786,4726.822786,-0.0,TIE,15.74,20,5750,"{""stall_epochs"": 20, ""arc_rule"": ""safe"", ""nbr_compat"": true, ""restart_mode"": ""full"", ""rec_mode"": ""adaptive"", ""rec_patience"": 2, ""checkpoints"": [10, 20]}",Rdp208_copts_s2_20261003-000646_wc10
wc10,copts,rdp209,WC,2,60.0,3,909.1634,6909.1634,3,909.163356,6909.163356,0.0,TIE,18.32,34,9950,"{""stall_epochs"": 20, ""arc_rule"": ""safe"", ""nbr_compat"": true, ""restart_mode"": ""full"", ""rec_mode"": ""adaptive"", ""rec_patience"": 2, ""checkpoints"": [10, 20]}",Rdp209_copts_s2_20261003-000746_wc10
wc10,copts,rdp210,WC,2,60.0,3,939.3727,6939.3727,3,939.37268,6939.37268,0.0,TIE,12.06,31,9200,"{""stall_epochs"": 20, ""arc_rule"": ""safe"", ""nbr_compat"": true, ""restart_mode"": ""full"", ""rec_mode"": ""adaptive"", ""rec_patience"": 2, ""checkpoints"": [10, 20]}",Rdp210_copts_s2_20261003-000847_wc10
wc10,copts,rdp211,WC,2,60.0,2,899.9658,4899.9658,2,885.71139,4885.71139,0.2918,worse,60.16,23,6700,"{""stall_epochs"": 20, ""arc_rule"": ""safe"", ""nbr_compat"": true, ""restart_mode"": ""full"", ""rec_mode"": ""adaptive"", ""rec_patience"": 2, ""checkpoints"": [10, 20]}",Rdp211_copts_s2_20261003-000947_wc10
wc10,copts,rcdp101,WC,2,60.0,14,1708.2099,29708.2099,14,1708.209858,29708.209858,-0.0,TIE,22.25,154,46000,"{""stall_epochs"": 20, ""arc_rule"": ""safe"", ""nbr_compat"": true, ""restart_mode"": ""full"", ""rec_mode"": ""adaptive"", ""rec_patience"": 2, ""checkpoints"": [10, 20]}",RCdp101_copts_s2_20261003-001047_wc10
wc10,copts,rcdp102,WC,2,60.0,12,1570.2804,25570.2804,12,1570.280395,25570.280395,-0.0,TIE,18.97,83,24750,"{""stall_epochs"": 20, ""arc_rule"": ""safe"", ""nbr_compat"": true, ""restart_mode"": ""full"", ""rec_mode"": ""adaptive"", ""rec_patience"": 2, ""checkpoints"": [10, 20]}",RCdp102_copts_s2_20261003-001147_wc10
wc10,copts,rcdp103,WC,2,60.0,11,1282.5279,23282.5279,11,1282.527877,23282.527877,-0.0,TIE,4.09,59,17500,"{""stall_epochs"": 20, ""arc_rule"": ""safe"", ""nbr_compat"": true, ""restart_mode"": ""full"", ""rec_mode"": ""adaptive"", ""rec_patience"": 2, ""checkpoints"": [10, 20]}",RCdp103_copts_s2_20261003-001247_wc10
wc10,copts,rcdp104,WC,2,60.0,10,1171.3664,21171.3664,10,1171.366445,21171.366445,-0.0,TIE,3.58,50,14950,"{""stall_epochs"": 20, ""arc_rule"": ""safe"", ""nbr_compat"": true, ""restart_mode"": ""full"", ""rec_mode"": ""adaptive"", ""rec_patience"": 2, ""checkpoints"": [10, 20]}",RCdp104_copts_s2_20261003-001347_wc10
wc10,copts,rcdp105,WC,2,60.0,13,1632.2912,27632.2912,13,1632.291239,27632.291239,0.0,TIE,30.93,96,28550,"{""stall_epochs"": 20, ""arc_rule"": ""safe"", ""nbr_compat"": true, ""restart_mode"": ""full"", ""rec_mode"": ""adaptive"", ""rec_patience"": 2, ""checkpoints"": [10, 20]}",RCdp105_copts_s2_20261003-001447_wc10
wc10,copts,rcdp106,WC,2,60.0,12,1392.4719,25392.4719,12,1392.471942,25392.471942,0.0,TIE,47.24,93,27850,"{""stall_epochs"": 20, ""arc_rule"": ""safe"", ""nbr_compat"": true, ""restart_mode"": ""full"", ""rec_mode"": ""adaptive"", ""rec_patience"": 2, ""checkpoints"": [10, 20]}",RCdp106_copts_s2_20261003-001547_wc10
wc10,copts,rcdp107,WC,2,60.0,11,1252.7901,23252.7901,11,1252.790063,23252.790063,-0.0,TIE,9.54,58,17150,"{""stall_epochs"": 20, ""arc_rule"": ""safe"", ""nbr_compat"": true, ""restart_mode"": ""full"", ""rec_mode"": ""adaptive"", ""rec_patience"": 2, ""checkpoints"": [10, 20]}",RCdp107_copts_s2_20261003-001647_wc10
wc10,copts,rcdp108,WC,2,60.0,10,1177.9846,21177.9846,10,1177.984574,21177.984574,0.0,TIE,12.52,48,14350,"{""stall_epochs"": 20, ""arc_rule"": ""safe"", ""nbr_compat"": true, ""restart_mode"": ""full"", ""rec_mode"": ""adaptive"", ""rec_patience"": 2, ""checkpoints"": [10, 20]}",RCdp108_copts_s2_20261003-001748_wc10
wc10,copts,rcdp201,WC,2,60.0,4,1406.9401,9406.9401,4,1406.940088,9406.940088,-0.0,TIE,16.62,102,30400,"{""stall_epochs"": 20, ""arc_rule"": ""safe"", ""nbr_compat"": true, ""restart_mode"": ""full"", ""rec_mode"": ""adaptive"", ""rec_patience"": 2, ""checkpoints"": [10, 20]}",RCdp201_copts_s2_20261003-001848_wc10
wc10,copts,rcdp202,WC,2,60.0,3,1365.645,7365.645,3,1365.645031,7365.645031,0.0,TIE,10.96,44,13050,"{""stall_epochs"": 20, ""arc_rule"": ""safe"", ""nbr_compat"": true, ""restart_mode"": ""full"", ""rec_mode"": ""adaptive"", ""rec_patience"": 2, ""checkpoints"": [10, 20]}",RCdp202_copts_s2_20261003-001948_wc10
wc10,copts,rcdp203,WC,2,60.0,3,1050.451,7050.451,3,1049.624237,7049.624237,0.0117,worse,36.9,30,8800,"{""stall_epochs"": 20, ""arc_rule"": ""safe"", ""nbr_compat"": true, ""restart_mode"": ""full"", ""rec_mode"": ""adaptive"", ""rec_patience"": 2, ""checkpoints"": [10, 20]}",RCdp203_copts_s2_20261003-002048_wc10
wc10,copts,rcdp204,WC,2,60.0,3,798.4636,6798.4636,3,798.463581,6798.463581,-0.0,TIE,53.97,26,7700,"{""stall_epochs"": 20, ""arc_rule"": ""safe"", ""nbr_compat"": true, ""restart_mode"": ""full"", ""rec_mode"": ""adaptive"", ""rec_patience"": 2, ""checkpoints"": [10, 20]}",RCdp204_copts_s2_20261003-002148_wc10
wc10,copts,rcdp205,WC,2,60.0,4,1297.6477,9297.6477,4,1297.647746,9297.647746,0.0,TIE,2.97,61,18300,"{""stall_epochs"": 20, ""arc_rule"": ""safe"", ""nbr_compat"": true, ""restart_mode"": ""full"", ""rec_mode"": ""adaptive"", ""rec_patience"": 2, ""checkpoints"": [10, 20]}",RCdp205_copts_s2_20261003-002248_wc10
wc10,copts,rcdp206,WC,2,60.0,3,1146.3172,7146.3172,3,1146.317229,7146.317229,0.0,TIE,4.65,51,15050,"{""stall_epochs"": 20, ""arc_rule"": ""safe"", ""nbr_compat"": true, ""restart_mode"": ""full"", ""rec_mode"": ""adaptive"", ""rec_patience"": 2, ""checkpoints"": [10, 20]}",RCdp206_copts_s2_20261003-002349_wc10
wc10,copts,rcdp207,WC,2,60.0,3,1061.1446,7061.1446,3,1061.144555,7061.144555,0.0,TIE,11.5,32,9450,"{""stall_epochs"": 20, ""arc_rule"": ""safe"", ""nbr_compat"": true, ""restart_mode"": ""full"", ""rec_mode"": ""adaptive"", ""rec_patience"": 2, ""checkpoints"": [10, 20]}",RCdp207_copts_s2_20261003-002449_wc10
wc10,copts,rcdp208,WC,2,60.0,3,828.7091,6828.7091,3,828.141442,6828.141442,0.0083,worse,20.62,24,7050,"{""stall_epochs"": 20, ""arc_rule"": ""safe"", ""nbr_compat"": true, ""restart_mode"": ""full"", ""rec_mode"": ""adaptive"", ""rec_patience"": 2, ""checkpoints"": [10, 20]}",RCdp208_copts_s2_20261003-002549_wc10
wc10,copts,rcdp0501,WC,3,10.0,3,220.1488,6220.1488,,,,,,0.0,634,189950,"{""stall_epochs"": 20, ""arc_rule"": ""safe"", ""nbr_compat"": true, ""restart_mode"": ""full"", ""rec_mode"": ""adaptive"", ""rec_patience"": 2}",RCdp0501_copts_s3_20261003-002600_wc10
wc10,copts,rcdp0504,WC,3,10.0,2,214.5727,4214.5727,,,,,,0.0,295,88350,"{""stall_epochs"": 20, ""arc_rule"": ""safe"", ""nbr_compat"": true, ""restart_mode"": ""full"", ""rec_mode"": ""adaptive"", ""rec_patience"": 2}",RCdp0504_copts_s3_20261003-002610_wc10
wc10,copts,rcdp0507,WC,3,10.0,2,211.8268,4211.8268,,,,,,0.03,312,93400,"{""stall_epochs"": 20, ""arc_rule"": ""safe"", ""nbr_compat"": true, ""restart_mode"": ""full"", ""rec_mode"": ""adaptive"", ""rec_patience"": 2}",RCdp0507_copts_s3_20261003-002620_wc10
wc10,copts,rcdp1001,WC,3,10.0,3,348.9824,6348.9824,3,348.982362,6348.982362,-0.0,TIE,0.02,399,119500,"{""stall_epochs"": 20, ""arc_rule"": ""safe"", ""nbr_compat"": true, ""restart_mode"": ""full"", ""rec_mode"": ""adaptive"", ""rec_patience"": 2}",RCdp1001_copts_s3_20261003-002630_wc10
wc10,copts,rcdp1004,WC,3,10.0,2,216.6868,4216.6868,2,216.686766,4216.686766,-0.0,TIE,0.08,122,36400,"{""stall_epochs"": 20, ""arc_rule"": ""safe"", ""nbr_compat"": true, ""restart_mode"": ""full"", ""rec_mode"": ""adaptive"", ""rec_patience"": 2}",RCdp1004_copts_s3_20261003-002640_wc10
wc10,copts,rcdp1007,WC,3,10.0,2,310.8066,4310.8066,2,310.806635,4310.806635,0.0,TIE,0.05,187,56050,"{""stall_epochs"": 20, ""arc_rule"": ""safe"", ""nbr_compat"": true, ""restart_mode"": ""full"", ""rec_mode"": ""adaptive"", ""rec_patience"": 2}",RCdp1007_copts_s3_20261003-002650_wc10
wc10,copts,rcdp2501,WC,3,10.0,5,551.0529,10551.0529,5,551.052879,10551.052879,-0.0,TIE,0.06,151,45300,"{""stall_epochs"": 20, ""arc_rule"": ""safe"", ""nbr_compat"": true, ""restart_mode"": ""full"", ""rec_mode"": ""adaptive"", ""rec_patience"": 2}",RCdp2501_copts_s3_20261003-002700_wc10
wc10,copts,rcdp2504,WC,3,10.0,4,473.4596,8473.4596,4,473.459628,8473.459628,-0.0,TIE,8.87,49,14550,"{""stall_epochs"": 20, ""arc_rule"": ""safe"", ""nbr_compat"": true, ""restart_mode"": ""full"", ""rec_mode"": ""adaptive"", ""rec_patience"": 2}",RCdp2504_copts_s3_20261003-002710_wc10
wc10,copts,rcdp2507,WC,3,10.0,5,540.8663,10540.8663,5,540.866272,10540.866272,0.0,TIE,0.16,59,17600,"{""stall_epochs"": 20, ""arc_rule"": ""safe"", ""nbr_compat"": true, ""restart_mode"": ""full"", ""rec_mode"": ""adaptive"", ""rec_patience"": 2}",RCdp2507_copts_s3_20261003-002721_wc10
wc10,copts,rcdp5001,WC,3,10.0,9,994.1825,18994.1825,9,994.182495,18994.182495,-0.0,TIE,0.14,66,19550,"{""stall_epochs"": 20, ""arc_rule"": ""safe"", ""nbr_compat"": true, ""restart_mode"": ""full"", ""rec_mode"": ""adaptive"", ""rec_patience"": 2}",RCdp5001_copts_s3_20261003-002731_wc10
wc10,copts,rcdp5004,WC,3,10.0,6,733.2099,12733.2099,6,733.209905,12733.209905,0.0,TIE,0.5,20,5950,"{""stall_epochs"": 20, ""arc_rule"": ""safe"", ""nbr_compat"": true, ""restart_mode"": ""full"", ""rec_mode"": ""adaptive"", ""rec_patience"": 2}",RCdp5004_copts_s3_20261003-002741_wc10
wc10,copts,rcdp5007,WC,3,10.0,7,809.7147,14809.7147,7,809.714685,14809.714685,-0.0,TIE,9.13,25,7250,"{""stall_epochs"": 20, ""arc_rule"": ""safe"", ""nbr_compat"": true, ""restart_mode"": ""full"", ""rec_mode"": ""adaptive"", ""rec_patience"": 2}",RCdp5007_copts_s3_20261003-002751_wc10
wc10,copts,cdp101,WC,3,60.0,11,976.0414,22976.0414,11,976.041384,22976.041384,0.0,TIE,24.21,214,63950,"{""stall_epochs"": 20, ""arc_rule"": ""safe"", ""nbr_compat"": true, ""restart_mode"": ""full"", ""rec_mode"": ""adaptive"", ""rec_patience"": 2, ""checkpoints"": [10, 20]}",Cdp101_copts_s3_20261003-002853_wc10
wc10,copts,cdp102,WC,3,60.0,10,941.485,20941.485,10,941.485039,20941.485039,0.0,TIE,1.32,91,27050,"{""stall_epochs"": 20, ""arc_rule"": ""safe"", ""nbr_compat"": true, ""restart_mode"": ""full"", ""rec_mode"": ""adaptive"", ""rec_patience"": 2, ""checkpoints"": [10, 20]}",Cdp102_copts_s3_20261003-002953_wc10
wc10,copts,cdp103,WC,3,60.0,10,892.9822,20892.9822,10,892.982246,20892.982246,-0.0,TIE,47.82,62,18450,"{""stall_epochs"": 20, ""arc_rule"": ""safe"", ""nbr_compat"": true, ""restart_mode"": ""full"", ""rec_mode"": ""adaptive"", ""rec_patience"": 2, ""checkpoints"": [10, 20]}",Cdp103_copts_s3_20261003-003053_wc10
wc10,copts,cdp104,WC,3,60.0,10,871.4032,20871.4032,10,871.403177,20871.403177,0.0,TIE,3.2,56,16800,"{""stall_epochs"": 20, ""arc_rule"": ""safe"", ""nbr_compat"": true, ""restart_mode"": ""full"", ""rec_mode"": ""adaptive"", ""rec_patience"": 2, ""checkpoints"": [10, 20]}",Cdp104_copts_s3_20261003-003154_wc10
wc10,copts,cdp105,WC,3,60.0,10,1053.1171,21053.1171,10,1053.117064,21053.117064,0.0,TIE,0.73,173,51850,"{""stall_epochs"": 20, ""arc_rule"": ""safe"", ""nbr_compat"": true, ""restart_mode"": ""full"", ""rec_mode"": ""adaptive"", ""rec_patience"": 2, ""checkpoints"": [10, 20]}",Cdp105_copts_s3_20261003-003254_wc10
wc10,copts,cdp106,WC,3,60.0,10,963.4525,20963.4525,10,963.452492,20963.452492,-0.0,TIE,9.11,159,47700,"{""stall_epochs"": 20, ""arc_rule"": ""safe"", ""nbr_compat"": true, ""restart_mode"": ""full"", ""rec_mode"": ""adaptive"", ""rec_patience"": 2, ""checkpoints"": [10, 20]}",Cdp106_copts_s3_20261003-003354_wc10
wc10,copts,cdp107,WC,3,60.0,10,987.6388,20987.6388,10,987.638782,20987.638782,-0.0,TIE,0.75,160,47850,"{""stall_epochs"": 20, ""arc_rule"": ""safe"", ""nbr_compat"": true, ""restart_mode"": ""full"", ""rec_mode"": ""adaptive"", ""rec_patience"": 2, ""checkpoints"": [10, 20]}",Cdp107_copts_s3_20261003-003454_wc10
wc10,copts,cdp108,WC,3,60.0,10,932.4947,20932.4947,10,932.494665,20932.494665,0.0,TIE,10.37,128,38150,"{""stall_epochs"": 20, ""arc_rule"": ""safe"", ""nbr_compat"": true, ""restart_mode"": ""full"", ""rec_mode"": ""adaptive"", ""rec_patience"": 2, ""checkpoints"": [10, 20]}",Cdp108_copts_s3_20261003-003554_wc10
wc10,copts,cdp109,WC,3,60.0,10,909.266,20909.266,10,909.26601,20909.26601,0.0,TIE,1.26,100,29750,"{""stall_epochs"": 20, ""arc_rule"": ""safe"", ""nbr_compat"": true, ""restart_mode"": ""full"", ""rec_mode"": ""adaptive"", ""rec_patience"": 2, ""checkpoints"": [10, 20]}",Cdp109_copts_s3_20261003-003654_wc10
wc10,copts,cdp201,WC,3,60.0,3,591.5566,6591.5566,3,591.556557,6591.556557,-0.0,TIE,0.27,232,69450,"{""stall_epochs"": 20, ""arc_rule"": ""safe"", ""nbr_compat"": true, ""restart_mode"": ""full"", ""rec_mode"": ""adaptive"", ""rec_patience"": 2, ""checkpoints"": [10, 20]}",Cdp201_copts_s3_20261003-003754_wc10
wc10,copts,cdp202,WC,3,60.0,3,591.5566,6591.5566,3,591.556557,6591.556557,-0.0,TIE,1.21,51,15100,"{""stall_epochs"": 20, ""arc_rule"": ""safe"", ""nbr_compat"": true, ""restart_mode"": ""full"", ""rec_mode"": ""adaptive"", ""rec_patience"": 2, ""checkpoints"": [10, 20]}",Cdp202_copts_s3_20261003-003854_wc10
wc10,copts,cdp203,WC,3,60.0,3,591.1734,6591.1734,3,591.173443,6591.173443,-0.0,TIE,1.73,35,10350,"{""stall_epochs"": 20, ""arc_rule"": ""safe"", ""nbr_compat"": true, ""restart_mode"": ""full"", ""rec_mode"": ""adaptive"", ""rec_patience"": 2, ""checkpoints"": [10, 20]}",Cdp203_copts_s3_20261003-003954_wc10
wc10,copts,cdp204,WC,3,60.0,3,590.5987,6590.5987,3,590.598746,6590.598746,-0.0,TIE,1.97,30,8800,"{""stall_epochs"": 20, ""arc_rule"": ""safe"", ""nbr_compat"": true, ""restart_mode"": ""full"", ""rec_mode"": ""adaptive"", ""rec_patience"": 2, ""checkpoints"": [10, 20]}",Cdp204_copts_s3_20261003-004055_wc10
wc10,copts,cdp205,WC,3,60.0,3,588.876,6588.876,3,588.875963,6588.875963,-0.0,TIE,0.47,133,39850,"{""stall_epochs"": 20, ""arc_rule"": ""safe"", ""nbr_compat"": true, ""restart_mode"": ""full"", ""rec_mode"": ""adaptive"", ""rec_patience"": 2, ""checkpoints"": [10, 20]}",Cdp205_copts_s3_20261003-004155_wc10
wc10,copts,cdp206,WC,3,60.0,3,588.4928,6588.4928,3,588.492849,6588.492849,-0.0,TIE,0.75,85,25250,"{""stall_epochs"": 20, ""arc_rule"": ""safe"", ""nbr_compat"": true, ""restart_mode"": ""full"", ""rec_mode"": ""adaptive"", ""rec_patience"": 2, ""checkpoints"": [10, 20]}",Cdp206_copts_s3_20261003-004255_wc10
wc10,copts,cdp207,WC,3,60.0,3,588.2863,6588.2863,3,588.286321,6588.286321,0.0,TIE,0.84,72,21550,"{""stall_epochs"": 20, ""arc_rule"": ""safe"", ""nbr_compat"": true, ""restart_mode"": ""full"", ""rec_mode"": ""adaptive"", ""rec_patience"": 2, ""checkpoints"": [10, 20]}",Cdp207_copts_s3_20261003-004355_wc10
wc10,copts,cdp208,WC,3,60.0,3,588.3238,6588.3238,3,588.323801,6588.323801,-0.0,TIE,0.9,69,20550,"{""stall_epochs"": 20, ""arc_rule"": ""safe"", ""nbr_compat"": true, ""restart_mode"": ""full"", ""rec_mode"": ""adaptive"", ""rec_patience"": 2, ""checkpoints"": [10, 20]}",Cdp208_copts_s3_20261003-004455_wc10
wc10,copts,rdp101,WC,3,60.0,19,1650.7992,39650.7992,19,1650.79924,39650.79924,-0.0,TIE,7.03,206,61750,"{""stall_epochs"": 20, ""arc_rule"": ""safe"", ""nbr_compat"": true, ""restart_mode"": ""full"", ""rec_mode"": ""adaptive"", ""rec_patience"": 2, ""checkpoints"": [10, 20]}",Rdp101_copts_s3_20261003-004555_wc10
wc10,copts,rdp102,WC,3,60.0,17,1486.1195,35486.1195,17,1486.119471,35486.119471,0.0,TIE,28.84,98,29200,"{""stall_epochs"": 20, ""arc_rule"": ""safe"", ""nbr_compat"": true, ""restart_mode"": ""full"", ""rec_mode"": ""adaptive"", ""rec_patience"": 2, ""checkpoints"": [10, 20]}",Rdp102_copts_s3_20261003-004655_wc10
wc10,copts,rdp103,WC,3,60.0,13,1294.6398,27294.6398,13,1294.639843,27294.639843,0.0,TIE,36.93,67,20000,"{""stall_epochs"": 20, ""arc_rule"": ""safe"", ""nbr_compat"": true, ""restart_mode"": ""full"", ""rec_mode"": ""adaptive"", ""rec_patience"": 2, ""checkpoints"": [10, 20]}",Rdp103_copts_s3_20261003-004755_wc10
wc10,copts,rdp104,WC,3,60.0,9,1017.2215,19017.2215,9,1026.417258,19026.417258,-0.0483,NEW_BEST,5.13,47,13950,"{""stall_epochs"": 20, ""arc_rule"": ""safe"", ""nbr_compat"": true, ""restart_mode"": ""full"", ""rec_mode"": ""adaptive"", ""rec_patience"": 2, ""checkpoints"": [10, 20]}",Rdp104_copts_s3_20261003-004855_wc10
wc10,copts,rdp105,WC,3,60.0,14,1377.111,29377.111,14,1377.111018,29377.111018,-0.0,TIE,18.18,143,42800,"{""stall_epochs"": 20, ""arc_rule"": ""safe"", ""nbr_compat"": true, ""restart_mode"": ""full"", ""rec_mode"": ""adaptive"", ""rec_patience"": 2, ""checkpoints"": [10, 20]}",Rdp105_copts_s3_20261003-004955_wc10
wc10,copts,rdp106,WC,3,60.0,12,1252.0307,25252.0307,12,1252.030746,25252.030746,-0.0,TIE,1.61,76,22550,"{""stall_epochs"": 20, ""arc_rule"": ""safe"", ""nbr_compat"": true, ""restart_mode"": ""full"", ""rec_mode"": ""adaptive"", ""rec_patience"": 2, ""checkpoints"": [10, 20]}",Rdp106_copts_s3_20261003-005056_wc10
wc10,copts,rdp107,WC,3,60.0,10,1112.5512,21112.5512,10,1112.551177,21112.551177,0.0,TIE,19.51,53,15700,"{""stall_epochs"": 20, ""arc_rule"": ""safe"", ""nbr_compat"": true, ""restart_mode"": ""full"", ""rec_mode"": ""adaptive"", ""rec_patience"": 2, ""checkpoints"": [10, 20]}",Rdp107_copts_s3_20261003-005156_wc10
wc10,copts,rdp108,WC,3,60.0,9,965.2179,18965.2179,9,965.217944,18965.217944,-0.0,TIE,8.19,43,12900,"{""stall_epochs"": 20, ""arc_rule"": ""safe"", ""nbr_compat"": true, ""restart_mode"": ""full"", ""rec_mode"": ""adaptive"", ""rec_patience"": 2, ""checkpoints"": [10, 20]}",Rdp108_copts_s3_20261003-005256_wc10
wc10,copts,rdp109,WC,3,60.0,11,1194.7341,23194.7341,11,1194.734098,23194.734098,-0.0,TIE,36.6,89,26600,"{""stall_epochs"": 20, ""arc_rule"": ""safe"", ""nbr_compat"": true, ""restart_mode"": ""full"", ""rec_mode"": ""adaptive"", ""rec_patience"": 2, ""checkpoints"": [10, 20]}",Rdp109_copts_s3_20261003-005356_wc10
wc10,copts,rdp110,WC,3,60.0,10,1121.457,21121.457,10,1121.456956,21121.456956,0.0,TIE,13.46,59,17500,"{""stall_epochs"": 20, ""arc_rule"": ""safe"", ""nbr_compat"": true, ""restart_mode"": ""full"", ""rec_mode"": ""adaptive"", ""rec_patience"": 2, ""checkpoints"": [10, 20]}",Rdp110_copts_s3_20261003-005456_wc10
wc10,copts,rdp111,WC,3,60.0,10,1098.8443,21098.8443,10,1098.844288,21098.844288,0.0,TIE,9.82,54,16150,"{""stall_epochs"": 20, ""arc_rule"": ""safe"", ""nbr_compat"": true, ""restart_mode"": ""full"", ""rec_mode"": ""adaptive"", ""rec_patience"": 2, ""checkpoints"": [10, 20]}",Rdp111_copts_s3_20261003-005556_wc10
wc10,copts,rdp112,WC,3,60.0,9,999.4422,18999.4422,9,997.264803,18997.264803,0.0115,worse,47.03,43,12650,"{""stall_epochs"": 20, ""arc_rule"": ""safe"", ""nbr_compat"": true, ""restart_mode"": ""full"", ""rec_mode"": ""adaptive"", ""rec_patience"": 2, ""checkpoints"": [10, 20]}",Rdp112_copts_s3_20261003-005656_wc10
wc10,copts,rdp201,WC,3,60.0,4,1252.3712,9252.3712,4,1252.371222,9252.371222,-0.0,TIE,3.1,94,28150,"{""stall_epochs"": 20, ""arc_rule"": ""safe"", ""nbr_compat"": true, ""restart_mode"": ""full"", ""rec_mode"": ""adaptive"", ""rec_patience"": 2, ""checkpoints"": [10, 20]}",Rdp201_copts_s3_20261003-005757_wc10
wc10,copts,rdp202,WC,3,60.0,3,1191.703,7191.703,3,1191.702969,7191.702969,-0.0,TIE,4.82,36,10550,"{""stall_epochs"": 20, ""arc_rule"": ""safe"", ""nbr_compat"": true, ""restart_mode"": ""full"", ""rec_mode"": ""adaptive"", ""rec_patience"": 2, ""checkpoints"": [10, 20]}",Rdp202_copts_s3_20261003-005857_wc10
wc10,copts,rdp203,WC,3,60.0,3,939.581,6939.581,3,939.50332,6939.50332,0.0011,worse,53.59,28,8400,"{""stall_epochs"": 20, ""arc_rule"": ""safe"", ""nbr_compat"": true, ""restart_mode"": ""full"", ""rec_mode"": ""adaptive"", ""rec_patience"": 2, ""checkpoints"": [10, 20]}",Rdp203_copts_s3_20261003-005957_wc10
wc10,copts,rdp204,WC,3,60.0,2,825.5193,4825.5193,2,825.519293,4825.519293,0.0,TIE,10.96,22,6350,"{""stall_epochs"": 20, ""arc_rule"": ""safe"", ""nbr_compat"": true, ""restart_mode"": ""full"", ""rec_mode"": ""adaptive"", ""rec_patience"": 2, ""checkpoints"": [10, 20]}",Rdp204_copts_s3_20261003-010057_wc10
wc10,copts,rdp205,WC,3,60.0,3,994.4277,6994.4277,3,994.427657,6994.427657,-0.0,TIE,7.41,49,14650,"{""stall_epochs"": 20, ""arc_rule"": ""safe"", ""nbr_compat"": true, ""restart_mode"": ""full"", ""rec_mode"": ""adaptive"", ""rec_patience"": 2, ""checkpoints"": [10, 20]}",Rdp205_copts_s3_20261003-010157_wc10
wc10,copts,rdp206,WC,3,60.0,3,906.1421,6906.1421,3,906.142079,6906.142079,0.0,TIE,12.29,31,9050,"{""stall_epochs"": 20, ""arc_rule"": ""safe"", ""nbr_compat"": true, ""restart_mode"": ""full"", ""rec_mode"": ""adaptive"", ""rec_patience"": 2, ""checkpoints"": [10, 20]}",Rdp206_copts_s3_20261003-010257_wc10
wc10,copts,rdp207,WC,3,60.0,2,890.6083,4890.6083,2,890.608295,4890.608295,0.0,TIE,14.83,24,7050,"{""stall_epochs"": 20, ""arc_rule"": ""safe"", ""nbr_compat"": true, ""restart_mode"": ""full"", ""rec_mode"": ""adaptive"", ""rec_patience"": 2, ""checkpoints"": [10, 20]}",Rdp207_copts_s3_20261003-010358_wc10
wc10,copts,rdp208,WC,3,60.0,2,726.8228,4726.8228,2,726.822786,4726.822786,-0.0,TIE,9.27,20,5800,"{""stall_epochs"": 20, ""arc_rule"": ""safe"", ""nbr_compat"": true, ""restart_mode"": ""full"", ""rec_mode"": ""adaptive"", ""rec_patience"": 2, ""checkpoints"": [10, 20]}",Rdp208_copts_s3_20261003-010458_wc10
wc10,copts,rdp209,WC,3,60.0,3,909.1634,6909.1634,3,909.163356,6909.163356,0.0,TIE,38.21,34,9950,"{""stall_epochs"": 20, ""arc_rule"": ""safe"", ""nbr_compat"": true, ""restart_mode"": ""full"", ""rec_mode"": ""adaptive"", ""rec_patience"": 2, ""checkpoints"": [10, 20]}",Rdp209_copts_s3_20261003-010558_wc10
wc10,copts,rdp210,WC,3,60.0,3,939.3727,6939.3727,3,939.37268,6939.37268,0.0,TIE,3.97,31,9300,"{""stall_epochs"": 20, ""arc_rule"": ""safe"", ""nbr_compat"": true, ""restart_mode"": ""full"", ""rec_mode"": ""adaptive"", ""rec_patience"": 2, ""checkpoints"": [10, 20]}",Rdp210_copts_s3_20261003-010658_wc10
wc10,copts,rdp211,WC,3,60.0,2,898.1501,4898.1501,2,885.71139,4885.71139,0.2546,worse,10.68,23,6800,"{""stall_epochs"": 20, ""arc_rule"": ""safe"", ""nbr_compat"": true, ""restart_mode"": ""full"", ""rec_mode"": ""adaptive"", ""rec_patience"": 2, ""checkpoints"": [10, 20]}",Rdp211_copts_s3_20261003-010759_wc10
wc10,copts,rcdp101,WC,3,60.0,14,1708.2099,29708.2099,14,1708.209858,29708.209858,-0.0,TIE,1.67,153,45900,"{""stall_epochs"": 20, ""arc_rule"": ""safe"", ""nbr_compat"": true, ""restart_mode"": ""full"", ""rec_mode"": ""adaptive"", ""rec_patience"": 2, ""checkpoints"": [10, 20]}",RCdp101_copts_s3_20261003-010859_wc10
wc10,copts,rcdp102,WC,3,60.0,12,1570.2804,25570.2804,12,1570.280395,25570.280395,-0.0,TIE,2.19,83,24800,"{""stall_epochs"": 20, ""arc_rule"": ""safe"", ""nbr_compat"": true, ""restart_mode"": ""full"", ""rec_mode"": ""adaptive"", ""rec_patience"": 2, ""checkpoints"": [10, 20]}",RCdp102_copts_s3_20261003-010959_wc10
wc10,copts,rcdp103,WC,3,60.0,11,1282.5279,23282.5279,11,1282.527877,23282.527877,-0.0,TIE,53.57,59,17450,"{""stall_epochs"": 20, ""arc_rule"": ""safe"", ""nbr_compat"": true, ""restart_mode"": ""full"", ""rec_mode"": ""adaptive"", ""rec_patience"": 2, ""checkpoints"": [10, 20]}",RCdp103_copts_s3_20261003-011059_wc10
wc10,copts,rcdp104,WC,3,60.0,10,1171.3664,21171.3664,10,1171.366445,21171.366445,-0.0,TIE,4.72,50,14950,"{""stall_epochs"": 20, ""arc_rule"": ""safe"", ""nbr_compat"": true, ""restart_mode"": ""full"", ""rec_mode"": ""adaptive"", ""rec_patience"": 2, ""checkpoints"": [10, 20]}",RCdp104_copts_s3_20261003-011159_wc10
wc10,copts,rcdp105,WC,3,60.0,13,1632.2912,27632.2912,13,1632.291239,27632.291239,0.0,TIE,5.75,96,28550,"{""stall_epochs"": 20, ""arc_rule"": ""safe"", ""nbr_compat"": true, ""restart_mode"": ""full"", ""rec_mode"": ""adaptive"", ""rec_patience"": 2, ""checkpoints"": [10, 20]}",RCdp105_copts_s3_20261003-011259_wc10
wc10,copts,rcdp106,WC,3,60.0,12,1392.4719,25392.4719,12,1392.471942,25392.471942,0.0,TIE,1.97,93,27750,"{""stall_epochs"": 20, ""arc_rule"": ""safe"", ""nbr_compat"": true, ""restart_mode"": ""full"", ""rec_mode"": ""adaptive"", ""rec_patience"": 2, ""checkpoints"": [10, 20]}",RCdp106_copts_s3_20261003-011359_wc10
wc10,copts,rcdp107,WC,3,60.0,11,1255.0629,23255.0629,11,1252.790063,23252.790063,0.0098,worse,7.37,58,17200,"{""stall_epochs"": 20, ""arc_rule"": ""safe"", ""nbr_compat"": true, ""restart_mode"": ""full"", ""rec_mode"": ""adaptive"", ""rec_patience"": 2, ""checkpoints"": [10, 20]}",RCdp107_copts_s3_20261003-011459_wc10
wc10,copts,rcdp108,WC,3,60.0,10,1177.9846,21177.9846,10,1177.984574,21177.984574,0.0,TIE,11.16,48,14350,"{""stall_epochs"": 20, ""arc_rule"": ""safe"", ""nbr_compat"": true, ""restart_mode"": ""full"", ""rec_mode"": ""adaptive"", ""rec_patience"": 2, ""checkpoints"": [10, 20]}",RCdp108_copts_s3_20261003-011559_wc10
wc10,copts,rcdp201,WC,3,60.0,4,1406.9401,9406.9401,4,1406.940088,9406.940088,-0.0,TIE,47.34,102,30400,"{""stall_epochs"": 20, ""arc_rule"": ""safe"", ""nbr_compat"": true, ""restart_mode"": ""full"", ""rec_mode"": ""adaptive"", ""rec_patience"": 2, ""checkpoints"": [10, 20]}",RCdp201_copts_s3_20261003-011659_wc10
wc10,copts,rcdp202,WC,3,60.0,3,1365.645,7365.645,3,1365.645031,7365.645031,0.0,TIE,6.81,44,13150,"{""stall_epochs"": 20, ""arc_rule"": ""safe"", ""nbr_compat"": true, ""restart_mode"": ""full"", ""rec_mode"": ""adaptive"", ""rec_patience"": 2, ""checkpoints"": [10, 20]}",RCdp202_copts_s3_20261003-011800_wc10
wc10,copts,rcdp203,WC,3,60.0,3,1049.6242,7049.6242,3,1049.624237,7049.624237,-0.0,TIE,60.1,30,8800,"{""stall_epochs"": 20, ""arc_rule"": ""safe"", ""nbr_compat"": true, ""restart_mode"": ""full"", ""rec_mode"": ""adaptive"", ""rec_patience"": 2, ""checkpoints"": [10, 20]}",RCdp203_copts_s3_20261003-011900_wc10
wc10,copts,rcdp204,WC,3,60.0,3,798.4636,6798.4636,3,798.463581,6798.463581,-0.0,TIE,4.66,26,7700,"{""stall_epochs"": 20, ""arc_rule"": ""safe"", ""nbr_compat"": true, ""restart_mode"": ""full"", ""rec_mode"": ""adaptive"", ""rec_patience"": 2, ""checkpoints"": [10, 20]}",RCdp204_copts_s3_20261003-012000_wc10
wc10,copts,rcdp205,WC,3,60.0,4,1297.6477,9297.6477,4,1297.647746,9297.647746,0.0,TIE,50.88,62,18400,"{""stall_epochs"": 20, ""arc_rule"": ""safe"", ""nbr_compat"": true, ""restart_mode"": ""full"", ""rec_mode"": ""adaptive"", ""rec_patience"": 2, ""checkpoints"": [10, 20]}",RCdp205_copts_s3_20261003-012100_wc10
wc10,copts,rcdp206,WC,3,60.0,3,1146.3172,7146.3172,3,1146.317229,7146.317229,0.0,TIE,7.06,51,15100,"{""stall_epochs"": 20, ""arc_rule"": ""safe"", ""nbr_compat"": true, ""restart_mode"": ""full"", ""rec_mode"": ""adaptive"", ""rec_patience"": 2, ""checkpoints"": [10, 20]}",RCdp206_copts_s3_20261003-012200_wc10
wc10,copts,rcdp207,WC,3,60.0,3,1061.8415,7061.8415,3,1061.144555,7061.144555,0.0099,worse,11.42,32,9450,"{""stall_epochs"": 20, ""arc_rule"": ""safe"", ""nbr_compat"": true, ""restart_mode"": ""full"", ""rec_mode"": ""adaptive"", ""rec_patience"": 2, ""checkpoints"": [10, 20]}",RCdp207_copts_s3_20261003-012300_wc10
wc10,copts,rcdp208,WC,3,60.0,3,828.1414,6828.1414,3,828.141442,6828.141442,0.0,TIE,23.01,24,7100,"{""stall_epochs"": 20, ""arc_rule"": ""safe"", ""nbr_compat"": true, ""restart_mode"": ""full"", ""rec_mode"": ""adaptive"", ""rec_patience"": 2, ""checkpoints"": [10, 20]}",RCdp208_copts_s3_20261003-012400_wc10
wc10,copts,rcdp0501,WC,4,10.0,3,220.1488,6220.1488,,,,,,0.0,630,188850,"{""stall_epochs"": 20, ""arc_rule"": ""safe"", ""nbr_compat"": true, ""restart_mode"": ""full"", ""rec_mode"": ""adaptive"", ""rec_patience"": 2}",RCdp0501_copts_s4_20261003-012412_wc10
wc10,copts,rcdp0504,WC,4,10.0,2,214.5727,4214.5727,,,,,,0.0,294,88150,"{""stall_epochs"": 20, ""arc_rule"": ""safe"", ""nbr_compat"": true, ""restart_mode"": ""full"", ""rec_mode"": ""adaptive"", ""rec_patience"": 2}",RCdp0504_copts_s4_20261003-012422_wc10
wc10,copts,rcdp0507,WC,4,10.0,2,211.8268,4211.8268,,,,,,0.03,310,92900,"{""stall_epochs"": 20, ""arc_rule"": ""safe"", ""nbr_compat"": true, ""restart_mode"": ""full"", ""rec_mode"": ""adaptive"", ""rec_patience"": 2}",RCdp0507_copts_s4_20261003-012432_wc10
wc10,copts,rcdp1001,WC,4,10.0,3,348.9824,6348.9824,3,348.982362,6348.982362,-0.0,TIE,0.02,398,119350,"{""stall_epochs"": 20, ""arc_rule"": ""safe"", ""nbr_compat"": true, ""restart_mode"": ""full"", ""rec_mode"": ""adaptive"", ""rec_patience"": 2}",RCdp1001_copts_s4_20261003-012442_wc10
wc10,copts,rcdp1004,WC,4,10.0,2,216.6868,4216.6868,2,216.686766,4216.686766,-0.0,TIE,0.08,121,36300,"{""stall_epochs"": 20, ""arc_rule"": ""safe"", ""nbr_compat"": true, ""restart_mode"": ""full"", ""rec_mode"": ""adaptive"", ""rec_patience"": 2}",RCdp1004_copts_s4_20261003-012452_wc10
wc10,copts,rcdp1007,WC,4,10.0,2,310.8066,4310.8066,2,310.806635,4310.806635,0.0,TIE,0.05,184,54950,"{""stall_epochs"": 20, ""arc_rule"": ""safe"", ""nbr_compat"": true, ""restart_mode"": ""full"", ""rec_mode"": ""adaptive"", ""rec_patience"": 2}",RCdp1007_copts_s4_20261003-012502_wc10
wc10,copts,rcdp2501,WC,4,10.0,5,551.0529,10551.0529,5,551.052879,10551.052879,-0.0,TIE,0.06,151,45100,"{""stall_epochs"": 20, ""arc_rule"": ""safe"", ""nbr_compat"": true, ""restart_mode"": ""full"", ""rec_mode"": ""adaptive"", ""rec_patience"": 2}",RCdp2501_copts_s4_20261003-012512_wc10
wc10,copts,rcdp2504,WC,4,10.0,4,473.4596,8473.4596,4,473.459628,8473.459628,-0.0,TIE,0.21,49,14450,"{""stall_epochs"": 20, ""arc_rule"": ""safe"", ""nbr_compat"": true, ""restart_mode"": ""full"", ""rec_mode"": ""adaptive"", ""rec_patience"": 2}",RCdp2504_copts_s4_20261003-012522_wc10
wc10,copts,rcdp2507,WC,4,10.0,5,540.8663,10540.8663,5,540.866272,10540.866272,0.0,TIE,0.16,58,17350,"{""stall_epochs"": 20, ""arc_rule"": ""safe"", ""nbr_compat"": true, ""restart_mode"": ""full"", ""rec_mode"": ""adaptive"", ""rec_patience"": 2}",RCdp2507_copts_s4_20261003-012532_wc10
wc10,copts,rcdp5001,WC,4,10.0,9,994.1825,18994.1825,9,994.182495,18994.182495,-0.0,TIE,3.43,64,19200,"{""stall_epochs"": 20, ""arc_rule"": ""safe"", ""nbr_compat"": true, ""restart_mode"": ""full"", ""rec_mode"": ""adaptive"", ""rec_patience"": 2}",RCdp5001_copts_s4_20261003-012543_wc10
wc10,copts,rcdp5004,WC,4,10.0,6,733.2099,12733.2099,6,733.209905,12733.209905,0.0,TIE,0.52,20,5950,"{""stall_epochs"": 20, ""arc_rule"": ""safe"", ""nbr_compat"": true, ""restart_mode"": ""full"", ""rec_mode"": ""adaptive"", ""rec_patience"": 2}",RCdp5004_copts_s4_20261003-012553_wc10
wc10,copts,rcdp5007,WC,4,10.0,7,809.7147,14809.7147,7,809.714685,14809.714685,-0.0,TIE,0.41,25,7250,"{""stall_epochs"": 20, ""arc_rule"": ""safe"", ""nbr_compat"": true, ""restart_mode"": ""full"", ""rec_mode"": ""adaptive"", ""rec_patience"": 2}",RCdp5007_copts_s4_20261003-012603_wc10
wc10,copts,cdp101,WC,4,60.0,11,976.0414,22976.0414,11,976.041384,22976.041384,0.0,TIE,0.3,215,64250,"{""stall_epochs"": 20, ""arc_rule"": ""safe"", ""nbr_compat"": true, ""restart_mode"": ""full"", ""rec_mode"": ""adaptive"", ""rec_patience"": 2, ""checkpoints"": [10, 20]}",Cdp101_copts_s4_20261003-012705_wc10
wc10,copts,cdp102,WC,4,60.0,10,941.485,20941.485,10,941.485039,20941.485039,0.0,TIE,16.0,91,27100,"{""stall_epochs"": 20, ""arc_rule"": ""safe"", ""nbr_compat"": true, ""restart_mode"": ""full"", ""rec_mode"": ""adaptive"", ""rec_patience"": 2, ""checkpoints"": [10, 20]}",Cdp102_copts_s4_20261003-012805_wc10
wc10,copts,cdp103,WC,4,60.0,10,892.9822,20892.9822,10,892.982246,20892.982246,-0.0,TIE,49.88,62,18400,"{""stall_epochs"": 20, ""arc_rule"": ""safe"", ""nbr_compat"": true, ""restart_mode"": ""full"", ""rec_mode"": ""adaptive"", ""rec_patience"": 2, ""checkpoints"": [10, 20]}",Cdp103_copts_s4_20261003-012905_wc10
wc10,copts,cdp104,WC,4,60.0,10,871.4032,20871.4032,10,871.403177,20871.403177,0.0,TIE,26.93,56,16800,"{""stall_epochs"": 20, ""arc_rule"": ""safe"", ""nbr_compat"": true, ""restart_mode"": ""full"", ""rec_mode"": ""adaptive"", ""rec_patience"": 2, ""checkpoints"": [10, 20]}",Cdp104_copts_s4_20261003-013006_wc10
wc10,copts,cdp105,WC,4,60.0,10,1053.1171,21053.1171,10,1053.117064,21053.117064,0.0,TIE,0.73,173,51700,"{""stall_epochs"": 20, ""arc_rule"": ""safe"", ""nbr_compat"": true, ""restart_mode"": ""full"", ""rec_mode"": ""adaptive"", ""rec_patience"": 2, ""checkpoints"": [10, 20]}",Cdp105_copts_s4_20261003-013106_wc10
wc10,copts,cdp106,WC,4,60.0,10,963.4525,20963.4525,10,963.452492,20963.452492,-0.0,TIE,16.96,160,47750,"{""stall_epochs"": 20, ""arc_rule"": ""safe"", ""nbr_compat"": true, ""restart_mode"": ""full"", ""rec_mode"": ""adaptive"", ""rec_patience"": 2, ""checkpoints"": [10, 20]}",Cdp106_copts_s4_20261003-013206_wc10
wc10,copts,cdp107,WC,4,60.0,10,987.6388,20987.6388,10,987.638782,20987.638782,-0.0,TIE,8.29,160,47750,"{""stall_epochs"": 20, ""arc_rule"": ""safe"", ""nbr_compat"": true, ""restart_mode"": ""full"", ""rec_mode"": ""adaptive"", ""rec_patience"": 2, ""checkpoints"": [10, 20]}",Cdp107_copts_s4_20261003-013306_wc10
wc10,copts,cdp108,WC,4,60.0,10,932.4947,20932.4947,10,932.494665,20932.494665,0.0,TIE,40.08,128,38200,"{""stall_epochs"": 20, ""arc_rule"": ""safe"", ""nbr_compat"": true, ""restart_mode"": ""full"", ""rec_mode"": ""adaptive"", ""rec_patience"": 2, ""checkpoints"": [10, 20]}",Cdp108_copts_s4_20261003-013406_wc10
wc10,copts,cdp109,WC,4,60.0,10,909.266,20909.266,10,909.26601,20909.26601,0.0,TIE,0.63,100,29800,"{""stall_epochs"": 20, ""arc_rule"": ""safe"", ""nbr_compat"": true, ""restart_mode"": ""full"", ""rec_mode"": ""adaptive"", ""rec_patience"": 2, ""checkpoints"": [10, 20]}",Cdp109_copts_s4_20261003-013506_wc10
wc10,copts,cdp201,WC,4,60.0,3,591.5566,6591.5566,3,591.556557,6591.556557,-0.0,TIE,16.72,232,69500,"{""stall_epochs"": 20, ""arc_rule"": ""safe"", ""nbr_compat"": true, ""restart_mode"": ""full"", ""rec_mode"": ""adaptive"", ""rec_patience"": 2, ""checkpoints"": [10, 20]}",Cdp201_copts_s4_20261003-013606_wc10
wc10,copts,cdp202,WC,4,60.0,3,591.5566,6591.5566,3,591.556557,6591.556557,-0.0,TIE,1.21,51,15100,"{""stall_epochs"": 20, ""arc_rule"": ""safe"", ""nbr_compat"": true, ""restart_mode"": ""full"", ""rec_mode"": ""adaptive"", ""rec_patience"": 2, ""checkpoints"": [10, 20]}",Cdp202_copts_s4_20261003-013706_wc10
wc10,copts,cdp203,WC,4,60.0,3,591.1734,6591.1734,3,591.173443,6591.173443,-0.0,TIE,1.73,35,10400,"{""stall_epochs"": 20, ""arc_rule"": ""safe"", ""nbr_compat"": true, ""restart_mode"": ""full"", ""rec_mode"": ""adaptive"", ""rec_patience"": 2, ""checkpoints"": [10, 20]}",Cdp203_copts_s4_20261003-013807_wc10
wc10,copts,cdp204,WC,4,60.0,3,590.5987,6590.5987,3,590.598746,6590.598746,-0.0,TIE,1.96,30,8750,"{""stall_epochs"": 20, ""arc_rule"": ""safe"", ""nbr_compat"": true, ""restart_mode"": ""full"", ""rec_mode"": ""adaptive"", ""rec_patience"": 2, ""checkpoints"": [10, 20]}",Cdp204_copts_s4_20261003-013907_wc10
wc10,copts,cdp205,WC,4,60.0,3,588.876,6588.876,3,588.875963,6588.875963,-0.0,TIE,10.07,133,39850,"{""stall_epochs"": 20, ""arc_rule"": ""safe"", ""nbr_compat"": true, ""restart_mode"": ""full"", ""rec_mode"": ""adaptive"", ""rec_patience"": 2, ""checkpoints"": [10, 20]}",Cdp205_copts_s4_20261003-014007_wc10
wc10,copts,cdp206,WC,4,60.0,3,588.4928,6588.4928,3,588.492849,6588.492849,-0.0,TIE,0.75,85,25250,"{""stall_epochs"": 20, ""arc_rule"": ""safe"", ""nbr_compat"": true, ""restart_mode"": ""full"", ""rec_mode"": ""adaptive"", ""rec_patience"": 2, ""checkpoints"": [10, 20]}",Cdp206_copts_s4_20261003-014107_wc10
wc10,copts,cdp207,WC,4,60.0,3,588.2863,6588.2863,3,588.286321,6588.286321,0.0,TIE,0.85,72,21500,"{""stall_epochs"": 20, ""arc_rule"": ""safe"", ""nbr_compat"": true, ""restart_mode"": ""full"", ""rec_mode"": ""adaptive"", ""rec_patience"": 2, ""checkpoints"": [10, 20]}",Cdp207_copts_s4_20261003-014207_wc10
wc10,copts,cdp208,WC,4,60.0,3,588.3238,6588.3238,3,588.323801,6588.323801,-0.0,TIE,0.92,69,20500,"{""stall_epochs"": 20, ""arc_rule"": ""safe"", ""nbr_compat"": true, ""restart_mode"": ""full"", ""rec_mode"": ""adaptive"", ""rec_patience"": 2, ""checkpoints"": [10, 20]}",Cdp208_copts_s4_20261003-014307_wc10
wc10,copts,rdp101,WC,4,60.0,19,1650.7992,39650.7992,19,1650.79924,39650.79924,-0.0,TIE,6.65,207,62100,"{""stall_epochs"": 20, ""arc_rule"": ""safe"", ""nbr_compat"": true, ""restart_mode"": ""full"", ""rec_mode"": ""adaptive"", ""rec_patience"": 2, ""checkpoints"": [10, 20]}",Rdp101_copts_s4_20261003-014407_wc10
wc10,copts,rdp102,WC,4,60.0,17,1486.1195,35486.1195,17,1486.119471,35486.119471,0.0,TIE,1.2,98,29250,"{""stall_epochs"": 20, ""arc_rule"": ""safe"", ""nbr_compat"": true, ""restart_mode"": ""full"", ""rec_mode"": ""adaptive"", ""rec_patience"": 2, ""checkpoints"": [10, 20]}",Rdp102_copts_s4_20261003-014507_wc10
wc10,copts,rdp103,WC,4,60.0,13,1294.6398,27294.6398,13,1294.639843,27294.639843,0.0,TIE,6.36,67,19900,"{""stall_epochs"": 20, ""arc_rule"": ""safe"", ""nbr_compat"": true, ""restart_mode"": ""full"", ""rec_mode"": ""adaptive"", ""rec_patience"": 2, ""checkpoints"": [10, 20]}",Rdp103_copts_s4_20261003-014607_wc10
wc10,copts,rdp104,WC,4,60.0,9,1017.2215,19017.2215,9,1026.417258,19026.417258,-0.0483,NEW_BEST,46.41,47,13950,"{""stall_epochs"": 20, ""arc_rule"": ""safe"", ""nbr_compat"": true, ""restart_mode"": ""full"", ""rec_mode"": ""adaptive"", ""rec_patience"": 2, ""checkpoints"": [10, 20]}",Rdp104_copts_s4_20261003-014707_wc10
wc10,copts,rdp105,WC,4,60.0,14,1377.111,29377.111,14,1377.111018,29377.111018,-0.0,TIE,0.43,143,42900,"{""stall_epochs"": 20, ""arc_rule"": ""safe"", ""nbr_compat"": true, ""restart_mode"": ""full"", ""rec_mode"": ""adaptive"", ""rec_patience"": 2, ""checkpoints"": [10, 20]}",Rdp105_copts_s4_20261003-014807_wc10
wc10,copts,rdp106,WC,4,60.0,12,1252.0307,25252.0307,12,1252.030746,25252.030746,-0.0,TIE,19.27,76,22550,"{""stall_epochs"": 20, ""arc_rule"": ""safe"", ""nbr_compat"": true, ""restart_mode"": ""full"", ""rec_mode"": ""adaptive"", ""rec_patience"": 2, ""checkpoints"": [10, 20]}",Rdp106_copts_s4_20261003-014907_wc10
wc10,copts,rdp107,WC,4,60.0,10,1112.5512,21112.5512,10,1112.551177,21112.551177,0.0,TIE,13.83,53,15650,"{""stall_epochs"": 20, ""arc_rule"": ""safe"", ""nbr_compat"": true, ""restart_mode"": ""full"", ""rec_mode"": ""adaptive"", ""rec_patience"": 2, ""checkpoints"": [10, 20]}",Rdp107_copts_s4_20261003-015008_wc10
wc10,copts,rdp108,WC,4,60.0,9,965.2179,18965.2179,9,965.217944,18965.217944,-0.0,TIE,8.18,43,12900,"{""stall_epochs"": 20, ""arc_rule"": ""safe"", ""nbr_compat"": true, ""restart_mode"": ""full"", ""rec_mode"": ""adaptive"", ""rec_patience"": 2, ""checkpoints"": [10, 20]}",Rdp108_copts_s4_20261003-015108_wc10
wc10,copts,rdp109,WC,4,60.0,11,1194.7341,23194.7341,11,1194.734098,23194.734098,-0.0,TIE,18.32,89,26550,"{""stall_epochs"": 20, ""arc_rule"": ""safe"", ""nbr_compat"": true, ""restart_mode"": ""full"", ""rec_mode"": ""adaptive"", ""rec_patience"": 2, ""checkpoints"": [10, 20]}",Rdp109_copts_s4_20261003-015208_wc10
wc10,copts,rdp110,WC,4,60.0,10,1121.457,21121.457,10,1121.456956,21121.456956,0.0,TIE,4.23,59,17450,"{""stall_epochs"": 20, ""arc_rule"": ""safe"", ""nbr_compat"": true, ""restart_mode"": ""full"", ""rec_mode"": ""adaptive"", ""rec_patience"": 2, ""checkpoints"": [10, 20]}",Rdp110_copts_s4_20261003-015308_wc10
wc10,copts,rdp111,WC,4,60.0,10,1098.8443,21098.8443,10,1098.844288,21098.844288,0.0,TIE,40.96,54,16200,"{""stall_epochs"": 20, ""arc_rule"": ""safe"", ""nbr_compat"": true, ""restart_mode"": ""full"", ""rec_mode"": ""adaptive"", ""rec_patience"": 2, ""checkpoints"": [10, 20]}",Rdp111_copts_s4_20261003-015408_wc10
wc10,copts,rdp112,WC,4,60.0,9,999.435,18999.435,9,997.264803,18997.264803,0.0114,worse,27.2,42,12550,"{""stall_epochs"": 20, ""arc_rule"": ""safe"", ""nbr_compat"": true, ""restart_mode"": ""full"", ""rec_mode"": ""adaptive"", ""rec_patience"": 2, ""checkpoints"": [10, 20]}",Rdp112_copts_s4_20261003-015508_wc10
wc10,copts,rdp201,WC,4,60.0,4,1252.3712,9252.3712,4,1252.371222,9252.371222,-0.0,TIE,5.08,94,28050,"{""stall_epochs"": 20, ""arc_rule"": ""safe"", ""nbr_compat"": true, ""restart_mode"": ""full"", ""rec_mode"": ""adaptive"", ""rec_patience"": 2, ""checkpoints"": [10, 20]}",Rdp201_copts_s4_20261003-015608_wc10
wc10,copts,rdp202,WC,4,60.0,3,1191.703,7191.703,3,1191.702969,7191.702969,-0.0,TIE,4.83,36,10550,"{""stall_epochs"": 20, ""arc_rule"": ""safe"", ""nbr_compat"": true, ""restart_mode"": ""full"", ""rec_mode"": ""adaptive"", ""rec_patience"": 2, ""checkpoints"": [10, 20]}",Rdp202_copts_s4_20261003-015709_wc10
wc10,copts,rdp203,WC,4,60.0,3,939.5033,6939.5033,3,939.50332,6939.50332,-0.0,TIE,40.7,28,8400,"{""stall_epochs"": 20, ""arc_rule"": ""safe"", ""nbr_compat"": true, ""restart_mode"": ""full"", ""rec_mode"": ""adaptive"", ""rec_patience"": 2, ""checkpoints"": [10, 20]}",Rdp203_copts_s4_20261003-015809_wc10
wc10,copts,rdp204,WC,4,60.0,2,825.5193,4825.5193,2,825.519293,4825.519293,0.0,TIE,11.01,22,6350,"{""stall_epochs"": 20, ""arc_rule"": ""safe"", ""nbr_compat"": true, ""restart_mode"": ""full"", ""rec_mode"": ""adaptive"", ""rec_patience"": 2, ""checkpoints"": [10, 20]}",Rdp204_copts_s4_20261003-015910_wc10
wc10,copts,rdp205,WC,4,60.0,3,994.4277,6994.4277,3,994.427657,6994.427657,-0.0,TIE,8.53,50,14900,"{""stall_epochs"": 20, ""arc_rule"": ""safe"", ""nbr_compat"": true, ""restart_mode"": ""full"", ""rec_mode"": ""adaptive"", ""rec_patience"": 2, ""checkpoints"": [10, 20]}",Rdp205_copts_s4_20261003-020010_wc10
wc10,copts,rdp206,WC,4,60.0,3,906.1421,6906.1421,3,906.142079,6906.142079,0.0,TIE,14.5,30,8950,"{""stall_epochs"": 20, ""arc_rule"": ""safe"", ""nbr_compat"": true, ""restart_mode"": ""full"", ""rec_mode"": ""adaptive"", ""rec_patience"": 2, ""checkpoints"": [10, 20]}",Rdp206_copts_s4_20261003-020110_wc10
wc10,copts,rdp207,WC,4,60.0,2,890.6083,4890.6083,2,890.608295,4890.608295,0.0,TIE,7.36,24,7000,"{""stall_epochs"": 20, ""arc_rule"": ""safe"", ""nbr_compat"": true, ""restart_mode"": ""full"", ""rec_mode"": ""adaptive"", ""rec_patience"": 2, ""checkpoints"": [10, 20]}",Rdp207_copts_s4_20261003-020210_wc10
wc10,copts,rdp208,WC,4,60.0,2,726.8228,4726.8228,2,726.822786,4726.822786,-0.0,TIE,9.34,20,5750,"{""stall_epochs"": 20, ""arc_rule"": ""safe"", ""nbr_compat"": true, ""restart_mode"": ""full"", ""rec_mode"": ""adaptive"", ""rec_patience"": 2, ""checkpoints"": [10, 20]}",Rdp208_copts_s4_20261003-020311_wc10
wc10,copts,rdp209,WC,4,60.0,3,909.1634,6909.1634,3,909.163356,6909.163356,0.0,TIE,42.01,33,9900,"{""stall_epochs"": 20, ""arc_rule"": ""safe"", ""nbr_compat"": true, ""restart_mode"": ""full"", ""rec_mode"": ""adaptive"", ""rec_patience"": 2, ""checkpoints"": [10, 20]}",Rdp209_copts_s4_20261003-020411_wc10
wc10,copts,rdp210,WC,4,60.0,3,939.3727,6939.3727,3,939.37268,6939.37268,0.0,TIE,35.21,31,9300,"{""stall_epochs"": 20, ""arc_rule"": ""safe"", ""nbr_compat"": true, ""restart_mode"": ""full"", ""rec_mode"": ""adaptive"", ""rec_patience"": 2, ""checkpoints"": [10, 20]}",Rdp210_copts_s4_20261003-020511_wc10
wc10,copts,rdp211,WC,4,60.0,2,892.9897,4892.9897,2,885.71139,4885.71139,0.149,worse,44.28,22,6450,"{""stall_epochs"": 20, ""arc_rule"": ""safe"", ""nbr_compat"": true, ""restart_mode"": ""full"", ""rec_mode"": ""adaptive"", ""rec_patience"": 2, ""checkpoints"": [10, 20]}",Rdp211_copts_s4_20261003-020611_wc10
wc10,copts,rcdp101,WC,4,60.0,14,1708.2099,29708.2099,14,1708.209858,29708.209858,-0.0,TIE,11.34,153,45800,"{""stall_epochs"": 20, ""arc_rule"": ""safe"", ""nbr_compat"": true, ""restart_mode"": ""full"", ""rec_mode"": ""adaptive"", ""rec_patience"": 2, ""checkpoints"": [10, 20]}",RCdp101_copts_s4_20261003-020711_wc10
wc10,copts,rcdp102,WC,4,60.0,12,1570.2804,25570.2804,12,1570.280395,25570.280395,-0.0,TIE,19.61,83,24650,"{""stall_epochs"": 20, ""arc_rule"": ""safe"", ""nbr_compat"": true, ""restart_mode"": ""full"", ""rec_mode"": ""adaptive"", ""rec_patience"": 2, ""checkpoints"": [10, 20]}",RCdp102_copts_s4_20261003-020811_wc10
wc10,copts,rcdp103,WC,4,60.0,11,1282.5279,23282.5279,11,1282.527877,23282.527877,-0.0,TIE,5.18,58,17400,"{""stall_epochs"": 20, ""arc_rule"": ""safe"", ""nbr_compat"": true, ""restart_mode"": ""full"", ""rec_mode"": ""adaptive"", ""rec_patience"": 2, ""checkpoints"": [10, 20]}",RCdp103_copts_s4_20261003-020911_wc10
wc10,copts,rcdp104,WC,4,60.0,10,1171.3664,21171.3664,10,1171.366445,21171.366445,-0.0,TIE,7.21,50,14900,"{""stall_epochs"": 20, ""arc_rule"": ""safe"", ""nbr_compat"": true, ""restart_mode"": ""full"", ""rec_mode"": ""adaptive"", ""rec_patience"": 2, ""checkpoints"": [10, 20]}",RCdp104_copts_s4_20261003-021011_wc10
wc10,copts,rcdp105,WC,4,60.0,13,1632.2912,27632.2912,13,1632.291239,27632.291239,0.0,TIE,23.36,96,28600,"{""stall_epochs"": 20, ""arc_rule"": ""safe"", ""nbr_compat"": true, ""restart_mode"": ""full"", ""rec_mode"": ""adaptive"", ""rec_patience"": 2, ""checkpoints"": [10, 20]}",RCdp105_copts_s4_20261003-021111_wc10
wc10,copts,rcdp106,WC,4,60.0,12,1392.4719,25392.4719,12,1392.471942,25392.471942,0.0,TIE,2.6,93,27850,"{""stall_epochs"": 20, ""arc_rule"": ""safe"", ""nbr_compat"": true, ""restart_mode"": ""full"", ""rec_mode"": ""adaptive"", ""rec_patience"": 2, ""checkpoints"": [10, 20]}",RCdp106_copts_s4_20261003-021211_wc10
wc10,copts,rcdp107,WC,4,60.0,11,1255.0629,23255.0629,11,1252.790063,23252.790063,0.0098,worse,13.79,57,17100,"{""stall_epochs"": 20, ""arc_rule"": ""safe"", ""nbr_compat"": true, ""restart_mode"": ""full"", ""rec_mode"": ""adaptive"", ""rec_patience"": 2, ""checkpoints"": [10, 20]}",RCdp107_copts_s4_20261003-021312_wc10
wc10,copts,rcdp108,WC,4,60.0,10,1177.9846,21177.9846,10,1177.984574,21177.984574,0.0,TIE,5.01,48,14350,"{""stall_epochs"": 20, ""arc_rule"": ""safe"", ""nbr_compat"": true, ""restart_mode"": ""full"", ""rec_mode"": ""adaptive"", ""rec_patience"": 2, ""checkpoints"": [10, 20]}",RCdp108_copts_s4_20261003-021412_wc10
wc10,copts,rcdp201,WC,4,60.0,4,1406.9401,9406.9401,4,1406.940088,9406.940088,-0.0,TIE,16.01,102,30350,"{""stall_epochs"": 20, ""arc_rule"": ""safe"", ""nbr_compat"": true, ""restart_mode"": ""full"", ""rec_mode"": ""adaptive"", ""rec_patience"": 2, ""checkpoints"": [10, 20]}",RCdp201_copts_s4_20261003-021512_wc10
wc10,copts,rcdp202,WC,4,60.0,3,1365.645,7365.645,3,1365.645031,7365.645031,0.0,TIE,8.26,44,13100,"{""stall_epochs"": 20, ""arc_rule"": ""safe"", ""nbr_compat"": true, ""restart_mode"": ""full"", ""rec_mode"": ""adaptive"", ""rec_patience"": 2, ""checkpoints"": [10, 20]}",RCdp202_copts_s4_20261003-021612_wc10
wc10,copts,rcdp203,WC,4,60.0,3,1050.451,7050.451,3,1049.624237,7049.624237,0.0117,worse,22.55,30,8750,"{""stall_epochs"": 20, ""arc_rule"": ""safe"", ""nbr_compat"": true, ""restart_mode"": ""full"", ""rec_mode"": ""adaptive"", ""rec_patience"": 2, ""checkpoints"": [10, 20]}",RCdp203_copts_s4_20261003-021712_wc10
wc10,copts,rcdp204,WC,4,60.0,3,798.4636,6798.4636,3,798.463581,6798.463581,-0.0,TIE,16.5,26,7700,"{""stall_epochs"": 20, ""arc_rule"": ""safe"", ""nbr_compat"": true, ""restart_mode"": ""full"", ""rec_mode"": ""adaptive"", ""rec_patience"": 2, ""checkpoints"": [10, 20]}",RCdp204_copts_s4_20261003-021812_wc10
wc10,copts,rcdp205,WC,4,60.0,4,1297.6477,9297.6477,4,1297.647746,9297.647746,0.0,TIE,25.47,62,18400,"{""stall_epochs"": 20, ""arc_rule"": ""safe"", ""nbr_compat"": true, ""restart_mode"": ""full"", ""rec_mode"": ""adaptive"", ""rec_patience"": 2, ""checkpoints"": [10, 20]}",RCdp205_copts_s4_20261003-021912_wc10
wc10,copts,rcdp206,WC,4,60.0,3,1146.3172,7146.3172,3,1146.317229,7146.317229,0.0,TIE,15.45,51,15050,"{""stall_epochs"": 20, ""arc_rule"": ""safe"", ""nbr_compat"": true, ""restart_mode"": ""full"", ""rec_mode"": ""adaptive"", ""rec_patience"": 2, ""checkpoints"": [10, 20]}",RCdp206_copts_s4_20261003-022013_wc10
wc10,copts,rcdp207,WC,4,60.0,3,1061.1446,7061.1446,3,1061.144555,7061.144555,0.0,TIE,57.52,32,9400,"{""stall_epochs"": 20, ""arc_rule"": ""safe"", ""nbr_compat"": true, ""restart_mode"": ""full"", ""rec_mode"": ""adaptive"", ""rec_patience"": 2, ""checkpoints"": [10, 20]}",RCdp207_copts_s4_20261003-022113_wc10
wc10,copts,rcdp208,WC,4,60.0,3,828.7091,6828.7091,3,828.141442,6828.141442,0.0083,worse,5.14,24,7000,"{""stall_epochs"": 20, ""arc_rule"": ""safe"", ""nbr_compat"": true, ""restart_mode"": ""full"", ""rec_mode"": ""adaptive"", ""rec_patience"": 2, ""checkpoints"": [10, 20]}",RCdp208_copts_s4_20261003-022213_wc10
wc10,copts,rcdp0501,WC,5,10.0,3,220.1488,6220.1488,,,,,,0.0,633,189750,"{""stall_epochs"": 20, ""arc_rule"": ""safe"", ""nbr_compat"": true, ""restart_mode"": ""full"", ""rec_mode"": ""adaptive"", ""rec_patience"": 2}",RCdp0501_copts_s5_20261003-022224_wc10
wc10,copts,rcdp0504,WC,5,10.0,2,214.5727,4214.5727,,,,,,0.0,295,88400,"{""stall_epochs"": 20, ""arc_rule"": ""safe"", ""nbr_compat"": true, ""restart_mode"": ""full"", ""rec_mode"": ""adaptive"", ""rec_patience"": 2}",RCdp0504_copts_s5_20261003-022234_wc10
wc10,copts,rcdp0507,WC,5,10.0,2,211.8268,4211.8268,,,,,,0.03,310,92750,"{""stall_epochs"": 20, ""arc_rule"": ""safe"", ""nbr_compat"": true, ""restart_mode"": ""full"", ""rec_mode"": ""adaptive"", ""rec_patience"": 2}",RCdp0507_copts_s5_20261003-022244_wc10
wc10,copts,rcdp1001,WC,5,10.0,3,348.9824,6348.9824,3,348.982362,6348.982362,-0.0,TIE,0.02,400,119900,"{""stall_epochs"": 20, ""arc_rule"": ""safe"", ""nbr_compat"": true, ""restart_mode"": ""full"", ""rec_mode"": ""adaptive"", ""rec_patience"": 2}",RCdp1001_copts_s5_20261003-022254_wc10
wc10,copts,rcdp1004,WC,5,10.0,2,216.6868,4216.6868,2,216.686766,4216.686766,-0.0,TIE,0.09,120,35800,"{""stall_epochs"": 20, ""arc_rule"": ""safe"", ""nbr_compat"": true, ""restart_mode"": ""full"", ""rec_mode"": ""adaptive"", ""rec_patience"": 2}",RCdp1004_copts_s5_20261003-022304_wc10
wc10,copts,rcdp1007,WC,5,10.0,2,310.8066,4310.8066,2,310.806635,4310.806635,0.0,TIE,0.05,184,55100,"{""stall_epochs"": 20, ""arc_rule"": ""safe"", ""nbr_compat"": true, ""restart_mode"": ""full"", ""rec_mode"": ""adaptive"", ""rec_patience"": 2}",RCdp1007_copts_s5_20261003-022314_wc10
wc10,copts,rcdp2501,WC,5,10.0,5,551.0529,10551.0529,5,551.052879,10551.052879,-0.0,TIE,0.06,153,45650,"{""stall_epochs"": 20, ""arc_rule"": ""safe"", ""nbr_compat"": true, ""restart_mode"": ""full"", ""rec_mode"": ""adaptive"", ""rec_patience"": 2}",RCdp2501_copts_s5_20261003-022324_wc10
wc10,copts,rcdp2504,WC,5,10.0,4,473.4596,8473.4596,4,473.459628,8473.459628,-0.0,TIE,4.51,49,14550,"{""stall_epochs"": 20, ""arc_rule"": ""safe"", ""nbr_compat"": true, ""restart_mode"": ""full"", ""rec_mode"": ""adaptive"", ""rec_patience"": 2}",RCdp2504_copts_s5_20261003-022334_wc10
wc10,copts,rcdp2507,WC,5,10.0,5,540.8663,10540.8663,5,540.866272,10540.866272,0.0,TIE,0.16,59,17450,"{""stall_epochs"": 20, ""arc_rule"": ""safe"", ""nbr_compat"": true, ""restart_mode"": ""full"", ""rec_mode"": ""adaptive"", ""rec_patience"": 2}",RCdp2507_copts_s5_20261003-022344_wc10
wc10,copts,rcdp5001,WC,5,10.0,9,994.1825,18994.1825,9,994.182495,18994.182495,-0.0,TIE,3.4,65,19400,"{""stall_epochs"": 20, ""arc_rule"": ""safe"", ""nbr_compat"": true, ""restart_mode"": ""full"", ""rec_mode"": ""adaptive"", ""rec_patience"": 2}",RCdp5001_copts_s5_20261003-022354_wc10
wc10,copts,rcdp5004,WC,5,10.0,6,733.2099,12733.2099,6,733.209905,12733.209905,0.0,TIE,0.51,20,5850,"{""stall_epochs"": 20, ""arc_rule"": ""safe"", ""nbr_compat"": true, ""restart_mode"": ""full"", ""rec_mode"": ""adaptive"", ""rec_patience"": 2}",RCdp5004_copts_s5_20261003-022404_wc10
wc10,copts,rcdp5007,WC,5,10.0,7,809.7147,14809.7147,7,809.714685,14809.714685,-0.0,TIE,9.27,24,7100,"{""stall_epochs"": 20, ""arc_rule"": ""safe"", ""nbr_compat"": true, ""restart_mode"": ""full"", ""rec_mode"": ""adaptive"", ""rec_patience"": 2}",RCdp5007_copts_s5_20261003-022414_wc10
wc10,copts,cdp101,WC,5,60.0,11,976.0414,22976.0414,11,976.041384,22976.041384,0.0,TIE,35.96,215,64400,"{""stall_epochs"": 20, ""arc_rule"": ""safe"", ""nbr_compat"": true, ""restart_mode"": ""full"", ""rec_mode"": ""adaptive"", ""rec_patience"": 2, ""checkpoints"": [10, 20]}",Cdp101_copts_s5_20261003-022517_wc10
wc10,copts,cdp102,WC,5,60.0,10,941.485,20941.485,10,941.485039,20941.485039,0.0,TIE,1.35,91,27300,"{""stall_epochs"": 20, ""arc_rule"": ""safe"", ""nbr_compat"": true, ""restart_mode"": ""full"", ""rec_mode"": ""adaptive"", ""rec_patience"": 2, ""checkpoints"": [10, 20]}",Cdp102_copts_s5_20261003-022617_wc10
wc10,copts,cdp103,WC,5,60.0,10,892.9822,20892.9822,10,892.982246,20892.982246,-0.0,TIE,2.94,62,18400,"{""stall_epochs"": 20, ""arc_rule"": ""safe"", ""nbr_compat"": true, ""restart_mode"": ""full"", ""rec_mode"": ""adaptive"", ""rec_patience"": 2, ""checkpoints"": [10, 20]}",Cdp103_copts_s5_20261003-022717_wc10
wc10,copts,cdp104,WC,5,60.0,10,871.4032,20871.4032,10,871.403177,20871.403177,0.0,TIE,25.9,56,16700,"{""stall_epochs"": 20, ""arc_rule"": ""safe"", ""nbr_compat"": true, ""restart_mode"": ""full"", ""rec_mode"": ""adaptive"", ""rec_patience"": 2, ""checkpoints"": [10, 20]}",Cdp104_copts_s5_20261003-022817_wc10
wc10,copts,cdp105,WC,5,60.0,10,1053.1171,21053.1171,10,1053.117064,21053.117064,0.0,TIE,16.04,173,51800,"{""stall_epochs"": 20, ""arc_rule"": ""safe"", ""nbr_compat"": true, ""restart_mode"": ""full"", ""rec_mode"": ""adaptive"", ""rec_patience"": 2, ""checkpoints"": [10, 20]}",Cdp105_copts_s5_20261003-022917_wc10
wc10,copts,cdp106,WC,5,60.0,10,963.4525,20963.4525,10,963.452492,20963.452492,-0.0,TIE,9.13,159,47450,"{""stall_epochs"": 20, ""arc_rule"": ""safe"", ""nbr_compat"": true, ""restart_mode"": ""full"", ""rec_mode"": ""adaptive"", ""rec_patience"": 2, ""checkpoints"": [10, 20]}",Cdp106_copts_s5_20261003-023017_wc10
wc10,copts,cdp107,WC,5,60.0,10,987.6388,20987.6388,10,987.638782,20987.638782,-0.0,TIE,2.7,160,47750,"{""stall_epochs"": 20, ""arc_rule"": ""safe"", ""nbr_compat"": true, ""restart_mode"": ""full"", ""rec_mode"": ""adaptive"", ""rec_patience"": 2, ""checkpoints"": [10, 20]}",Cdp107_copts_s5_20261003-023117_wc10
wc10,copts,cdp108,WC,5,60.0,10,932.4947,20932.4947,10,932.494665,20932.494665,0.0,TIE,0.48,128,38200,"{""stall_epochs"": 20, ""arc_rule"": ""safe"", ""nbr_compat"": true, ""restart_mode"": ""full"", ""rec_mode"": ""adaptive"", ""rec_patience"": 2, ""checkpoints"": [10, 20]}",Cdp108_copts_s5_20261003-023218_wc10
wc10,copts,cdp109,WC,5,60.0,10,909.266,20909.266,10,909.26601,20909.26601,0.0,TIE,1.24,100,29900,"{""stall_epochs"": 20, ""arc_rule"": ""safe"", ""nbr_compat"": true, ""restart_mode"": ""full"", ""rec_mode"": ""adaptive"", ""rec_patience"": 2, ""checkpoints"": [10, 20]}",Cdp109_copts_s5_20261003-023318_wc10
wc10,copts,cdp201,WC,5,60.0,3,591.5566,6591.5566,3,591.556557,6591.556557,-0.0,TIE,0.27,232,69500,"{""stall_epochs"": 20, ""arc_rule"": ""safe"", ""nbr_compat"": true, ""restart_mode"": ""full"", ""rec_mode"": ""adaptive"", ""rec_patience"": 2, ""checkpoints"": [10, 20]}",Cdp201_copts_s5_20261003-023418_wc10
wc10,copts,cdp202,WC,5,60.0,3,591.5566,6591.5566,3,591.556557,6591.556557,-0.0,TIE,1.21,51,15050,"{""stall_epochs"": 20, ""arc_rule"": ""safe"", ""nbr_compat"": true, ""restart_mode"": ""full"", ""rec_mode"": ""adaptive"", ""rec_patience"": 2, ""checkpoints"": [10, 20]}",Cdp202_copts_s5_20261003-023518_wc10
wc10,copts,cdp203,WC,5,60.0,3,591.1734,6591.1734,3,591.173443,6591.173443,-0.0,TIE,1.74,35,10400,"{""stall_epochs"": 20, ""arc_rule"": ""safe"", ""nbr_compat"": true, ""restart_mode"": ""full"", ""rec_mode"": ""adaptive"", ""rec_patience"": 2, ""checkpoints"": [10, 20]}",Cdp203_copts_s5_20261003-023618_wc10
wc10,copts,cdp204,WC,5,60.0,3,590.5987,6590.5987,3,590.598746,6590.598746,-0.0,TIE,2.0,30,8750,"{""stall_epochs"": 20, ""arc_rule"": ""safe"", ""nbr_compat"": true, ""restart_mode"": ""full"", ""rec_mode"": ""adaptive"", ""rec_patience"": 2, ""checkpoints"": [10, 20]}",Cdp204_copts_s5_20261003-023718_wc10
wc10,copts,cdp205,WC,5,60.0,3,588.876,6588.876,3,588.875963,6588.875963,-0.0,TIE,19.49,133,39900,"{""stall_epochs"": 20, ""arc_rule"": ""safe"", ""nbr_compat"": true, ""restart_mode"": ""full"", ""rec_mode"": ""adaptive"", ""rec_patience"": 2, ""checkpoints"": [10, 20]}",Cdp205_copts_s5_20261003-023818_wc10
wc10,copts,cdp206,WC,5,60.0,3,588.4928,6588.4928,3,588.492849,6588.492849,-0.0,TIE,0.74,84,25200,"{""stall_epochs"": 20, ""arc_rule"": ""safe"", ""nbr_compat"": true, ""restart_mode"": ""full"", ""rec_mode"": ""adaptive"", ""rec_patience"": 2, ""checkpoints"": [10, 20]}",Cdp206_copts_s5_20261003-023918_wc10
wc10,copts,cdp207,WC,5,60.0,3,588.2863,6588.2863,3,588.286321,6588.286321,0.0,TIE,0.85,72,21500,"{""stall_epochs"": 20, ""arc_rule"": ""safe"", ""nbr_compat"": true, ""restart_mode"": ""full"", ""rec_mode"": ""adaptive"", ""rec_patience"": 2, ""checkpoints"": [10, 20]}",Cdp207_copts_s5_20261003-024018_wc10
wc10,copts,cdp208,WC,5,60.0,3,588.3238,6588.3238,3,588.323801,6588.323801,-0.0,TIE,0.9,69,20600,"{""stall_epochs"": 20, ""arc_rule"": ""safe"", ""nbr_compat"": true, ""restart_mode"": ""full"", ""rec_mode"": ""adaptive"", ""rec_patience"": 2, ""checkpoints"": [10, 20]}",Cdp208_copts_s5_20261003-024118_wc10
wc10,copts,rdp101,WC,5,60.0,19,1650.7992,39650.7992,19,1650.79924,39650.79924,-0.0,TIE,6.95,207,62100,"{""stall_epochs"": 20, ""arc_rule"": ""safe"", ""nbr_compat"": true, ""restart_mode"": ""full"", ""rec_mode"": ""adaptive"", ""rec_patience"": 2, ""checkpoints"": [10, 20]}",Rdp101_copts_s5_20261003-024219_wc10
wc10,copts,rdp102,WC,5,60.0,17,1486.1195,35486.1195,17,1486.119471,35486.119471,0.0,TIE,30.73,98,29300,"{""stall_epochs"": 20, ""arc_rule"": ""safe"", ""nbr_compat"": true, ""restart_mode"": ""full"", ""rec_mode"": ""adaptive"", ""rec_patience"": 2, ""checkpoints"": [10, 20]}",Rdp102_copts_s5_20261003-024319_wc10
wc10,copts,rdp103,WC,5,60.0,13,1294.6398,27294.6398,13,1294.639843,27294.639843,0.0,TIE,50.89,67,19900,"{""stall_epochs"": 20, ""arc_rule"": ""safe"", ""nbr_compat"": true, ""restart_mode"": ""full"", ""rec_mode"": ""adaptive"", ""rec_patience"": 2, ""checkpoints"": [10, 20]}",Rdp103_copts_s5_20261003-024419_wc10
wc10,copts,rdp104,WC,5,60.0,9,1017.2215,19017.2215,9,1026.417258,19026.417258,-0.0483,NEW_BEST,9.06,47,13850,"{""stall_epochs"": 20, ""arc_rule"": ""safe"", ""nbr_compat"": true, ""restart_mode"": ""full"", ""rec_mode"": ""adaptive"", ""rec_patience"": 2, ""checkpoints"": [10, 20]}",Rdp104_copts_s5_20261003-024519_wc10
wc10,copts,rdp105,WC,5,60.0,14,1377.111,29377.111,14,1377.111018,29377.111018,-0.0,TIE,18.94,143,42850,"{""stall_epochs"": 20, ""arc_rule"": ""safe"", ""nbr_compat"": true, ""restart_mode"": ""full"", ""rec_mode"": ""adaptive"", ""rec_patience"": 2, ""checkpoints"": [10, 20]}",Rdp105_copts_s5_20261003-024619_wc10
wc10,copts,rdp106,WC,5,60.0,12,1252.0307,25252.0307,12,1252.030746,25252.030746,-0.0,TIE,1.58,75,22400,"{""stall_epochs"": 20, ""arc_rule"": ""safe"", ""nbr_compat"": true, ""restart_mode"": ""full"", ""rec_mode"": ""adaptive"", ""rec_patience"": 2, ""checkpoints"": [10, 20]}",Rdp106_copts_s5_20261003-024719_wc10
wc10,copts,rdp107,WC,5,60.0,10,1112.5512,21112.5512,10,1112.551177,21112.551177,0.0,TIE,14.97,53,15650,"{""stall_epochs"": 20, ""arc_rule"": ""safe"", ""nbr_compat"": true, ""restart_mode"": ""full"", ""rec_mode"": ""adaptive"", ""rec_patience"": 2, ""checkpoints"": [10, 20]}",Rdp107_copts_s5_20261003-024819_wc10
wc10,copts,rdp108,WC,5,60.0,9,965.2179,18965.2179,9,965.217944,18965.217944,-0.0,TIE,11.09,43,12700,"{""stall_epochs"": 20, ""arc_rule"": ""safe"", ""nbr_compat"": true, ""restart_mode"": ""full"", ""rec_mode"": ""adaptive"", ""rec_patience"": 2, ""checkpoints"": [10, 20]}",Rdp108_copts_s5_20261003-024919_wc10
wc10,copts,rdp109,WC,5,60.0,11,1194.7341,23194.7341,11,1194.734098,23194.734098,-0.0,TIE,52.86,89,26550,"{""stall_epochs"": 20, ""arc_rule"": ""safe"", ""nbr_compat"": true, ""restart_mode"": ""full"", ""rec_mode"": ""adaptive"", ""rec_patience"": 2, ""checkpoints"": [10, 20]}",Rdp109_copts_s5_20261003-025019_wc10
wc10,copts,rdp110,WC,5,60.0,10,1121.457,21121.457,10,1121.456956,21121.456956,0.0,TIE,16.6,59,17450,"{""stall_epochs"": 20, ""arc_rule"": ""safe"", ""nbr_compat"": true, ""restart_mode"": ""full"", ""rec_mode"": ""adaptive"", ""rec_patience"": 2, ""checkpoints"": [10, 20]}",Rdp110_copts_s5_20261003-025120_wc10
wc10,copts,rdp111,WC,5,60.0,10,1098.8443,21098.8443,10,1098.844288,21098.844288,0.0,TIE,10.98,54,16100,"{""stall_epochs"": 20, ""arc_rule"": ""safe"", ""nbr_compat"": true, ""restart_mode"": ""full"", ""rec_mode"": ""adaptive"", ""rec_patience"": 2, ""checkpoints"": [10, 20]}",Rdp111_copts_s5_20261003-025220_wc10
wc10,copts,rdp112,WC,5,60.0,9,999.435,18999.435,9,997.264803,18997.264803,0.0114,worse,40.23,42,12550,"{""stall_epochs"": 20, ""arc_rule"": ""safe"", ""nbr_compat"": true, ""restart_mode"": ""full"", ""rec_mode"": ""adaptive"", ""rec_patience"": 2, ""checkpoints"": [10, 20]}",Rdp112_copts_s5_20261003-025320_wc10
wc10,copts,rdp201,WC,5,60.0,4,1252.3712,9252.3712,4,1252.371222,9252.371222,-0.0,TIE,1.81,94,28150,"{""stall_epochs"": 20, ""arc_rule"": ""safe"", ""nbr_compat"": true, ""restart_mode"": ""full"", ""rec_mode"": ""adaptive"", ""rec_patience"": 2, ""checkpoints"": [10, 20]}",Rdp201_copts_s5_20261003-025420_wc10
wc10,copts,rdp202,WC,5,60.0,3,1191.703,7191.703,3,1191.702969,7191.702969,-0.0,TIE,3.19,35,10450,"{""stall_epochs"": 20, ""arc_rule"": ""safe"", ""nbr_compat"": true, ""restart_mode"": ""full"", ""rec_mode"": ""adaptive"", ""rec_patience"": 2, ""checkpoints"": [10, 20]}",Rdp202_copts_s5_20261003-025520_wc10
wc10,copts,rdp203,WC,5,60.0,3,939.581,6939.581,3,939.50332,6939.50332,0.0011,worse,60.34,28,8400,"{""stall_epochs"": 20, ""arc_rule"": ""safe"", ""nbr_compat"": true, ""restart_mode"": ""full"", ""rec_mode"": ""adaptive"", ""rec_patience"": 2, ""checkpoints"": [10, 20]}",Rdp203_copts_s5_20261003-025620_wc10
wc10,copts,rdp204,WC,5,60.0,2,825.5193,4825.5193,2,825.519293,4825.519293,0.0,TIE,19.95,21,6250,"{""stall_epochs"": 20, ""arc_rule"": ""safe"", ""nbr_compat"": true, ""restart_mode"": ""full"", ""rec_mode"": ""adaptive"", ""rec_patience"": 2, ""checkpoints"": [10, 20]}",Rdp204_copts_s5_20261003-025721_wc10
wc10,copts,rdp205,WC,5,60.0,3,994.4277,6994.4277,3,994.427657,6994.427657,-0.0,TIE,8.79,49,14550,"{""stall_epochs"": 20, ""arc_rule"": ""safe"", ""nbr_compat"": true, ""restart_mode"": ""full"", ""rec_mode"": ""adaptive"", ""rec_patience"": 2, ""checkpoints"": [10, 20]}",Rdp205_copts_s5_20261003-025821_wc10
wc10,copts,rdp206,WC,5,60.0,3,906.1421,6906.1421,3,906.142079,6906.142079,0.0,TIE,14.49,30,8950,"{""stall_epochs"": 20, ""arc_rule"": ""safe"", ""nbr_compat"": true, ""restart_mode"": ""full"", ""rec_mode"": ""adaptive"", ""rec_patience"": 2, ""checkpoints"": [10, 20]}",Rdp206_copts_s5_20261003-025921_wc10
wc10,copts,rdp207,WC,5,60.0,2,890.6083,4890.6083,2,890.608295,4890.608295,0.0,TIE,12.5,24,6950,"{""stall_epochs"": 20, ""arc_rule"": ""safe"", ""nbr_compat"": true, ""restart_mode"": ""full"", ""rec_mode"": ""adaptive"", ""rec_patience"": 2, ""checkpoints"": [10, 20]}",Rdp207_copts_s5_20261003-030021_wc10
wc10,copts,rdp208,WC,5,60.0,2,726.8228,4726.8228,2,726.822786,4726.822786,-0.0,TIE,9.38,20,5750,"{""stall_epochs"": 20, ""arc_rule"": ""safe"", ""nbr_compat"": true, ""restart_mode"": ""full"", ""rec_mode"": ""adaptive"", ""rec_patience"": 2, ""checkpoints"": [10, 20]}",Rdp208_copts_s5_20261003-030121_wc10
wc10,copts,rdp209,WC,5,60.0,3,909.1634,6909.1634,3,909.163356,6909.163356,0.0,TIE,9.19,33,9900,"{""stall_epochs"": 20, ""arc_rule"": ""safe"", ""nbr_compat"": true, ""restart_mode"": ""full"", ""rec_mode"": ""adaptive"", ""rec_patience"": 2, ""checkpoints"": [10, 20]}",Rdp209_copts_s5_20261003-030222_wc10
wc10,copts,rdp210,WC,5,60.0,3,939.3727,6939.3727,3,939.37268,6939.37268,0.0,TIE,51.07,31,9200,"{""stall_epochs"": 20, ""arc_rule"": ""safe"", ""nbr_compat"": true, ""restart_mode"": ""full"", ""rec_mode"": ""adaptive"", ""rec_patience"": 2, ""checkpoints"": [10, 20]}",Rdp210_copts_s5_20261003-030322_wc10
wc10,copts,rdp211,WC,5,60.0,2,893.1439,4893.1439,2,885.71139,4885.71139,0.1521,worse,16.19,22,6550,"{""stall_epochs"": 20, ""arc_rule"": ""safe"", ""nbr_compat"": true, ""restart_mode"": ""full"", ""rec_mode"": ""adaptive"", ""rec_patience"": 2, ""checkpoints"": [10, 20]}",Rdp211_copts_s5_20261003-030422_wc10
wc10,copts,rcdp101,WC,5,60.0,14,1708.2099,29708.2099,14,1708.209858,29708.209858,-0.0,TIE,1.6,154,46050,"{""stall_epochs"": 20, ""arc_rule"": ""safe"", ""nbr_compat"": true, ""restart_mode"": ""full"", ""rec_mode"": ""adaptive"", ""rec_patience"": 2, ""checkpoints"": [10, 20]}",RCdp101_copts_s5_20261003-030522_wc10
wc10,copts,rcdp102,WC,5,60.0,12,1570.2804,25570.2804,12,1570.280395,25570.280395,-0.0,TIE,40.94,83,24700,"{""stall_epochs"": 20, ""arc_rule"": ""safe"", ""nbr_compat"": true, ""restart_mode"": ""full"", ""rec_mode"": ""adaptive"", ""rec_patience"": 2, ""checkpoints"": [10, 20]}",RCdp102_copts_s5_20261003-030622_wc10
wc10,copts,rcdp103,WC,5,60.0,11,1282.5279,23282.5279,11,1282.527877,23282.527877,-0.0,TIE,6.19,58,17400,"{""stall_epochs"": 20, ""arc_rule"": ""safe"", ""nbr_compat"": true, ""restart_mode"": ""full"", ""rec_mode"": ""adaptive"", ""rec_patience"": 2, ""checkpoints"": [10, 20]}",RCdp103_copts_s5_20261003-030722_wc10
wc10,copts,rcdp104,WC,5,60.0,10,1171.3664,21171.3664,10,1171.366445,21171.366445,-0.0,TIE,4.86,50,14850,"{""stall_epochs"": 20, ""arc_rule"": ""safe"", ""nbr_compat"": true, ""restart_mode"": ""full"", ""rec_mode"": ""adaptive"", ""rec_patience"": 2, ""checkpoints"": [10, 20]}",RCdp104_copts_s5_20261003-030823_wc10
wc10,copts,rcdp105,WC,5,60.0,13,1632.2912,27632.2912,13,1632.291239,27632.291239,0.0,TIE,8.24,95,28500,"{""stall_epochs"": 20, ""arc_rule"": ""safe"", ""nbr_compat"": true, ""restart_mode"": ""full"", ""rec_mode"": ""adaptive"", ""rec_patience"": 2, ""checkpoints"": [10, 20]}",RCdp105_copts_s5_20261003-030923_wc10
wc10,copts,rcdp106,WC,5,60.0,12,1392.4719,25392.4719,12,1392.471942,25392.471942,0.0,TIE,1.95,93,27800,"{""stall_epochs"": 20, ""arc_rule"": ""safe"", ""nbr_compat"": true, ""restart_mode"": ""full"", ""rec_mode"": ""adaptive"", ""rec_patience"": 2, ""checkpoints"": [10, 20]}",RCdp106_copts_s5_20261003-031023_wc10
wc10,copts,rcdp107,WC,5,60.0,11,1255.0629,23255.0629,11,1252.790063,23252.790063,0.0098,worse,9.53,57,17050,"{""stall_epochs"": 20, ""arc_rule"": ""safe"", ""nbr_compat"": true, ""restart_mode"": ""full"", ""rec_mode"": ""adaptive"", ""rec_patience"": 2, ""checkpoints"": [10, 20]}",RCdp107_copts_s5_20261003-031123_wc10
wc10,copts,rcdp108,WC,5,60.0,10,1177.9846,21177.9846,10,1177.984574,21177.984574,0.0,TIE,13.81,48,14300,"{""stall_epochs"": 20, ""arc_rule"": ""safe"", ""nbr_compat"": true, ""restart_mode"": ""full"", ""rec_mode"": ""adaptive"", ""rec_patience"": 2, ""checkpoints"": [10, 20]}",RCdp108_copts_s5_20261003-031223_wc10
wc10,copts,rcdp201,WC,5,60.0,4,1406.9401,9406.9401,4,1406.940088,9406.940088,-0.0,TIE,2.38,102,30350,"{""stall_epochs"": 20, ""arc_rule"": ""safe"", ""nbr_compat"": true, ""restart_mode"": ""full"", ""rec_mode"": ""adaptive"", ""rec_patience"": 2, ""checkpoints"": [10, 20]}",RCdp201_copts_s5_20261003-031323_wc10
wc10,copts,rcdp202,WC,5,60.0,3,1365.645,7365.645,3,1365.645031,7365.645031,0.0,TIE,2.66,44,13100,"{""stall_epochs"": 20, ""arc_rule"": ""safe"", ""nbr_compat"": true, ""restart_mode"": ""full"", ""rec_mode"": ""adaptive"", ""rec_patience"": 2, ""checkpoints"": [10, 20]}",RCdp202_copts_s5_20261003-031423_wc10
wc10,copts,rcdp203,WC,5,60.0,3,1049.6242,7049.6242,3,1049.624237,7049.624237,-0.0,TIE,20.7,29,8700,"{""stall_epochs"": 20, ""arc_rule"": ""safe"", ""nbr_compat"": true, ""restart_mode"": ""full"", ""rec_mode"": ""adaptive"", ""rec_patience"": 2, ""checkpoints"": [10, 20]}",RCdp203_copts_s5_20261003-031523_wc10
wc10,copts,rcdp204,WC,5,60.0,3,798.4636,6798.4636,3,798.463581,6798.463581,-0.0,TIE,9.49,26,7650,"{""stall_epochs"": 20, ""arc_rule"": ""safe"", ""nbr_compat"": true, ""restart_mode"": ""full"", ""rec_mode"": ""adaptive"", ""rec_patience"": 2, ""checkpoints"": [10, 20]}",RCdp204_copts_s5_20261003-031623_wc10
wc10,copts,rcdp205,WC,5,60.0,4,1297.6477,9297.6477,4,1297.647746,9297.647746,0.0,TIE,27.57,62,18350,"{""stall_epochs"": 20, ""arc_rule"": ""safe"", ""nbr_compat"": true, ""restart_mode"": ""full"", ""rec_mode"": ""adaptive"", ""rec_patience"": 2, ""checkpoints"": [10, 20]}",RCdp205_copts_s5_20261003-031724_wc10
wc10,copts,rcdp206,WC,5,60.0,3,1146.3172,7146.3172,3,1146.317229,7146.317229,0.0,TIE,8.36,51,15050,"{""stall_epochs"": 20, ""arc_rule"": ""safe"", ""nbr_compat"": true, ""restart_mode"": ""full"", ""rec_mode"": ""adaptive"", ""rec_patience"": 2, ""checkpoints"": [10, 20]}",RCdp206_copts_s5_20261003-031824_wc10
wc10,copts,rcdp207,WC,5,60.0,3,1061.1446,7061.1446,3,1061.144555,7061.144555,0.0,TIE,9.56,32,9450,"{""stall_epochs"": 20, ""arc_rule"": ""safe"", ""nbr_compat"": true, ""restart_mode"": ""full"", ""rec_mode"": ""adaptive"", ""rec_patience"": 2, ""checkpoints"": [10, 20]}",RCdp207_copts_s5_20261003-031924_wc10
wc10,copts,rcdp208,WC,5,60.0,3,828.1414,6828.1414,3,828.141442,6828.141442,0.0,TIE,10.37,24,7000,"{""stall_epochs"": 20, ""arc_rule"": ""safe"", ""nbr_compat"": true, ""restart_mode"": ""full"", ""rec_mode"": ""adaptive"", ""rec_patience"": 2, ""checkpoints"": [10, 20]}",RCdp208_copts_s5_20261003-032024_wc10
wc10,copts,rcdp0501,WC,6,10.0,3,220.1488,6220.1488,,,,,,0.0,638,191200,"{""stall_epochs"": 20, ""arc_rule"": ""safe"", ""nbr_compat"": true, ""restart_mode"": ""full"", ""rec_mode"": ""adaptive"", ""rec_patience"": 2}",RCdp0501_copts_s6_20261003-032035_wc10
wc10,copts,rcdp0504,WC,6,10.0,2,214.5727,4214.5727,,,,,,0.0,295,88450,"{""stall_epochs"": 20, ""arc_rule"": ""safe"", ""nbr_compat"": true, ""restart_mode"": ""full"", ""rec_mode"": ""adaptive"", ""rec_patience"": 2}",RCdp0504_copts_s6_20261003-032045_wc10
wc10,copts,rcdp0507,WC,6,10.0,2,211.8268,4211.8268,,,,,,0.03,312,93450,"{""stall_epochs"": 20, ""arc_rule"": ""safe"", ""nbr_compat"": true, ""restart_mode"": ""full"", ""rec_mode"": ""adaptive"", ""rec_patience"": 2}",RCdp0507_copts_s6_20261003-032055_wc10
wc10,copts,rcdp1001,WC,6,10.0,3,348.9824,6348.9824,3,348.982362,6348.982362,-0.0,TIE,0.02,402,120400,"{""stall_epochs"": 20, ""arc_rule"": ""safe"", ""nbr_compat"": true, ""restart_mode"": ""full"", ""rec_mode"": ""adaptive"", ""rec_patience"": 2}",RCdp1001_copts_s6_20261003-032105_wc10
wc10,copts,rcdp1004,WC,6,10.0,2,216.6868,4216.6868,2,216.686766,4216.686766,-0.0,TIE,0.08,120,35900,"{""stall_epochs"": 20, ""arc_rule"": ""safe"", ""nbr_compat"": true, ""restart_mode"": ""full"", ""rec_mode"": ""adaptive"", ""rec_patience"": 2}",RCdp1004_copts_s6_20261003-032115_wc10
wc10,copts,rcdp1007,WC,6,10.0,2,310.8066,4310.8066,2,310.806635,4310.806635,0.0,TIE,0.05,184,55100,"{""stall_epochs"": 20, ""arc_rule"": ""safe"", ""nbr_compat"": true, ""restart_mode"": ""full"", ""rec_mode"": ""adaptive"", ""rec_patience"": 2}",RCdp1007_copts_s6_20261003-032125_wc10
wc10,copts,rcdp2501,WC,6,10.0,5,551.0529,10551.0529,5,551.052879,10551.052879,-0.0,TIE,0.06,152,45550,"{""stall_epochs"": 20, ""arc_rule"": ""safe"", ""nbr_compat"": true, ""restart_mode"": ""full"", ""rec_mode"": ""adaptive"", ""rec_patience"": 2}",RCdp2501_copts_s6_20261003-032135_wc10
wc10,copts,rcdp2504,WC,6,10.0,4,473.4596,8473.4596,4,473.459628,8473.459628,-0.0,TIE,0.21,49,14450,"{""stall_epochs"": 20, ""arc_rule"": ""safe"", ""nbr_compat"": true, ""restart_mode"": ""full"", ""rec_mode"": ""adaptive"", ""rec_patience"": 2}",RCdp2504_copts_s6_20261003-032145_wc10
wc10,copts,rcdp2507,WC,6,10.0,5,540.8663,10540.8663,5,540.866272,10540.866272,0.0,TIE,0.16,58,17300,"{""stall_epochs"": 20, ""arc_rule"": ""safe"", ""nbr_compat"": true, ""restart_mode"": ""full"", ""rec_mode"": ""adaptive"", ""rec_patience"": 2}",RCdp2507_copts_s6_20261003-032155_wc10
wc10,copts,rcdp5001,WC,6,10.0,9,994.1825,18994.1825,9,994.182495,18994.182495,-0.0,TIE,3.43,65,19350,"{""stall_epochs"": 20, ""arc_rule"": ""safe"", ""nbr_compat"": true, ""restart_mode"": ""full"", ""rec_mode"": ""adaptive"", ""rec_patience"": 2}",RCdp5001_copts_s6_20261003-032205_wc10
wc10,copts,rcdp5004,WC,6,10.0,6,733.2099,12733.2099,6,733.209905,12733.209905,0.0,TIE,0.53,20,5950,"{""stall_epochs"": 20, ""arc_rule"": ""safe"", ""nbr_compat"": true, ""restart_mode"": ""full"", ""rec_mode"": ""adaptive"", ""rec_patience"": 2}",RCdp5004_copts_s6_20261003-032215_wc10
wc10,copts,rcdp5007,WC,6,10.0,7,809.7147,14809.7147,7,809.714685,14809.714685,-0.0,TIE,0.41,24,7200,"{""stall_epochs"": 20, ""arc_rule"": ""safe"", ""nbr_compat"": true, ""restart_mode"": ""full"", ""rec_mode"": ""adaptive"", ""rec_patience"": 2}",RCdp5007_copts_s6_20261003-032225_wc10
wc10,copts,cdp101,WC,6,60.0,11,976.0414,22976.0414,11,976.041384,22976.041384,0.0,TIE,0.58,214,64200,"{""stall_epochs"": 20, ""arc_rule"": ""safe"", ""nbr_compat"": true, ""restart_mode"": ""full"", ""rec_mode"": ""adaptive"", ""rec_patience"": 2, ""checkpoints"": [10, 20]}",Cdp101_copts_s6_20261003-032328_wc10
wc10,copts,cdp102,WC,6,60.0,10,941.485,20941.485,10,941.485039,20941.485039,0.0,TIE,30.57,91,27100,"{""stall_epochs"": 20, ""arc_rule"": ""safe"", ""nbr_compat"": true, ""restart_mode"": ""full"", ""rec_mode"": ""adaptive"", ""rec_patience"": 2, ""checkpoints"": [10, 20]}",Cdp102_copts_s6_20261003-032428_wc10
wc10,copts,cdp103,WC,6,60.0,10,892.9822,20892.9822,10,892.982246,20892.982246,-0.0,TIE,8.73,62,18600,"{""stall_epochs"": 20, ""arc_rule"": ""safe"", ""nbr_compat"": true, ""restart_mode"": ""full"", ""rec_mode"": ""adaptive"", ""rec_patience"": 2, ""checkpoints"": [10, 20]}",Cdp103_copts_s6_20261003-032528_wc10
wc10,copts,cdp104,WC,6,60.0,10,871.4032,20871.4032,10,871.403177,20871.403177,0.0,TIE,3.19,57,16850,"{""stall_epochs"": 20, ""arc_rule"": ""safe"", ""nbr_compat"": true, ""restart_mode"": ""full"", ""rec_mode"": ""adaptive"", ""rec_patience"": 2, ""checkpoints"": [10, 20]}",Cdp104_copts_s6_20261003-032628_wc10
wc10,copts,cdp105,WC,6,60.0,10,1053.1171,21053.1171,10,1053.117064,21053.117064,0.0,TIE,0.69,172,51600,"{""stall_epochs"": 20, ""arc_rule"": ""safe"", ""nbr_compat"": true, ""restart_mode"": ""full"", ""rec_mode"": ""adaptive"", ""rec_patience"": 2, ""checkpoints"": [10, 20]}",Cdp105_copts_s6_20261003-032728_wc10
wc10,copts,cdp106,WC,6,60.0,10,963.4525,20963.4525,10,963.452492,20963.452492,-0.0,TIE,49.85,160,47750,"{""stall_epochs"": 20, ""arc_rule"": ""safe"", ""nbr_compat"": true, ""restart_mode"": ""full"", ""rec_mode"": ""adaptive"", ""rec_patience"": 2, ""checkpoints"": [10, 20]}",Cdp106_copts_s6_20261003-032828_wc10
wc10,copts,cdp107,WC,6,60.0,10,987.6388,20987.6388,10,987.638782,20987.638782,-0.0,TIE,13.53,160,47750,"{""stall_epochs"": 20, ""arc_rule"": ""safe"", ""nbr_compat"": true, ""restart_mode"": ""full"", ""rec_mode"": ""adaptive"", ""rec_patience"": 2, ""checkpoints"": [10, 20]}",Cdp107_copts_s6_20261003-032928_wc10
wc10,copts,cdp108,WC,6,60.0,10,932.4947,20932.4947,10,932.494665,20932.494665,0.0,TIE,50.01,128,38150,"{""stall_epochs"": 20, ""arc_rule"": ""safe"", ""nbr_compat"": true, ""restart_mode"": ""full"", ""rec_mode"": ""adaptive"", ""rec_patience"": 2, ""checkpoints"": [10, 20]}",Cdp108_copts_s6_20261003-033029_wc10
wc10,copts,cdp109,WC,6,60.0,10,909.266,20909.266,10,909.26601,20909.26601,0.0,TIE,0.63,100,29900,"{""stall_epochs"": 20, ""arc_rule"": ""safe"", ""nbr_compat"": true, ""restart_mode"": ""full"", ""rec_mode"": ""adaptive"", ""rec_patience"": 2, ""checkpoints"": [10, 20]}",Cdp109_copts_s6_20261003-033129_wc10
wc10,copts,cdp201,WC,6,60.0,3,591.5566,6591.5566,3,591.556557,6591.556557,-0.0,TIE,0.27,233,69650,"{""stall_epochs"": 20, ""arc_rule"": ""safe"", ""nbr_compat"": true, ""restart_mode"": ""full"", ""rec_mode"": ""adaptive"", ""rec_patience"": 2, ""checkpoints"": [10, 20]}",Cdp201_copts_s6_20261003-033229_wc10
wc10,copts,cdp202,WC,6,60.0,3,591.5566,6591.5566,3,591.556557,6591.556557,-0.0,TIE,1.2,51,15100,"{""stall_epochs"": 20, ""arc_rule"": ""safe"", ""nbr_compat"": true, ""restart_mode"": ""full"", ""rec_mode"": ""adaptive"", ""rec_patience"": 2, ""checkpoints"": [10, 20]}",Cdp202_copts_s6_20261003-033329_wc10
wc10,copts,cdp203,WC,6,60.0,3,591.1734,6591.1734,3,591.173443,6591.173443,-0.0,TIE,1.75,35,10400,"{""stall_epochs"": 20, ""arc_rule"": ""safe"", ""nbr_compat"": true, ""restart_mode"": ""full"", ""rec_mode"": ""adaptive"", ""rec_patience"": 2, ""checkpoints"": [10, 20]}",Cdp203_copts_s6_20261003-033429_wc10
wc10,copts,cdp204,WC,6,60.0,3,590.5987,6590.5987,3,590.598746,6590.598746,-0.0,TIE,1.97,30,8750,"{""stall_epochs"": 20, ""arc_rule"": ""safe"", ""nbr_compat"": true, ""restart_mode"": ""full"", ""rec_mode"": ""adaptive"", ""rec_patience"": 2, ""checkpoints"": [10, 20]}",Cdp204_copts_s6_20261003-033529_wc10
wc10,copts,cdp205,WC,6,60.0,3,588.876,6588.876,3,588.875963,6588.875963,-0.0,TIE,0.47,133,39900,"{""stall_epochs"": 20, ""arc_rule"": ""safe"", ""nbr_compat"": true, ""restart_mode"": ""full"", ""rec_mode"": ""adaptive"", ""rec_patience"": 2, ""checkpoints"": [10, 20]}",Cdp205_copts_s6_20261003-033629_wc10
wc10,copts,cdp206,WC,6,60.0,3,588.4928,6588.4928,3,588.492849,6588.492849,-0.0,TIE,0.73,84,25200,"{""stall_epochs"": 20, ""arc_rule"": ""safe"", ""nbr_compat"": true, ""restart_mode"": ""full"", ""rec_mode"": ""adaptive"", ""rec_patience"": 2, ""checkpoints"": [10, 20]}",Cdp206_copts_s6_20261003-033729_wc10
wc10,copts,cdp207,WC,6,60.0,3,588.2863,6588.2863,3,588.286321,6588.286321,0.0,TIE,0.86,72,21500,"{""stall_epochs"": 20, ""arc_rule"": ""safe"", ""nbr_compat"": true, ""restart_mode"": ""full"", ""rec_mode"": ""adaptive"", ""rec_patience"": 2, ""checkpoints"": [10, 20]}",Cdp207_copts_s6_20261003-033830_wc10
wc10,copts,cdp208,WC,6,60.0,3,588.3238,6588.3238,3,588.323801,6588.323801,-0.0,TIE,0.9,69,20550,"{""stall_epochs"": 20, ""arc_rule"": ""safe"", ""nbr_compat"": true, ""restart_mode"": ""full"", ""rec_mode"": ""adaptive"", ""rec_patience"": 2, ""checkpoints"": [10, 20]}",Cdp208_copts_s6_20261003-033930_wc10
wc10,copts,rdp101,WC,6,60.0,19,1650.7992,39650.7992,19,1650.79924,39650.79924,-0.0,TIE,0.61,207,61950,"{""stall_epochs"": 20, ""arc_rule"": ""safe"", ""nbr_compat"": true, ""restart_mode"": ""full"", ""rec_mode"": ""adaptive"", ""rec_patience"": 2, ""checkpoints"": [10, 20]}",Rdp101_copts_s6_20261003-034030_wc10
wc10,copts,rdp102,WC,6,60.0,17,1486.1195,35486.1195,17,1486.119471,35486.119471,0.0,TIE,29.54,98,29300,"{""stall_epochs"": 20, ""arc_rule"": ""safe"", ""nbr_compat"": true, ""restart_mode"": ""full"", ""rec_mode"": ""adaptive"", ""rec_patience"": 2, ""checkpoints"": [10, 20]}",Rdp102_copts_s6_20261003-034130_wc10
wc10,copts,rdp103,WC,6,60.0,13,1294.6398,27294.6398,13,1294.639843,27294.639843,0.0,TIE,4.6,67,19900,"{""stall_epochs"": 20, ""arc_rule"": ""safe"", ""nbr_compat"": true, ""restart_mode"": ""full"", ""rec_mode"": ""adaptive"", ""rec_patience"": 2, ""checkpoints"": [10, 20]}",Rdp103_copts_s6_20261003-034230_wc10
wc10,copts,rdp104,WC,6,60.0,9,1017.2215,19017.2215,9,1026.417258,19026.417258,-0.0483,NEW_BEST,8.96,47,14050,"{""stall_epochs"": 20, ""arc_rule"": ""safe"", ""nbr_compat"": true, ""restart_mode"": ""full"", ""rec_mode"": ""adaptive"", ""rec_patience"": 2, ""checkpoints"": [10, 20]}",Rdp104_copts_s6_20261003-034330_wc10
wc10,copts,rdp105,WC,6,60.0,14,1377.111,29377.111,14,1377.111018,29377.111018,-0.0,TIE,28.11,144,42950,"{""stall_epochs"": 20, ""arc_rule"": ""safe"", ""nbr_compat"": true, ""restart_mode"": ""full"", ""rec_mode"": ""adaptive"", ""rec_patience"": 2, ""checkpoints"": [10, 20]}",Rdp105_copts_s6_20261003-034430_wc10
wc10,copts,rdp106,WC,6,60.0,12,1252.0307,25252.0307,12,1252.030746,25252.030746,-0.0,TIE,18.48,75,22500,"{""stall_epochs"": 20, ""arc_rule"": ""safe"", ""nbr_compat"": true, ""restart_mode"": ""full"", ""rec_mode"": ""adaptive"", ""rec_patience"": 2, ""checkpoints"": [10, 20]}",Rdp106_copts_s6_20261003-034530_wc10
wc10,copts,rdp107,WC,6,60.0,10,1112.5512,21112.5512,10,1112.551177,21112.551177,0.0,TIE,9.08,53,15800,"{""stall_epochs"": 20, ""arc_rule"": ""safe"", ""nbr_compat"": true, ""restart_mode"": ""full"", ""rec_mode"": ""adaptive"", ""rec_patience"": 2, ""checkpoints"": [10, 20]}",Rdp107_copts_s6_20261003-034630_wc10
wc10,copts,rdp108,WC,6,60.0,9,965.2179,18965.2179,9,965.217944,18965.217944,-0.0,TIE,43.48,43,12850,"{""stall_epochs"": 20, ""arc_rule"": ""safe"", ""nbr_compat"": true, ""restart_mode"": ""full"", ""rec_mode"": ""adaptive"", ""rec_patience"": 2, ""checkpoints"": [10, 20]}",Rdp108_copts_s6_20261003-034730_wc10
wc10,copts,rdp109,WC,6,60.0,11,1194.7341,23194.7341,11,1194.734098,23194.734098,-0.0,TIE,3.36,89,26550,"{""stall_epochs"": 20, ""arc_rule"": ""safe"", ""nbr_compat"": true, ""restart_mode"": ""full"", ""rec_mode"": ""adaptive"", ""rec_patience"": 2, ""checkpoints"": [10, 20]}",Rdp109_copts_s6_20261003-034831_wc10
wc10,copts,rdp110,WC,6,60.0,10,1121.457,21121.457,10,1121.456956,21121.456956,0.0,TIE,40.29,59,17450,"{""stall_epochs"": 20, ""arc_rule"": ""safe"", ""nbr_compat"": true, ""restart_mode"": ""full"", ""rec_mode"": ""adaptive"", ""rec_patience"": 2, ""checkpoints"": [10, 20]}",Rdp110_copts_s6_20261003-034931_wc10
wc10,copts,rdp111,WC,6,60.0,10,1098.8443,21098.8443,10,1098.844288,21098.844288,0.0,TIE,8.7,54,16200,"{""stall_epochs"": 20, ""arc_rule"": ""safe"", ""nbr_compat"": true, ""restart_mode"": ""full"", ""rec_mode"": ""adaptive"", ""rec_patience"": 2, ""checkpoints"": [10, 20]}",Rdp111_copts_s6_20261003-035031_wc10
wc10,copts,rdp112,WC,6,60.0,9,999.435,18999.435,9,997.264803,18997.264803,0.0114,worse,25.71,43,12650,"{""stall_epochs"": 20, ""arc_rule"": ""safe"", ""nbr_compat"": true, ""restart_mode"": ""full"", ""rec_mode"": ""adaptive"", ""rec_patience"": 2, ""checkpoints"": [10, 20]}",Rdp112_copts_s6_20261003-035131_wc10
wc10,copts,rdp201,WC,6,60.0,4,1252.3712,9252.3712,4,1252.371222,9252.371222,-0.0,TIE,3.8,94,28000,"{""stall_epochs"": 20, ""arc_rule"": ""safe"", ""nbr_compat"": true, ""restart_mode"": ""full"", ""rec_mode"": ""adaptive"", ""rec_patience"": 2, ""checkpoints"": [10, 20]}",Rdp201_copts_s6_20261003-035231_wc10
wc10,copts,rdp202,WC,6,60.0,3,1191.703,7191.703,3,1191.702969,7191.702969,-0.0,TIE,3.13,36,10550,"{""stall_epochs"": 20, ""arc_rule"": ""safe"", ""nbr_compat"": true, ""restart_mode"": ""full"", ""rec_mode"": ""adaptive"", ""rec_patience"": 2, ""checkpoints"": [10, 20]}",Rdp202_copts_s6_20261003-035331_wc10
wc10,copts,rdp203,WC,6,60.0,3,939.5033,6939.5033,3,939.50332,6939.50332,-0.0,TIE,6.54,28,8350,"{""stall_epochs"": 20, ""arc_rule"": ""safe"", ""nbr_compat"": true, ""restart_mode"": ""full"", ""rec_mode"": ""adaptive"", ""rec_patience"": 2, ""checkpoints"": [10, 20]}",Rdp203_copts_s6_20261003-035431_wc10
wc10,copts,rdp204,WC,6,60.0,2,825.5193,4825.5193,2,825.519293,4825.519293,0.0,TIE,13.98,21,6300,"{""stall_epochs"": 20, ""arc_rule"": ""safe"", ""nbr_compat"": true, ""restart_mode"": ""full"", ""rec_mode"": ""adaptive"", ""rec_patience"": 2, ""checkpoints"": [10, 20]}",Rdp204_copts_s6_20261003-035531_wc10
wc10,copts,rdp205,WC,6,60.0,3,994.4277,6994.4277,3,994.427657,6994.427657,-0.0,TIE,5.97,50,14950,"{""stall_epochs"": 20, ""arc_rule"": ""safe"", ""nbr_compat"": true, ""restart_mode"": ""full"", ""rec_mode"": ""adaptive"", ""rec_patience"": 2, ""checkpoints"": [10, 20]}",Rdp205_copts_s6_20261003-035631_wc10
wc10,copts,rdp206,WC,6,60.0,3,906.1421,6906.1421,3,906.142079,6906.142079,0.0,TIE,20.23,31,9050,"{""stall_epochs"": 20, ""arc_rule"": ""safe"", ""nbr_compat"": true, ""restart_mode"": ""full"", ""rec_mode"": ""adaptive"", ""rec_patience"": 2, ""checkpoints"": [10, 20]}",Rdp206_copts_s6_20261003-035732_wc10
wc10,copts,rdp207,WC,6,60.0,2,890.6083,4890.6083,2,890.608295,4890.608295,0.0,TIE,14.98,24,7000,"{""stall_epochs"": 20, ""arc_rule"": ""safe"", ""nbr_compat"": true, ""restart_mode"": ""full"", ""rec_mode"": ""adaptive"", ""rec_patience"": 2, ""checkpoints"": [10, 20]}",Rdp207_copts_s6_20261003-035832_wc10
wc10,copts,rdp208,WC,6,60.0,2,726.8228,4726.8228,2,726.822786,4726.822786,-0.0,TIE,9.36,20,5750,"{""stall_epochs"": 20, ""arc_rule"": ""safe"", ""nbr_compat"": true, ""restart_mode"": ""full"", ""rec_mode"": ""adaptive"", ""rec_patience"": 2, ""checkpoints"": [10, 20]}",Rdp208_copts_s6_20261003-035932_wc10
wc10,copts,rdp209,WC,6,60.0,3,909.1634,6909.1634,3,909.163356,6909.163356,0.0,TIE,16.38,34,9950,"{""stall_epochs"": 20, ""arc_rule"": ""safe"", ""nbr_compat"": true, ""restart_mode"": ""full"", ""rec_mode"": ""adaptive"", ""rec_patience"": 2, ""checkpoints"": [10, 20]}",Rdp209_copts_s6_20261003-040032_wc10
wc10,copts,rdp210,WC,6,60.0,3,939.3727,6939.3727,3,939.37268,6939.37268,0.0,TIE,50.64,31,9250,"{""stall_epochs"": 20, ""arc_rule"": ""safe"", ""nbr_compat"": true, ""restart_mode"": ""full"", ""rec_mode"": ""adaptive"", ""rec_patience"": 2, ""checkpoints"": [10, 20]}",Rdp210_copts_s6_20261003-040133_wc10
wc10,copts,rdp211,WC,6,60.0,2,898.1501,4898.1501,2,885.71139,4885.71139,0.2546,worse,16.18,23,6700,"{""stall_epochs"": 20, ""arc_rule"": ""safe"", ""nbr_compat"": true, ""restart_mode"": ""full"", ""rec_mode"": ""adaptive"", ""rec_patience"": 2, ""checkpoints"": [10, 20]}",Rdp211_copts_s6_20261003-040233_wc10
wc10,copts,rcdp101,WC,6,60.0,14,1708.2099,29708.2099,14,1708.209858,29708.209858,-0.0,TIE,25.2,153,45750,"{""stall_epochs"": 20, ""arc_rule"": ""safe"", ""nbr_compat"": true, ""restart_mode"": ""full"", ""rec_mode"": ""adaptive"", ""rec_patience"": 2, ""checkpoints"": [10, 20]}",RCdp101_copts_s6_20261003-040333_wc10
wc10,copts,rcdp102,WC,6,60.0,12,1570.2804,25570.2804,12,1570.280395,25570.280395,-0.0,TIE,40.24,83,24650,"{""stall_epochs"": 20, ""arc_rule"": ""safe"", ""nbr_compat"": true, ""restart_mode"": ""full"", ""rec_mode"": ""adaptive"", ""rec_patience"": 2, ""checkpoints"": [10, 20]}",RCdp102_copts_s6_20261003-040433_wc10
wc10,copts,rcdp103,WC,6,60.0,11,1282.5279,23282.5279,11,1282.527877,23282.527877,-0.0,TIE,28.83,59,17500,"{""stall_epochs"": 20, ""arc_rule"": ""safe"", ""nbr_compat"": true, ""restart_mode"": ""full"", ""rec_mode"": ""adaptive"", ""rec_patience"": 2, ""checkpoints"": [10, 20]}",RCdp103_copts_s6_20261003-040533_wc10
wc10,copts,rcdp104,WC,6,60.0,10,1171.3664,21171.3664,10,1171.366445,21171.366445,-0.0,TIE,3.52,50,14950,"{""stall_epochs"": 20, ""arc_rule"": ""safe"", ""nbr_compat"": true, ""restart_mode"": ""full"", ""rec_mode"": ""adaptive"", ""rec_patience"": 2, ""checkpoints"": [10, 20]}",RCdp104_copts_s6_20261003-040633_wc10
wc10,copts,rcdp105,WC,6,60.0,13,1632.2912,27632.2912,13,1632.291239,27632.291239,0.0,TIE,10.7,96,28550,"{""stall_epochs"": 20, ""arc_rule"": ""safe"", ""nbr_compat"": true, ""restart_mode"": ""full"", ""rec_mode"": ""adaptive"", ""rec_patience"": 2, ""checkpoints"": [10, 20]}",RCdp105_copts_s6_20261003-040733_wc10
wc10,copts,rcdp106,WC,6,60.0,12,1392.4719,25392.4719,12,1392.471942,25392.471942,0.0,TIE,17.6,93,27800,"{""stall_epochs"": 20, ""arc_rule"": ""safe"", ""nbr_compat"": true, ""restart_mode"": ""full"", ""rec_mode"": ""adaptive"", ""rec_patience"": 2, ""checkpoints"": [10, 20]}",RCdp106_copts_s6_20261003-040833_wc10
wc10,copts,rcdp107,WC,6,60.0,11,1252.7901,23252.7901,11,1252.790063,23252.790063,-0.0,TIE,14.75,58,17150,"{""stall_epochs"": 20, ""arc_rule"": ""safe"", ""nbr_compat"": true, ""restart_mode"": ""full"", ""rec_mode"": ""adaptive"", ""rec_patience"": 2, ""checkpoints"": [10, 20]}",RCdp107_copts_s6_20261003-040934_wc10
wc10,copts,rcdp108,WC,6,60.0,10,1177.9846,21177.9846,10,1177.984574,21177.984574,0.0,TIE,8.79,48,14350,"{""stall_epochs"": 20, ""arc_rule"": ""safe"", ""nbr_compat"": true, ""restart_mode"": ""full"", ""rec_mode"": ""adaptive"", ""rec_patience"": 2, ""checkpoints"": [10, 20]}",RCdp108_copts_s6_20261003-041034_wc10
wc10,copts,rcdp201,WC,6,60.0,4,1406.9401,9406.9401,4,1406.940088,9406.940088,-0.0,TIE,16.55,102,30400,"{""stall_epochs"": 20, ""arc_rule"": ""safe"", ""nbr_compat"": true, ""restart_mode"": ""full"", ""rec_mode"": ""adaptive"", ""rec_patience"": 2, ""checkpoints"": [10, 20]}",RCdp201_copts_s6_20261003-041134_wc10
wc10,copts,rcdp202,WC,6,60.0,3,1365.645,7365.645,3,1365.645031,7365.645031,0.0,TIE,5.42,44,13150,"{""stall_epochs"": 20, ""arc_rule"": ""safe"", ""nbr_compat"": true, ""restart_mode"": ""full"", ""rec_mode"": ""adaptive"", ""rec_patience"": 2, ""checkpoints"": [10, 20]}",RCdp202_copts_s6_20261003-041234_wc10
wc10,copts,rcdp203,WC,6,60.0,3,1049.6242,7049.6242,3,1049.624237,7049.624237,-0.0,TIE,14.29,30,8800,"{""stall_epochs"": 20, ""arc_rule"": ""safe"", ""nbr_compat"": true, ""restart_mode"": ""full"", ""rec_mode"": ""adaptive"", ""rec_patience"": 2, ""checkpoints"": [10, 20]}",RCdp203_copts_s6_20261003-041334_wc10
wc10,copts,rcdp204,WC,6,60.0,3,798.4636,6798.4636,3,798.463581,6798.463581,-0.0,TIE,14.09,26,7700,"{""stall_epochs"": 20, ""arc_rule"": ""safe"", ""nbr_compat"": true, ""restart_mode"": ""full"", ""rec_mode"": ""adaptive"", ""rec_patience"": 2, ""checkpoints"": [10, 20]}",RCdp204_copts_s6_20261003-041434_wc10
wc10,copts,rcdp205,WC,6,60.0,4,1297.6477,9297.6477,4,1297.647746,9297.647746,0.0,TIE,1.99,62,18350,"{""stall_epochs"": 20, ""arc_rule"": ""safe"", ""nbr_compat"": true, ""restart_mode"": ""full"", ""rec_mode"": ""adaptive"", ""rec_patience"": 2, ""checkpoints"": [10, 20]}",RCdp205_copts_s6_20261003-041535_wc10
wc10,copts,rcdp206,WC,6,60.0,3,1146.3172,7146.3172,3,1146.317229,7146.317229,0.0,TIE,9.68,51,15050,"{""stall_epochs"": 20, ""arc_rule"": ""safe"", ""nbr_compat"": true, ""restart_mode"": ""full"", ""rec_mode"": ""adaptive"", ""rec_patience"": 2, ""checkpoints"": [10, 20]}",RCdp206_copts_s6_20261003-041635_wc10
wc10,copts,rcdp207,WC,6,60.0,3,1061.1446,7061.1446,3,1061.144555,7061.144555,0.0,TIE,11.49,32,9450,"{""stall_epochs"": 20, ""arc_rule"": ""safe"", ""nbr_compat"": true, ""restart_mode"": ""full"", ""rec_mode"": ""adaptive"", ""rec_patience"": 2, ""checkpoints"": [10, 20]}",RCdp207_copts_s6_20261003-041735_wc10
wc10,copts,rcdp208,WC,6,60.0,3,828.7091,6828.7091,3,828.141442,6828.141442,0.0083,worse,25.55,24,7050,"{""stall_epochs"": 20, ""arc_rule"": ""safe"", ""nbr_compat"": true, ""restart_mode"": ""full"", ""rec_mode"": ""adaptive"", ""rec_patience"": 2, ""checkpoints"": [10, 20]}",RCdp208_copts_s6_20261003-041835_wc10
wc10,copts,rcdp0501,WC,7,10.0,3,220.1488,6220.1488,,,,,,0.0,634,190100,"{""stall_epochs"": 20, ""arc_rule"": ""safe"", ""nbr_compat"": true, ""restart_mode"": ""full"", ""rec_mode"": ""adaptive"", ""rec_patience"": 2}",RCdp0501_copts_s7_20261003-041846_wc10
wc10,copts,rcdp0504,WC,7,10.0,2,214.5727,4214.5727,,,,,,0.0,296,88650,"{""stall_epochs"": 20, ""arc_rule"": ""safe"", ""nbr_compat"": true, ""restart_mode"": ""full"", ""rec_mode"": ""adaptive"", ""rec_patience"": 2}",RCdp0504_copts_s7_20261003-041856_wc10
wc10,copts,rcdp0507,WC,7,10.0,2,211.8268,4211.8268,,,,,,0.03,307,91850,"{""stall_epochs"": 20, ""arc_rule"": ""safe"", ""nbr_compat"": true, ""restart_mode"": ""full"", ""rec_mode"": ""adaptive"", ""rec_patience"": 2}",RCdp0507_copts_s7_20261003-041906_wc10
wc10,copts,rcdp1001,WC,7,10.0,3,348.9824,6348.9824,3,348.982362,6348.982362,-0.0,TIE,0.02,398,119350,"{""stall_epochs"": 20, ""arc_rule"": ""safe"", ""nbr_compat"": true, ""restart_mode"": ""full"", ""rec_mode"": ""adaptive"", ""rec_patience"": 2}",RCdp1001_copts_s7_20261003-041916_wc10
wc10,copts,rcdp1004,WC,7,10.0,2,216.6868,4216.6868,2,216.686766,4216.686766,-0.0,TIE,0.09,120,36000,"{""stall_epochs"": 20, ""arc_rule"": ""safe"", ""nbr_compat"": true, ""restart_mode"": ""full"", ""rec_mode"": ""adaptive"", ""rec_patience"": 2}",RCdp1004_copts_s7_20261003-041926_wc10
wc10,copts,rcdp1007,WC,7,10.0,2,310.8066,4310.8066,2,310.806635,4310.806635,0.0,TIE,0.05,186,55550,"{""stall_epochs"": 20, ""arc_rule"": ""safe"", ""nbr_compat"": true, ""restart_mode"": ""full"", ""rec_mode"": ""adaptive"", ""rec_patience"": 2}",RCdp1007_copts_s7_20261003-041936_wc10
wc10,copts,rcdp2501,WC,7,10.0,5,551.0529,10551.0529,5,551.052879,10551.052879,-0.0,TIE,0.06,153,45650,"{""stall_epochs"": 20, ""arc_rule"": ""safe"", ""nbr_compat"": true, ""restart_mode"": ""full"", ""rec_mode"": ""adaptive"", ""rec_patience"": 2}",RCdp2501_copts_s7_20261003-041946_wc10
wc10,copts,rcdp2504,WC,7,10.0,4,473.4596,8473.4596,4,473.459628,8473.459628,-0.0,TIE,0.21,49,14500,"{""stall_epochs"": 20, ""arc_rule"": ""safe"", ""nbr_compat"": true, ""restart_mode"": ""full"", ""rec_mode"": ""adaptive"", ""rec_patience"": 2}",RCdp2504_copts_s7_20261003-041956_wc10
wc10,copts,rcdp2507,WC,7,10.0,5,540.8663,10540.8663,5,540.866272,10540.866272,0.0,TIE,0.16,59,17450,"{""stall_epochs"": 20, ""arc_rule"": ""safe"", ""nbr_compat"": true, ""restart_mode"": ""full"", ""rec_mode"": ""adaptive"", ""rec_patience"": 2}",RCdp2507_copts_s7_20261003-042006_wc10
wc10,copts,rcdp5001,WC,7,10.0,9,994.1825,18994.1825,9,994.182495,18994.182495,-0.0,TIE,0.14,65,19400,"{""stall_epochs"": 20, ""arc_rule"": ""safe"", ""nbr_compat"": true, ""restart_mode"": ""full"", ""rec_mode"": ""adaptive"", ""rec_patience"": 2}",RCdp5001_copts_s7_20261003-042017_wc10
wc10,copts,rcdp5004,WC,7,10.0,6,733.2099,12733.2099,6,733.209905,12733.209905,0.0,TIE,0.53,20,5850,"{""stall_epochs"": 20, ""arc_rule"": ""safe"", ""nbr_compat"": true, ""restart_mode"": ""full"", ""rec_mode"": ""adaptive"", ""rec_patience"": 2}",RCdp5004_copts_s7_20261003-042027_wc10
wc10,copts,rcdp5007,WC,7,10.0,7,809.7147,14809.7147,7,809.714685,14809.714685,-0.0,TIE,0.43,24,7150,"{""stall_epochs"": 20, ""arc_rule"": ""safe"", ""nbr_compat"": true, ""restart_mode"": ""full"", ""rec_mode"": ""adaptive"", ""rec_patience"": 2}",RCdp5007_copts_s7_20261003-042037_wc10
wc10,copts,cdp101,WC,7,60.0,11,976.0414,22976.0414,11,976.041384,22976.041384,0.0,TIE,6.44,215,64300,"{""stall_epochs"": 20, ""arc_rule"": ""safe"", ""nbr_compat"": true, ""restart_mode"": ""full"", ""rec_mode"": ""adaptive"", ""rec_patience"": 2, ""checkpoints"": [10, 20]}",Cdp101_copts_s7_20261003-042139_wc10
wc10,copts,cdp102,WC,7,60.0,10,941.485,20941.485,10,941.485039,20941.485039,0.0,TIE,29.74,91,27250,"{""stall_epochs"": 20, ""arc_rule"": ""safe"", ""nbr_compat"": true, ""restart_mode"": ""full"", ""rec_mode"": ""adaptive"", ""rec_patience"": 2, ""checkpoints"": [10, 20]}",Cdp102_copts_s7_20261003-042239_wc10
wc10,copts,cdp103,WC,7,60.0,10,892.9822,20892.9822,10,892.982246,20892.982246,-0.0,TIE,3.89,62,18400,"{""stall_epochs"": 20, ""arc_rule"": ""safe"", ""nbr_compat"": true, ""restart_mode"": ""full"", ""rec_mode"": ""adaptive"", ""rec_patience"": 2, ""checkpoints"": [10, 20]}",Cdp103_copts_s7_20261003-042339_wc10
wc10,copts,cdp104,WC,7,60.0,10,871.4032,20871.4032,10,871.403177,20871.403177,0.0,TIE,53.87,56,16750,"{""stall_epochs"": 20, ""arc_rule"": ""safe"", ""nbr_compat"": true, ""restart_mode"": ""full"", ""rec_mode"": ""adaptive"", ""rec_patience"": 2, ""checkpoints"": [10, 20]}",Cdp104_copts_s7_20261003-042439_wc10
wc10,copts,cdp105,WC,7,60.0,10,1053.1171,21053.1171,10,1053.117064,21053.117064,0.0,TIE,0.36,173,51850,"{""stall_epochs"": 20, ""arc_rule"": ""safe"", ""nbr_compat"": true, ""restart_mode"": ""full"", ""rec_mode"": ""adaptive"", ""rec_patience"": 2, ""checkpoints"": [10, 20]}",Cdp105_copts_s7_20261003-042540_wc10
wc10,copts,cdp106,WC,7,60.0,10,963.4525,20963.4525,10,963.452492,20963.452492,-0.0,TIE,0.79,159,47550,"{""stall_epochs"": 20, ""arc_rule"": ""safe"", ""nbr_compat"": true, ""restart_mode"": ""full"", ""rec_mode"": ""adaptive"", ""rec_patience"": 2, ""checkpoints"": [10, 20]}",Cdp106_copts_s7_20261003-042640_wc10
wc10,copts,cdp107,WC,7,60.0,10,987.6388,20987.6388,10,987.638782,20987.638782,-0.0,TIE,0.77,160,47900,"{""stall_epochs"": 20, ""arc_rule"": ""safe"", ""nbr_compat"": true, ""restart_mode"": ""full"", ""rec_mode"": ""adaptive"", ""rec_patience"": 2, ""checkpoints"": [10, 20]}",Cdp107_copts_s7_20261003-042740_wc10
wc10,copts,cdp108,WC,7,60.0,10,932.4947,20932.4947,10,932.494665,20932.494665,0.0,TIE,0.5,127,38050,"{""stall_epochs"": 20, ""arc_rule"": ""safe"", ""nbr_compat"": true, ""restart_mode"": ""full"", ""rec_mode"": ""adaptive"", ""rec_patience"": 2, ""checkpoints"": [10, 20]}",Cdp108_copts_s7_20261003-042840_wc10
wc10,copts,cdp109,WC,7,60.0,10,909.266,20909.266,10,909.26601,20909.26601,0.0,TIE,14.46,100,29850,"{""stall_epochs"": 20, ""arc_rule"": ""safe"", ""nbr_compat"": true, ""restart_mode"": ""full"", ""rec_mode"": ""adaptive"", ""rec_patience"": 2, ""checkpoints"": [10, 20]}",Cdp109_copts_s7_20261003-042940_wc10
wc10,copts,cdp201,WC,7,60.0,3,591.5566,6591.5566,3,591.556557,6591.556557,-0.0,TIE,5.87,232,69400,"{""stall_epochs"": 20, ""arc_rule"": ""safe"", ""nbr_compat"": true, ""restart_mode"": ""full"", ""rec_mode"": ""adaptive"", ""rec_patience"": 2, ""checkpoints"": [10, 20]}",Cdp201_copts_s7_20261003-043040_wc10
wc10,copts,cdp202,WC,7,60.0,3,591.5566,6591.5566,3,591.556557,6591.556557,-0.0,TIE,1.22,51,15050,"{""stall_epochs"": 20, ""arc_rule"": ""safe"", ""nbr_compat"": true, ""restart_mode"": ""full"", ""rec_mode"": ""adaptive"", ""rec_patience"": 2, ""checkpoints"": [10, 20]}",Cdp202_copts_s7_20261003-043140_wc10
wc10,copts,cdp203,WC,7,60.0,3,591.1734,6591.1734,3,591.173443,6591.173443,-0.0,TIE,1.73,35,10350,"{""stall_epochs"": 20, ""arc_rule"": ""safe"", ""nbr_compat"": true, ""restart_mode"": ""full"", ""rec_mode"": ""adaptive"", ""rec_patience"": 2, ""checkpoints"": [10, 20]}",Cdp203_copts_s7_20261003-043240_wc10
wc10,copts,cdp204,WC,7,60.0,3,590.5987,6590.5987,3,590.598746,6590.598746,-0.0,TIE,1.98,30,8750,"{""stall_epochs"": 20, ""arc_rule"": ""safe"", ""nbr_compat"": true, ""restart_mode"": ""full"", ""rec_mode"": ""adaptive"", ""rec_patience"": 2, ""checkpoints"": [10, 20]}",Cdp204_copts_s7_20261003-043340_wc10
wc10,copts,cdp205,WC,7,60.0,3,588.876,6588.876,3,588.875963,6588.875963,-0.0,TIE,0.47,133,39900,"{""stall_epochs"": 20, ""arc_rule"": ""safe"", ""nbr_compat"": true, ""restart_mode"": ""full"", ""rec_mode"": ""adaptive"", ""rec_patience"": 2, ""checkpoints"": [10, 20]}",Cdp205_copts_s7_20261003-043440_wc10
wc10,copts,cdp206,WC,7,60.0,3,588.4928,6588.4928,3,588.492849,6588.492849,-0.0,TIE,0.73,85,25300,"{""stall_epochs"": 20, ""arc_rule"": ""safe"", ""nbr_compat"": true, ""restart_mode"": ""full"", ""rec_mode"": ""adaptive"", ""rec_patience"": 2, ""checkpoints"": [10, 20]}",Cdp206_copts_s7_20261003-043541_wc10
wc10,copts,cdp207,WC,7,60.0,3,588.2863,6588.2863,3,588.286321,6588.286321,0.0,TIE,0.86,72,21550,"{""stall_epochs"": 20, ""arc_rule"": ""safe"", ""nbr_compat"": true, ""restart_mode"": ""full"", ""rec_mode"": ""adaptive"", ""rec_patience"": 2, ""checkpoints"": [10, 20]}",Cdp207_copts_s7_20261003-043641_wc10
wc10,copts,cdp208,WC,7,60.0,3,588.3238,6588.3238,3,588.323801,6588.323801,-0.0,TIE,0.9,69,20550,"{""stall_epochs"": 20, ""arc_rule"": ""safe"", ""nbr_compat"": true, ""restart_mode"": ""full"", ""rec_mode"": ""adaptive"", ""rec_patience"": 2, ""checkpoints"": [10, 20]}",Cdp208_copts_s7_20261003-043741_wc10
wc10,copts,rdp101,WC,7,60.0,19,1650.7992,39650.7992,19,1650.79924,39650.79924,-0.0,TIE,6.98,206,61700,"{""stall_epochs"": 20, ""arc_rule"": ""safe"", ""nbr_compat"": true, ""restart_mode"": ""full"", ""rec_mode"": ""adaptive"", ""rec_patience"": 2, ""checkpoints"": [10, 20]}",Rdp101_copts_s7_20261003-043841_wc10
wc10,copts,rdp102,WC,7,60.0,17,1486.1195,35486.1195,17,1486.119471,35486.119471,0.0,TIE,1.83,98,29200,"{""stall_epochs"": 20, ""arc_rule"": ""safe"", ""nbr_compat"": true, ""restart_mode"": ""full"", ""rec_mode"": ""adaptive"", ""rec_patience"": 2, ""checkpoints"": [10, 20]}",Rdp102_copts_s7_20261003-043941_wc10
wc10,copts,rdp103,WC,7,60.0,13,1294.6398,27294.6398,13,1294.639843,27294.639843,0.0,TIE,39.21,67,19850,"{""stall_epochs"": 20, ""arc_rule"": ""safe"", ""nbr_compat"": true, ""restart_mode"": ""full"", ""rec_mode"": ""adaptive"", ""rec_patience"": 2, ""checkpoints"": [10, 20]}",Rdp103_copts_s7_20261003-044041_wc10
wc10,copts,rdp104,WC,7,60.0,9,1017.2215,19017.2215,9,1026.417258,19026.417258,-0.0483,NEW_BEST,45.29,47,13900,"{""stall_epochs"": 20, ""arc_rule"": ""safe"", ""nbr_compat"": true, ""restart_mode"": ""full"", ""rec_mode"": ""adaptive"", ""rec_patience"": 2, ""checkpoints"": [10, 20]}",Rdp104_copts_s7_20261003-044141_wc10
wc10,copts,rdp105,WC,7,60.0,14,1377.111,29377.111,14,1377.111018,29377.111018,-0.0,TIE,0.43,143,42900,"{""stall_epochs"": 20, ""arc_rule"": ""safe"", ""nbr_compat"": true, ""restart_mode"": ""full"", ""rec_mode"": ""adaptive"", ""rec_patience"": 2, ""checkpoints"": [10, 20]}",Rdp105_copts_s7_20261003-044241_wc10
wc10,copts,rdp106,WC,7,60.0,12,1252.0307,25252.0307,12,1252.030746,25252.030746,-0.0,TIE,1.6,75,22500,"{""stall_epochs"": 20, ""arc_rule"": ""safe"", ""nbr_compat"": true, ""restart_mode"": ""full"", ""rec_mode"": ""adaptive"", ""rec_patience"": 2, ""checkpoints"": [10, 20]}",Rdp106_copts_s7_20261003-044342_wc10
wc10,copts,rdp107,WC,7,60.0,10,1112.5512,21112.5512,10,1112.551177,21112.551177,0.0,TIE,25.38,53,15650,"{""stall_epochs"": 20, ""arc_rule"": ""safe"", ""nbr_compat"": true, ""restart_mode"": ""full"", ""rec_mode"": ""adaptive"", ""rec_patience"": 2, ""checkpoints"": [10, 20]}",Rdp107_copts_s7_20261003-044442_wc10
wc10,copts,rdp108,WC,7,60.0,9,965.2179,18965.2179,9,965.217944,18965.217944,-0.0,TIE,12.53,43,12800,"{""stall_epochs"": 20, ""arc_rule"": ""safe"", ""nbr_compat"": true, ""restart_mode"": ""full"", ""rec_mode"": ""adaptive"", ""rec_patience"": 2, ""checkpoints"": [10, 20]}",Rdp108_copts_s7_20261003-044542_wc10
wc10,copts,rdp109,WC,7,60.0,11,1194.7341,23194.7341,11,1194.734098,23194.734098,-0.0,TIE,3.41,89,26450,"{""stall_epochs"": 20, ""arc_rule"": ""safe"", ""nbr_compat"": true, ""restart_mode"": ""full"", ""rec_mode"": ""adaptive"", ""rec_patience"": 2, ""checkpoints"": [10, 20]}",Rdp109_copts_s7_20261003-044642_wc10
wc10,copts,rdp110,WC,7,60.0,10,1121.457,21121.457,10,1121.456956,21121.456956,0.0,TIE,17.65,59,17450,"{""stall_epochs"": 20, ""arc_rule"": ""safe"", ""nbr_compat"": true, ""restart_mode"": ""full"", ""rec_mode"": ""adaptive"", ""rec_patience"": 2, ""checkpoints"": [10, 20]}",Rdp110_copts_s7_20261003-044742_wc10
wc10,copts,rdp111,WC,7,60.0,10,1098.8443,21098.8443,10,1098.844288,21098.844288,0.0,TIE,8.71,54,16100,"{""stall_epochs"": 20, ""arc_rule"": ""safe"", ""nbr_compat"": true, ""restart_mode"": ""full"", ""rec_mode"": ""adaptive"", ""rec_patience"": 2, ""checkpoints"": [10, 20]}",Rdp111_copts_s7_20261003-044842_wc10
wc10,copts,rdp112,WC,7,60.0,9,999.435,18999.435,9,997.264803,18997.264803,0.0114,worse,14.4,42,12500,"{""stall_epochs"": 20, ""arc_rule"": ""safe"", ""nbr_compat"": true, ""restart_mode"": ""full"", ""rec_mode"": ""adaptive"", ""rec_patience"": 2, ""checkpoints"": [10, 20]}",Rdp112_copts_s7_20261003-044942_wc10
wc10,copts,rdp201,WC,7,60.0,4,1252.3712,9252.3712,4,1252.371222,9252.371222,-0.0,TIE,2.45,94,28050,"{""stall_epochs"": 20, ""arc_rule"": ""safe"", ""nbr_compat"": true, ""restart_mode"": ""full"", ""rec_mode"": ""adaptive"", ""rec_patience"": 2, ""checkpoints"": [10, 20]}",Rdp201_copts_s7_20261003-045042_wc10
wc10,copts,rdp202,WC,7,60.0,3,1191.703,7191.703,3,1191.702969,7191.702969,-0.0,TIE,4.87,35,10500,"{""stall_epochs"": 20, ""arc_rule"": ""safe"", ""nbr_compat"": true, ""restart_mode"": ""full"", ""rec_mode"": ""adaptive"", ""rec_patience"": 2, ""checkpoints"": [10, 20]}",Rdp202_copts_s7_20261003-045143_wc10
wc10,copts,rdp203,WC,7,60.0,3,939.5033,6939.5033,3,939.50332,6939.50332,-0.0,TIE,17.27,28,8300,"{""stall_epochs"": 20, ""arc_rule"": ""safe"", ""nbr_compat"": true, ""restart_mode"": ""full"", ""rec_mode"": ""adaptive"", ""rec_patience"": 2, ""checkpoints"": [10, 20]}",Rdp203_copts_s7_20261003-045243_wc10
wc10,copts,rdp204,WC,7,60.0,2,825.5193,4825.5193,2,825.519293,4825.519293,0.0,TIE,31.56,21,6250,"{""stall_epochs"": 20, ""arc_rule"": ""safe"", ""nbr_compat"": true, ""restart_mode"": ""full"", ""rec_mode"": ""adaptive"", ""rec_patience"": 2, ""checkpoints"": [10, 20]}",Rdp204_copts_s7_20261003-045343_wc10
wc10,copts,rdp205,WC,7,60.0,3,994.4277,6994.4277,3,994.427657,6994.427657,-0.0,TIE,12.58,50,14750,"{""stall_epochs"": 20, ""arc_rule"": ""safe"", ""nbr_compat"": true, ""restart_mode"": ""full"", ""rec_mode"": ""adaptive"", ""rec_patience"": 2, ""checkpoints"": [10, 20]}",Rdp205_copts_s7_20261003-045443_wc10
wc10,copts,rdp206,WC,7,60.0,3,906.1421,6906.1421,3,906.142079,6906.142079,0.0,TIE,28.33,30,9000,"{""stall_epochs"": 20, ""arc_rule"": ""safe"", ""nbr_compat"": true, ""restart_mode"": ""full"", ""rec_mode"": ""adaptive"", ""rec_patience"": 2, ""checkpoints"": [10, 20]}",Rdp206_copts_s7_20261003-045543_wc10
wc10,copts,rdp207,WC,7,60.0,2,890.6083,4890.6083,2,890.608295,4890.608295,0.0,TIE,9.91,24,7000,"{""stall_epochs"": 20, ""arc_rule"": ""safe"", ""nbr_compat"": true, ""restart_mode"": ""full"", ""rec_mode"": ""adaptive"", ""rec_patience"": 2, ""checkpoints"": [10, 20]}",Rdp207_copts_s7_20261003-045643_wc10
wc10,copts,rdp208,WC,7,60.0,2,726.8228,4726.8228,2,726.822786,4726.822786,-0.0,TIE,9.38,20,5750,"{""stall_epochs"": 20, ""arc_rule"": ""safe"", ""nbr_compat"": true, ""restart_mode"": ""full"", ""rec_mode"": ""adaptive"", ""rec_patience"": 2, ""checkpoints"": [10, 20]}",Rdp208_copts_s7_20261003-045744_wc10
wc10,copts,rdp209,WC,7,60.0,3,909.1634,6909.1634,3,909.163356,6909.163356,0.0,TIE,18.36,33,9900,"{""stall_epochs"": 20, ""arc_rule"": ""safe"", ""nbr_compat"": true, ""restart_mode"": ""full"", ""rec_mode"": ""adaptive"", ""rec_patience"": 2, ""checkpoints"": [10, 20]}",Rdp209_copts_s7_20261003-045845_wc10
wc10,copts,rdp210,WC,7,60.0,3,939.3727,6939.3727,3,939.37268,6939.37268,0.0,TIE,4.03,31,9200,"{""stall_epochs"": 20, ""arc_rule"": ""safe"", ""nbr_compat"": true, ""restart_mode"": ""full"", ""rec_mode"": ""adaptive"", ""rec_patience"": 2, ""checkpoints"": [10, 20]}",Rdp210_copts_s7_20261003-045945_wc10
wc10,copts,rdp211,WC,7,60.0,2,898.1501,4898.1501,2,885.71139,4885.71139,0.2546,worse,35.15,23,6650,"{""stall_epochs"": 20, ""arc_rule"": ""safe"", ""nbr_compat"": true, ""restart_mode"": ""full"", ""rec_mode"": ""adaptive"", ""rec_patience"": 2, ""checkpoints"": [10, 20]}",Rdp211_copts_s7_20261003-050046_wc10
wc10,copts,rcdp101,WC,7,60.0,14,1708.2099,29708.2099,14,1708.209858,29708.209858,-0.0,TIE,1.22,154,45950,"{""stall_epochs"": 20, ""arc_rule"": ""safe"", ""nbr_compat"": true, ""restart_mode"": ""full"", ""rec_mode"": ""adaptive"", ""rec_patience"": 2, ""checkpoints"": [10, 20]}",RCdp101_copts_s7_20261003-050146_wc10
wc10,copts,rcdp102,WC,7,60.0,12,1570.2804,25570.2804,12,1570.280395,25570.280395,-0.0,TIE,1.45,83,24650,"{""stall_epochs"": 20, ""arc_rule"": ""safe"", ""nbr_compat"": true, ""restart_mode"": ""full"", ""rec_mode"": ""adaptive"", ""rec_patience"": 2, ""checkpoints"": [10, 20]}",RCdp102_copts_s7_20261003-050246_wc10
wc10,copts,rcdp103,WC,7,60.0,11,1282.5279,23282.5279,11,1282.527877,23282.527877,-0.0,TIE,6.28,58,17300,"{""stall_epochs"": 20, ""arc_rule"": ""safe"", ""nbr_compat"": true, ""restart_mode"": ""full"", ""rec_mode"": ""adaptive"", ""rec_patience"": 2, ""checkpoints"": [10, 20]}",RCdp103_copts_s7_20261003-050346_wc10
wc10,copts,rcdp104,WC,7,60.0,10,1171.3664,21171.3664,10,1171.366445,21171.366445,-0.0,TIE,2.4,50,14850,"{""stall_epochs"": 20, ""arc_rule"": ""safe"", ""nbr_compat"": true, ""restart_mode"": ""full"", ""rec_mode"": ""adaptive"", ""rec_patience"": 2, ""checkpoints"": [10, 20]}",RCdp104_copts_s7_20261003-050446_wc10
wc10,copts,rcdp105,WC,7,60.0,13,1632.2912,27632.2912,13,1632.291239,27632.291239,0.0,TIE,9.59,95,28400,"{""stall_epochs"": 20, ""arc_rule"": ""safe"", ""nbr_compat"": true, ""restart_mode"": ""full"", ""rec_mode"": ""adaptive"", ""rec_patience"": 2, ""checkpoints"": [10, 20]}",RCdp105_copts_s7_20261003-050546_wc10
wc10,copts,rcdp106,WC,7,60.0,12,1392.4719,25392.4719,12,1392.471942,25392.471942,0.0,TIE,17.57,93,27750,"{""stall_epochs"": 20, ""arc_rule"": ""safe"", ""nbr_compat"": true, ""restart_mode"": ""full"", ""rec_mode"": ""adaptive"", ""rec_patience"": 2, ""checkpoints"": [10, 20]}",RCdp106_copts_s7_20261003-050647_wc10
wc10,copts,rcdp107,WC,7,60.0,11,1255.0629,23255.0629,11,1252.790063,23252.790063,0.0098,worse,12.7,57,17100,"{""stall_epochs"": 20, ""arc_rule"": ""safe"", ""nbr_compat"": true, ""restart_mode"": ""full"", ""rec_mode"": ""adaptive"", ""rec_patience"": 2, ""checkpoints"": [10, 20]}",RCdp107_copts_s7_20261003-050747_wc10
wc10,copts,rcdp108,WC,7,60.0,10,1177.9846,21177.9846,10,1177.984574,21177.984574,0.0,TIE,10.01,48,14300,"{""stall_epochs"": 20, ""arc_rule"": ""safe"", ""nbr_compat"": true, ""restart_mode"": ""full"", ""rec_mode"": ""adaptive"", ""rec_patience"": 2, ""checkpoints"": [10, 20]}",RCdp108_copts_s7_20261003-050847_wc10
wc10,copts,rcdp201,WC,7,60.0,4,1406.9401,9406.9401,4,1406.940088,9406.940088,-0.0,TIE,15.47,101,30300,"{""stall_epochs"": 20, ""arc_rule"": ""safe"", ""nbr_compat"": true, ""restart_mode"": ""full"", ""rec_mode"": ""adaptive"", ""rec_patience"": 2, ""checkpoints"": [10, 20]}",RCdp201_copts_s7_20261003-050947_wc10
wc10,copts,rcdp202,WC,7,60.0,3,1365.645,7365.645,3,1365.645031,7365.645031,0.0,TIE,5.47,44,13100,"{""stall_epochs"": 20, ""arc_rule"": ""safe"", ""nbr_compat"": true, ""restart_mode"": ""full"", ""rec_mode"": ""adaptive"", ""rec_patience"": 2, ""checkpoints"": [10, 20]}",RCdp202_copts_s7_20261003-051047_wc10
wc10,copts,rcdp203,WC,7,60.0,3,1050.451,7050.451,3,1049.624237,7049.624237,0.0117,worse,10.32,30,8750,"{""stall_epochs"": 20, ""arc_rule"": ""safe"", ""nbr_compat"": true, ""restart_mode"": ""full"", ""rec_mode"": ""adaptive"", ""rec_patience"": 2, ""checkpoints"": [10, 20]}",RCdp203_copts_s7_20261003-051147_wc10
wc10,copts,rcdp204,WC,7,60.0,3,798.4636,6798.4636,3,798.463581,6798.463581,-0.0,TIE,18.91,26,7650,"{""stall_epochs"": 20, ""arc_rule"": ""safe"", ""nbr_compat"": true, ""restart_mode"": ""full"", ""rec_mode"": ""adaptive"", ""rec_patience"": 2, ""checkpoints"": [10, 20]}",RCdp204_copts_s7_20261003-051247_wc10
wc10,copts,rcdp205,WC,7,60.0,4,1297.6477,9297.6477,4,1297.647746,9297.647746,0.0,TIE,49.48,61,18200,"{""stall_epochs"": 20, ""arc_rule"": ""safe"", ""nbr_compat"": true, ""restart_mode"": ""full"", ""rec_mode"": ""adaptive"", ""rec_patience"": 2, ""checkpoints"": [10, 20]}",RCdp205_copts_s7_20261003-051348_wc10
wc10,copts,rcdp206,WC,7,60.0,3,1146.3172,7146.3172,3,1146.317229,7146.317229,0.0,TIE,10.72,51,15050,"{""stall_epochs"": 20, ""arc_rule"": ""safe"", ""nbr_compat"": true, ""restart_mode"": ""full"", ""rec_mode"": ""adaptive"", ""rec_patience"": 2, ""checkpoints"": [10, 20]}",RCdp206_copts_s7_20261003-051448_wc10
wc10,copts,rcdp207,WC,7,60.0,3,1061.1446,7061.1446,3,1061.144555,7061.144555,0.0,TIE,9.54,32,9500,"{""stall_epochs"": 20, ""arc_rule"": ""safe"", ""nbr_compat"": true, ""restart_mode"": ""full"", ""rec_mode"": ""adaptive"", ""rec_patience"": 2, ""checkpoints"": [10, 20]}",RCdp207_copts_s7_20261003-051548_wc10
wc10,copts,rcdp208,WC,7,60.0,3,828.7091,6828.7091,3,828.141442,6828.141442,0.0083,worse,5.15,24,6950,"{""stall_epochs"": 20, ""arc_rule"": ""safe"", ""nbr_compat"": true, ""restart_mode"": ""full"", ""rec_mode"": ""adaptive"", ""rec_patience"": 2, ""checkpoints"": [10, 20]}",RCdp208_copts_s7_20261003-051648_wc10
wc10,copts,rcdp0501,WC,8,10.0,3,220.1488,6220.1488,,,,,,0.0,633,189900,"{""stall_epochs"": 20, ""arc_rule"": ""safe"", ""nbr_compat"": true, ""restart_mode"": ""full"", ""rec_mode"": ""adaptive"", ""rec_patience"": 2}",RCdp0501_copts_s8_20261003-051659_wc10
wc10,copts,rcdp0504,WC,8,10.0,2,214.5727,4214.5727,,,,,,0.0,295,88500,"{""stall_epochs"": 20, ""arc_rule"": ""safe"", ""nbr_compat"": true, ""restart_mode"": ""full"", ""rec_mode"": ""adaptive"", ""rec_patience"": 2}",RCdp0504_copts_s8_20261003-051709_wc10
wc10,copts,rcdp0507,WC,8,10.0,2,211.8268,4211.8268,,,,,,0.03,311,93150,"{""stall_epochs"": 20, ""arc_rule"": ""safe"", ""nbr_compat"": true, ""restart_mode"": ""full"", ""rec_mode"": ""adaptive"", ""rec_patience"": 2}",RCdp0507_copts_s8_20261003-051719_wc10
wc10,copts,rcdp1001,WC,8,10.0,3,348.9824,6348.9824,3,348.982362,6348.982362,-0.0,TIE,0.02,400,119950,"{""stall_epochs"": 20, ""arc_rule"": ""safe"", ""nbr_compat"": true, ""restart_mode"": ""full"", ""rec_mode"": ""adaptive"", ""rec_patience"": 2}",RCdp1001_copts_s8_20261003-051729_wc10
wc10,copts,rcdp1004,WC,8,10.0,2,216.6868,4216.6868,2,216.686766,4216.686766,-0.0,TIE,0.09,120,35950,"{""stall_epochs"": 20, ""arc_rule"": ""safe"", ""nbr_compat"": true, ""restart_mode"": ""full"", ""rec_mode"": ""adaptive"", ""rec_patience"": 2}",RCdp1004_copts_s8_20261003-051739_wc10
wc10,copts,rcdp1007,WC,8,10.0,2,310.8066,4310.8066,2,310.806635,4310.806635,0.0,TIE,0.05,184,55100,"{""stall_epochs"": 20, ""arc_rule"": ""safe"", ""nbr_compat"": true, ""restart_mode"": ""full"", ""rec_mode"": ""adaptive"", ""rec_patience"": 2}",RCdp1007_copts_s8_20261003-051749_wc10
wc10,copts,rcdp2501,WC,8,10.0,5,551.0529,10551.0529,5,551.052879,10551.052879,-0.0,TIE,0.06,152,45500,"{""stall_epochs"": 20, ""arc_rule"": ""safe"", ""nbr_compat"": true, ""restart_mode"": ""full"", ""rec_mode"": ""adaptive"", ""rec_patience"": 2}",RCdp2501_copts_s8_20261003-051759_wc10
wc10,copts,rcdp2504,WC,8,10.0,4,473.4596,8473.4596,4,473.459628,8473.459628,-0.0,TIE,0.22,49,14600,"{""stall_epochs"": 20, ""arc_rule"": ""safe"", ""nbr_compat"": true, ""restart_mode"": ""full"", ""rec_mode"": ""adaptive"", ""rec_patience"": 2}",RCdp2504_copts_s8_20261003-051809_wc10
wc10,copts,rcdp2507,WC,8,10.0,5,540.8663,10540.8663,5,540.866272,10540.866272,0.0,TIE,0.16,59,17600,"{""stall_epochs"": 20, ""arc_rule"": ""safe"", ""nbr_compat"": true, ""restart_mode"": ""full"", ""rec_mode"": ""adaptive"", ""rec_patience"": 2}",RCdp2507_copts_s8_20261003-051819_wc10
wc10,copts,rcdp5001,WC,8,10.0,9,994.1825,18994.1825,9,994.182495,18994.182495,-0.0,TIE,0.14,64,19150,"{""stall_epochs"": 20, ""arc_rule"": ""safe"", ""nbr_compat"": true, ""restart_mode"": ""full"", ""rec_mode"": ""adaptive"", ""rec_patience"": 2}",RCdp5001_copts_s8_20261003-051829_wc10
wc10,copts,rcdp5004,WC,8,10.0,6,733.2099,12733.2099,6,733.209905,12733.209905,0.0,TIE,0.51,20,5950,"{""stall_epochs"": 20, ""arc_rule"": ""safe"", ""nbr_compat"": true, ""restart_mode"": ""full"", ""rec_mode"": ""adaptive"", ""rec_patience"": 2}",RCdp5004_copts_s8_20261003-051839_wc10
wc10,copts,rcdp5007,WC,8,10.0,7,809.7147,14809.7147,7,809.714685,14809.714685,-0.0,TIE,0.43,25,7250,"{""stall_epochs"": 20, ""arc_rule"": ""safe"", ""nbr_compat"": true, ""restart_mode"": ""full"", ""rec_mode"": ""adaptive"", ""rec_patience"": 2}",RCdp5007_copts_s8_20261003-051850_wc10
wc10,copts,cdp101,WC,8,60.0,11,976.0414,22976.0414,11,976.041384,22976.041384,0.0,TIE,6.1,214,64200,"{""stall_epochs"": 20, ""arc_rule"": ""safe"", ""nbr_compat"": true, ""restart_mode"": ""full"", ""rec_mode"": ""adaptive"", ""rec_patience"": 2, ""checkpoints"": [10, 20]}",Cdp101_copts_s8_20261003-051952_wc10
wc10,copts,cdp102,WC,8,60.0,10,941.485,20941.485,10,941.485039,20941.485039,0.0,TIE,59.7,91,27150,"{""stall_epochs"": 20, ""arc_rule"": ""safe"", ""nbr_compat"": true, ""restart_mode"": ""full"", ""rec_mode"": ""adaptive"", ""rec_patience"": 2, ""checkpoints"": [10, 20]}",Cdp102_copts_s8_20261003-052052_wc10
wc10,copts,cdp103,WC,8,60.0,10,892.9822,20892.9822,10,892.982246,20892.982246,-0.0,TIE,2.93,62,18500,"{""stall_epochs"": 20, ""arc_rule"": ""safe"", ""nbr_compat"": true, ""restart_mode"": ""full"", ""rec_mode"": ""adaptive"", ""rec_patience"": 2, ""checkpoints"": [10, 20]}",Cdp103_copts_s8_20261003-052152_wc10
wc10,copts,cdp104,WC,8,60.0,10,871.4032,20871.4032,10,871.403177,20871.403177,0.0,TIE,50.43,56,16800,"{""stall_epochs"": 20, ""arc_rule"": ""safe"", ""nbr_compat"": true, ""restart_mode"": ""full"", ""rec_mode"": ""adaptive"", ""rec_patience"": 2, ""checkpoints"": [10, 20]}",Cdp104_copts_s8_20261003-052252_wc10
wc10,copts,cdp105,WC,8,60.0,10,1053.1171,21053.1171,10,1053.117064,21053.117064,0.0,TIE,0.72,173,51650,"{""stall_epochs"": 20, ""arc_rule"": ""safe"", ""nbr_compat"": true, ""restart_mode"": ""full"", ""rec_mode"": ""adaptive"", ""rec_patience"": 2, ""checkpoints"": [10, 20]}",Cdp105_copts_s8_20261003-052353_wc10
wc10,copts,cdp106,WC,8,60.0,10,963.4525,20963.4525,10,963.452492,20963.452492,-0.0,TIE,33.2,160,47750,"{""stall_epochs"": 20, ""arc_rule"": ""safe"", ""nbr_compat"": true, ""restart_mode"": ""full"", ""rec_mode"": ""adaptive"", ""rec_patience"": 2, ""checkpoints"": [10, 20]}",Cdp106_copts_s8_20261003-052453_wc10
wc10,copts,cdp107,WC,8,60.0,10,987.6388,20987.6388,10,987.638782,20987.638782,-0.0,TIE,2.25,159,47650,"{""stall_epochs"": 20, ""arc_rule"": ""safe"", ""nbr_compat"": true, ""restart_mode"": ""full"", ""rec_mode"": ""adaptive"", ""rec_patience"": 2, ""checkpoints"": [10, 20]}",Cdp107_copts_s8_20261003-052553_wc10
wc10,copts,cdp108,WC,8,60.0,10,932.4947,20932.4947,10,932.494665,20932.494665,0.0,TIE,0.49,128,38200,"{""stall_epochs"": 20, ""arc_rule"": ""safe"", ""nbr_compat"": true, ""restart_mode"": ""full"", ""rec_mode"": ""adaptive"", ""rec_patience"": 2, ""checkpoints"": [10, 20]}",Cdp108_copts_s8_20261003-052653_wc10
wc10,copts,cdp109,WC,8,60.0,10,909.266,20909.266,10,909.26601,20909.26601,0.0,TIE,0.61,100,29800,"{""stall_epochs"": 20, ""arc_rule"": ""safe"", ""nbr_compat"": true, ""restart_mode"": ""full"", ""rec_mode"": ""adaptive"", ""rec_patience"": 2, ""checkpoints"": [10, 20]}",Cdp109_copts_s8_20261003-052753_wc10
wc10,copts,cdp201,WC,8,60.0,3,591.5566,6591.5566,3,591.556557,6591.556557,-0.0,TIE,5.87,231,69200,"{""stall_epochs"": 20, ""arc_rule"": ""safe"", ""nbr_compat"": true, ""restart_mode"": ""full"", ""rec_mode"": ""adaptive"", ""rec_patience"": 2, ""checkpoints"": [10, 20]}",Cdp201_copts_s8_20261003-052853_wc10
wc10,copts,cdp202,WC,8,60.0,3,591.5566,6591.5566,3,591.556557,6591.556557,-0.0,TIE,26.35,51,15050,"{""stall_epochs"": 20, ""arc_rule"": ""safe"", ""nbr_compat"": true, ""restart_mode"": ""full"", ""rec_mode"": ""adaptive"", ""rec_patience"": 2, ""checkpoints"": [10, 20]}",Cdp202_copts_s8_20261003-052953_wc10
wc10,copts,cdp203,WC,8,60.0,3,591.1734,6591.1734,3,591.173443,6591.173443,-0.0,TIE,1.74,35,10350,"{""stall_epochs"": 20, ""arc_rule"": ""safe"", ""nbr_compat"": true, ""restart_mode"": ""full"", ""rec_mode"": ""adaptive"", ""rec_patience"": 2, ""checkpoints"": [10, 20]}",Cdp203_copts_s8_20261003-053053_wc10
wc10,copts,cdp204,WC,8,60.0,3,590.5987,6590.5987,3,590.598746,6590.598746,-0.0,TIE,1.98,30,8750,"{""stall_epochs"": 20, ""arc_rule"": ""safe"", ""nbr_compat"": true, ""restart_mode"": ""full"", ""rec_mode"": ""adaptive"", ""rec_patience"": 2, ""checkpoints"": [10, 20]}",Cdp204_copts_s8_20261003-053153_wc10
wc10,copts,cdp205,WC,8,60.0,3,588.876,6588.876,3,588.875963,6588.875963,-0.0,TIE,0.47,133,39900,"{""stall_epochs"": 20, ""arc_rule"": ""safe"", ""nbr_compat"": true, ""restart_mode"": ""full"", ""rec_mode"": ""adaptive"", ""rec_patience"": 2, ""checkpoints"": [10, 20]}",Cdp205_copts_s8_20261003-053253_wc10
wc10,copts,cdp206,WC,8,60.0,3,588.4928,6588.4928,3,588.492849,6588.492849,-0.0,TIE,0.73,85,25300,"{""stall_epochs"": 20, ""arc_rule"": ""safe"", ""nbr_compat"": true, ""restart_mode"": ""full"", ""rec_mode"": ""adaptive"", ""rec_patience"": 2, ""checkpoints"": [10, 20]}",Cdp206_copts_s8_20261003-053353_wc10
wc10,copts,cdp207,WC,8,60.0,3,588.2863,6588.2863,3,588.286321,6588.286321,0.0,TIE,0.84,72,21500,"{""stall_epochs"": 20, ""arc_rule"": ""safe"", ""nbr_compat"": true, ""restart_mode"": ""full"", ""rec_mode"": ""adaptive"", ""rec_patience"": 2, ""checkpoints"": [10, 20]}",Cdp207_copts_s8_20261003-053453_wc10
wc10,copts,cdp208,WC,8,60.0,3,588.3238,6588.3238,3,588.323801,6588.323801,-0.0,TIE,0.92,69,20500,"{""stall_epochs"": 20, ""arc_rule"": ""safe"", ""nbr_compat"": true, ""restart_mode"": ""full"", ""rec_mode"": ""adaptive"", ""rec_patience"": 2, ""checkpoints"": [10, 20]}",Cdp208_copts_s8_20261003-053554_wc10
wc10,copts,rdp101,WC,8,60.0,19,1650.7992,39650.7992,19,1650.79924,39650.79924,-0.0,TIE,38.64,206,61750,"{""stall_epochs"": 20, ""arc_rule"": ""safe"", ""nbr_compat"": true, ""restart_mode"": ""full"", ""rec_mode"": ""adaptive"", ""rec_patience"": 2, ""checkpoints"": [10, 20]}",Rdp101_copts_s8_20261003-053654_wc10
wc10,copts,rdp102,WC,8,60.0,17,1486.1195,35486.1195,17,1486.119471,35486.119471,0.0,TIE,1.87,98,29150,"{""stall_epochs"": 20, ""arc_rule"": ""safe"", ""nbr_compat"": true, ""restart_mode"": ""full"", ""rec_mode"": ""adaptive"", ""rec_patience"": 2, ""checkpoints"": [10, 20]}",Rdp102_copts_s8_20261003-053754_wc10
wc10,copts,rdp103,WC,8,60.0,13,1294.6398,27294.6398,13,1294.639843,27294.639843,0.0,TIE,3.59,67,19900,"{""stall_epochs"": 20, ""arc_rule"": ""safe"", ""nbr_compat"": true, ""restart_mode"": ""full"", ""rec_mode"": ""adaptive"", ""rec_patience"": 2, ""checkpoints"": [10, 20]}",Rdp103_copts_s8_20261003-053854_wc10
wc10,copts,rdp104,WC,8,60.0,9,1017.2215,19017.2215,9,1026.417258,19026.417258,-0.0483,NEW_BEST,6.38,47,14050,"{""stall_epochs"": 20, ""arc_rule"": ""safe"", ""nbr_compat"": true, ""restart_mode"": ""full"", ""rec_mode"": ""adaptive"", ""rec_patience"": 2, ""checkpoints"": [10, 20]}",Rdp104_copts_s8_20261003-053954_wc10
wc10,copts,rdp105,WC,8,60.0,14,1377.111,29377.111,14,1377.111018,29377.111018,-0.0,TIE,0.44,143,42800,"{""stall_epochs"": 20, ""arc_rule"": ""safe"", ""nbr_compat"": true, ""restart_mode"": ""full"", ""rec_mode"": ""adaptive"", ""rec_patience"": 2, ""checkpoints"": [10, 20]}",Rdp105_copts_s8_20261003-054054_wc10
wc10,copts,rdp106,WC,8,60.0,12,1252.0307,25252.0307,12,1252.030746,25252.030746,-0.0,TIE,20.07,75,22500,"{""stall_epochs"": 20, ""arc_rule"": ""safe"", ""nbr_compat"": true, ""restart_mode"": ""full"", ""rec_mode"": ""adaptive"", ""rec_patience"": 2, ""checkpoints"": [10, 20]}",Rdp106_copts_s8_20261003-054154_wc10
wc10,copts,rdp107,WC,8,60.0,10,1112.5512,21112.5512,10,1112.551177,21112.551177,0.0,TIE,29.89,53,15700,"{""stall_epochs"": 20, ""arc_rule"": ""safe"", ""nbr_compat"": true, ""restart_mode"": ""full"", ""rec_mode"": ""adaptive"", ""rec_patience"": 2, ""checkpoints"": [10, 20]}",Rdp107_copts_s8_20261003-054254_wc10
wc10,copts,rdp108,WC,8,60.0,9,965.2179,18965.2179,9,965.217944,18965.217944,-0.0,TIE,9.71,43,12850,"{""stall_epochs"": 20, ""arc_rule"": ""safe"", ""nbr_compat"": true, ""restart_mode"": ""full"", ""rec_mode"": ""adaptive"", ""rec_patience"": 2, ""checkpoints"": [10, 20]}",Rdp108_copts_s8_20261003-054354_wc10
wc10,copts,rdp109,WC,8,60.0,11,1194.7341,23194.7341,11,1194.734098,23194.734098,-0.0,TIE,4.07,89,26600,"{""stall_epochs"": 20, ""arc_rule"": ""safe"", ""nbr_compat"": true, ""restart_mode"": ""full"", ""rec_mode"": ""adaptive"", ""rec_patience"": 2, ""checkpoints"": [10, 20]}",Rdp109_copts_s8_20261003-054454_wc10
wc10,copts,rdp110,WC,8,60.0,10,1121.457,21121.457,10,1121.456956,21121.456956,0.0,TIE,12.43,59,17500,"{""stall_epochs"": 20, ""arc_rule"": ""safe"", ""nbr_compat"": true, ""restart_mode"": ""full"", ""rec_mode"": ""adaptive"", ""rec_patience"": 2, ""checkpoints"": [10, 20]}",Rdp110_copts_s8_20261003-054555_wc10
wc10,copts,rdp111,WC,8,60.0,10,1098.8443,21098.8443,10,1098.844288,21098.844288,0.0,TIE,14.14,55,16250,"{""stall_epochs"": 20, ""arc_rule"": ""safe"", ""nbr_compat"": true, ""restart_mode"": ""full"", ""rec_mode"": ""adaptive"", ""rec_patience"": 2, ""checkpoints"": [10, 20]}",Rdp111_copts_s8_20261003-054655_wc10
wc10,copts,rdp112,WC,8,60.0,9,997.2648,18997.2648,9,997.264803,18997.264803,0.0,TIE,34.22,43,12650,"{""stall_epochs"": 20, ""arc_rule"": ""safe"", ""nbr_compat"": true, ""restart_mode"": ""full"", ""rec_mode"": ""adaptive"", ""rec_patience"": 2, ""checkpoints"": [10, 20]}",Rdp112_copts_s8_20261003-054755_wc10
wc10,copts,rdp201,WC,8,60.0,4,1252.3712,9252.3712,4,1252.371222,9252.371222,-0.0,TIE,5.74,94,28000,"{""stall_epochs"": 20, ""arc_rule"": ""safe"", ""nbr_compat"": true, ""restart_mode"": ""full"", ""rec_mode"": ""adaptive"", ""rec_patience"": 2, ""checkpoints"": [10, 20]}",Rdp201_copts_s8_20261003-054855_wc10
wc10,copts,rdp202,WC,8,60.0,3,1191.703,7191.703,3,1191.702969,7191.702969,-0.0,TIE,3.13,35,10500,"{""stall_epochs"": 20, ""arc_rule"": ""safe"", ""nbr_compat"": true, ""restart_mode"": ""full"", ""rec_mode"": ""adaptive"", ""rec_patience"": 2, ""checkpoints"": [10, 20]}",Rdp202_copts_s8_20261003-054955_wc10
wc10,copts,rdp203,WC,8,60.0,3,939.5033,6939.5033,3,939.50332,6939.50332,-0.0,TIE,23.83,28,8200,"{""stall_epochs"": 20, ""arc_rule"": ""safe"", ""nbr_compat"": true, ""restart_mode"": ""full"", ""rec_mode"": ""adaptive"", ""rec_patience"": 2, ""checkpoints"": [10, 20]}",Rdp203_copts_s8_20261003-055055_wc10
wc10,copts,rdp204,WC,8,60.0,2,825.5193,4825.5193,2,825.519293,4825.519293,0.0,TIE,19.93,21,6300,"{""stall_epochs"": 20, ""arc_rule"": ""safe"", ""nbr_compat"": true, ""restart_mode"": ""full"", ""rec_mode"": ""adaptive"", ""rec_patience"": 2, ""checkpoints"": [10, 20]}",Rdp204_copts_s8_20261003-055155_wc10
wc10,copts,rdp205,WC,8,60.0,3,994.4277,6994.4277,3,994.427657,6994.427657,-0.0,TIE,7.27,50,14750,"{""stall_epochs"": 20, ""arc_rule"": ""safe"", ""nbr_compat"": true, ""restart_mode"": ""full"", ""rec_mode"": ""adaptive"", ""rec_patience"": 2, ""checkpoints"": [10, 20]}",Rdp205_copts_s8_20261003-055256_wc10
wc10,copts,rdp206,WC,8,60.0,3,906.1421,6906.1421,3,906.142079,6906.142079,0.0,TIE,20.2,31,9100,"{""stall_epochs"": 20, ""arc_rule"": ""safe"", ""nbr_compat"": true, ""restart_mode"": ""full"", ""rec_mode"": ""adaptive"", ""rec_patience"": 2, ""checkpoints"": [10, 20]}",Rdp206_copts_s8_20261003-055356_wc10
wc10,copts,rdp207,WC,8,60.0,2,890.6083,4890.6083,2,890.608295,4890.608295,0.0,TIE,17.43,24,7000,"{""stall_epochs"": 20, ""arc_rule"": ""safe"", ""nbr_compat"": true, ""restart_mode"": ""full"", ""rec_mode"": ""adaptive"", ""rec_patience"": 2, ""checkpoints"": [10, 20]}",Rdp207_copts_s8_20261003-055456_wc10
wc10,copts,rdp208,WC,8,60.0,2,726.8228,4726.8228,2,726.822786,4726.822786,-0.0,TIE,9.35,20,5750,"{""stall_epochs"": 20, ""arc_rule"": ""safe"", ""nbr_compat"": true, ""restart_mode"": ""full"", ""rec_mode"": ""adaptive"", ""rec_patience"": 2, ""checkpoints"": [10, 20]}",Rdp208_copts_s8_20261003-055556_wc10
wc10,copts,rdp209,WC,8,60.0,3,909.6566,6909.6566,3,909.163356,6909.163356,0.0071,worse,36.85,33,9750,"{""stall_epochs"": 20, ""arc_rule"": ""safe"", ""nbr_compat"": true, ""restart_mode"": ""full"", ""rec_mode"": ""adaptive"", ""rec_patience"": 2, ""checkpoints"": [10, 20]}",Rdp209_copts_s8_20261003-055656_wc10
wc10,copts,rdp210,WC,8,60.0,3,939.3727,6939.3727,3,939.37268,6939.37268,0.0,TIE,9.98,31,9300,"{""stall_epochs"": 20, ""arc_rule"": ""safe"", ""nbr_compat"": true, ""restart_mode"": ""full"", ""rec_mode"": ""adaptive"", ""rec_patience"": 2, ""checkpoints"": [10, 20]}",Rdp210_copts_s8_20261003-055757_wc10
wc10,copts,rdp211,WC,8,60.0,2,898.1501,4898.1501,2,885.71139,4885.71139,0.2546,worse,27.18,22,6550,"{""stall_epochs"": 20, ""arc_rule"": ""safe"", ""nbr_compat"": true, ""restart_mode"": ""full"", ""rec_mode"": ""adaptive"", ""rec_patience"": 2, ""checkpoints"": [10, 20]}",Rdp211_copts_s8_20261003-055857_wc10
wc10,copts,rcdp101,WC,8,60.0,14,1708.2099,29708.2099,14,1708.209858,29708.209858,-0.0,TIE,43.25,153,45800,"{""stall_epochs"": 20, ""arc_rule"": ""safe"", ""nbr_compat"": true, ""restart_mode"": ""full"", ""rec_mode"": ""adaptive"", ""rec_patience"": 2, ""checkpoints"": [10, 20]}",RCdp101_copts_s8_20261003-055957_wc10
wc10,copts,rcdp102,WC,8,60.0,12,1570.2804,25570.2804,12,1570.280395,25570.280395,-0.0,TIE,21.18,82,24600,"{""stall_epochs"": 20, ""arc_rule"": ""safe"", ""nbr_compat"": true, ""restart_mode"": ""full"", ""rec_mode"": ""adaptive"", ""rec_patience"": 2, ""checkpoints"": [10, 20]}",RCdp102_copts_s8_20261003-060057_wc10
wc10,copts,rcdp103,WC,8,60.0,11,1282.5279,23282.5279,11,1282.527877,23282.527877,-0.0,TIE,6.16,59,17550,"{""stall_epochs"": 20, ""arc_rule"": ""safe"", ""nbr_compat"": true, ""restart_mode"": ""full"", ""rec_mode"": ""adaptive"", ""rec_patience"": 2, ""checkpoints"": [10, 20]}",RCdp103_copts_s8_20261003-060158_wc10
wc10,copts,rcdp104,WC,8,60.0,10,1171.3664,21171.3664,10,1171.366445,21171.366445,-0.0,TIE,3.58,50,14950,"{""stall_epochs"": 20, ""arc_rule"": ""safe"", ""nbr_compat"": true, ""restart_mode"": ""full"", ""rec_mode"": ""adaptive"", ""rec_patience"": 2, ""checkpoints"": [10, 20]}",RCdp104_copts_s8_20261003-060258_wc10
wc10,copts,rcdp105,WC,8,60.0,13,1632.2912,27632.2912,13,1632.291239,27632.291239,0.0,TIE,16.5,95,28500,"{""stall_epochs"": 20, ""arc_rule"": ""safe"", ""nbr_compat"": true, ""restart_mode"": ""full"", ""rec_mode"": ""adaptive"", ""rec_patience"": 2, ""checkpoints"": [10, 20]}",RCdp105_copts_s8_20261003-060358_wc10
wc10,copts,rcdp106,WC,8,60.0,12,1392.4719,25392.4719,12,1392.471942,25392.471942,0.0,TIE,2.61,93,27800,"{""stall_epochs"": 20, ""arc_rule"": ""safe"", ""nbr_compat"": true, ""restart_mode"": ""full"", ""rec_mode"": ""adaptive"", ""rec_patience"": 2, ""checkpoints"": [10, 20]}",RCdp106_copts_s8_20261003-060458_wc10
wc10,copts,rcdp107,WC,8,60.0,11,1252.7901,23252.7901,11,1252.790063,23252.790063,-0.0,TIE,14.76,57,17100,"{""stall_epochs"": 20, ""arc_rule"": ""safe"", ""nbr_compat"": true, ""restart_mode"": ""full"", ""rec_mode"": ""adaptive"", ""rec_patience"": 2, ""checkpoints"": [10, 20]}",RCdp107_copts_s8_20261003-060558_wc10
wc10,copts,rcdp108,WC,8,60.0,10,1177.9846,21177.9846,10,1177.984574,21177.984574,0.0,TIE,12.51,48,14350,"{""stall_epochs"": 20, ""arc_rule"": ""safe"", ""nbr_compat"": true, ""restart_mode"": ""full"", ""rec_mode"": ""adaptive"", ""rec_patience"": 2, ""checkpoints"": [10, 20]}",RCdp108_copts_s8_20261003-060658_wc10
wc10,copts,rcdp201,WC,8,60.0,4,1406.9401,9406.9401,4,1406.940088,9406.940088,-0.0,TIE,2.39,102,30400,"{""stall_epochs"": 20, ""arc_rule"": ""safe"", ""nbr_compat"": true, ""restart_mode"": ""full"", ""rec_mode"": ""adaptive"", ""rec_patience"": 2, ""checkpoints"": [10, 20]}",RCdp201_copts_s8_20261003-060758_wc10
wc10,copts,rcdp202,WC,8,60.0,3,1365.645,7365.645,3,1365.645031,7365.645031,0.0,TIE,5.44,44,13100,"{""stall_epochs"": 20, ""arc_rule"": ""safe"", ""nbr_compat"": true, ""restart_mode"": ""full"", ""rec_mode"": ""adaptive"", ""rec_patience"": 2, ""checkpoints"": [10, 20]}",RCdp202_copts_s8_20261003-060858_wc10
wc10,copts,rcdp203,WC,8,60.0,3,1049.6242,7049.6242,3,1049.624237,7049.624237,-0.0,TIE,16.49,30,8750,"{""stall_epochs"": 20, ""arc_rule"": ""safe"", ""nbr_compat"": true, ""restart_mode"": ""full"", ""rec_mode"": ""adaptive"", ""rec_patience"": 2, ""checkpoints"": [10, 20]}",RCdp203_copts_s8_20261003-060959_wc10
wc10,copts,rcdp204,WC,8,60.0,3,798.4636,6798.4636,3,798.463581,6798.463581,-0.0,TIE,11.78,26,7650,"{""stall_epochs"": 20, ""arc_rule"": ""safe"", ""nbr_compat"": true, ""restart_mode"": ""full"", ""rec_mode"": ""adaptive"", ""rec_patience"": 2, ""checkpoints"": [10, 20]}",RCdp204_copts_s8_20261003-061059_wc10
wc10,copts,rcdp205,WC,8,60.0,4,1297.6477,9297.6477,4,1297.647746,9297.647746,0.0,TIE,3.97,62,18400,"{""stall_epochs"": 20, ""arc_rule"": ""safe"", ""nbr_compat"": true, ""restart_mode"": ""full"", ""rec_mode"": ""adaptive"", ""rec_patience"": 2, ""checkpoints"": [10, 20]}",RCdp205_copts_s8_20261003-061159_wc10
wc10,copts,rcdp206,WC,8,60.0,3,1146.3172,7146.3172,3,1146.317229,7146.317229,0.0,TIE,7.02,51,15050,"{""stall_epochs"": 20, ""arc_rule"": ""safe"", ""nbr_compat"": true, ""restart_mode"": ""full"", ""rec_mode"": ""adaptive"", ""rec_patience"": 2, ""checkpoints"": [10, 20]}",RCdp206_copts_s8_20261003-061259_wc10
wc10,copts,rcdp207,WC,8,60.0,3,1061.1446,7061.1446,3,1061.144555,7061.144555,0.0,TIE,9.54,32,9450,"{""stall_epochs"": 20, ""arc_rule"": ""safe"", ""nbr_compat"": true, ""restart_mode"": ""full"", ""rec_mode"": ""adaptive"", ""rec_patience"": 2, ""checkpoints"": [10, 20]}",RCdp207_copts_s8_20261003-061359_wc10
wc10,copts,rcdp208,WC,8,60.0,3,828.1414,6828.1414,3,828.141442,6828.141442,0.0,TIE,46.16,24,7050,"{""stall_epochs"": 20, ""arc_rule"": ""safe"", ""nbr_compat"": true, ""restart_mode"": ""full"", ""rec_mode"": ""adaptive"", ""rec_patience"": 2, ""checkpoints"": [10, 20]}",RCdp208_copts_s8_20261003-061459_wc10
wc10,copts,rcdp0501,WC,9,10.0,3,220.1488,6220.1488,,,,,,0.0,633,189650,"{""stall_epochs"": 20, ""arc_rule"": ""safe"", ""nbr_compat"": true, ""restart_mode"": ""full"", ""rec_mode"": ""adaptive"", ""rec_patience"": 2}",RCdp0501_copts_s9_20261003-061510_wc10
wc10,copts,rcdp0504,WC,9,10.0,2,214.5727,4214.5727,,,,,,0.0,292,87550,"{""stall_epochs"": 20, ""arc_rule"": ""safe"", ""nbr_compat"": true, ""restart_mode"": ""full"", ""rec_mode"": ""adaptive"", ""rec_patience"": 2}",RCdp0504_copts_s9_20261003-061520_wc10
wc10,copts,rcdp0507,WC,9,10.0,2,211.8268,4211.8268,,,,,,0.03,311,93200,"{""stall_epochs"": 20, ""arc_rule"": ""safe"", ""nbr_compat"": true, ""restart_mode"": ""full"", ""rec_mode"": ""adaptive"", ""rec_patience"": 2}",RCdp0507_copts_s9_20261003-061531_wc10
wc10,copts,rcdp1001,WC,9,10.0,3,348.9824,6348.9824,3,348.982362,6348.982362,-0.0,TIE,0.02,359,107600,"{""stall_epochs"": 20, ""arc_rule"": ""safe"", ""nbr_compat"": true, ""restart_mode"": ""full"", ""rec_mode"": ""adaptive"", ""rec_patience"": 2}",RCdp1001_copts_s9_20261003-061541_wc10
wc10,copts,rcdp1004,WC,9,10.0,2,216.6868,4216.6868,2,216.686766,4216.686766,-0.0,TIE,0.08,120,35950,"{""stall_epochs"": 20, ""arc_rule"": ""safe"", ""nbr_compat"": true, ""restart_mode"": ""full"", ""rec_mode"": ""adaptive"", ""rec_patience"": 2}",RCdp1004_copts_s9_20261003-061551_wc10
wc10,copts,rcdp1007,WC,9,10.0,2,310.8066,4310.8066,2,310.806635,4310.806635,0.0,TIE,0.05,186,55650,"{""stall_epochs"": 20, ""arc_rule"": ""safe"", ""nbr_compat"": true, ""restart_mode"": ""full"", ""rec_mode"": ""adaptive"", ""rec_patience"": 2}",RCdp1007_copts_s9_20261003-061601_wc10
wc10,copts,rcdp2501,WC,9,10.0,5,551.0529,10551.0529,5,551.052879,10551.052879,-0.0,TIE,0.06,153,45700,"{""stall_epochs"": 20, ""arc_rule"": ""safe"", ""nbr_compat"": true, ""restart_mode"": ""full"", ""rec_mode"": ""adaptive"", ""rec_patience"": 2}",RCdp2501_copts_s9_20261003-061611_wc10
wc10,copts,rcdp2504,WC,9,10.0,4,473.4596,8473.4596,4,473.459628,8473.459628,-0.0,TIE,0.21,49,14650,"{""stall_epochs"": 20, ""arc_rule"": ""safe"", ""nbr_compat"": true, ""restart_mode"": ""full"", ""rec_mode"": ""adaptive"", ""rec_patience"": 2}",RCdp2504_copts_s9_20261003-061621_wc10
wc10,copts,rcdp2507,WC,9,10.0,5,540.8663,10540.8663,5,540.866272,10540.866272,0.0,TIE,0.16,59,17600,"{""stall_epochs"": 20, ""arc_rule"": ""safe"", ""nbr_compat"": true, ""restart_mode"": ""full"", ""rec_mode"": ""adaptive"", ""rec_patience"": 2}",RCdp2507_copts_s9_20261003-061631_wc10
wc10,copts,rcdp5001,WC,9,10.0,9,994.1825,18994.1825,9,994.182495,18994.182495,-0.0,TIE,0.14,65,19250,"{""stall_epochs"": 20, ""arc_rule"": ""safe"", ""nbr_compat"": true, ""restart_mode"": ""full"", ""rec_mode"": ""adaptive"", ""rec_patience"": 2}",RCdp5001_copts_s9_20261003-061641_wc10
wc10,copts,rcdp5004,WC,9,10.0,6,733.2099,12733.2099,6,733.209905,12733.209905,0.0,TIE,0.51,20,6000,"{""stall_epochs"": 20, ""arc_rule"": ""safe"", ""nbr_compat"": true, ""restart_mode"": ""full"", ""rec_mode"": ""adaptive"", ""rec_patience"": 2}",RCdp5004_copts_s9_20261003-061651_wc10
wc10,copts,rcdp5007,WC,9,10.0,7,809.7147,14809.7147,7,809.714685,14809.714685,-0.0,TIE,0.41,24,7200,"{""stall_epochs"": 20, ""arc_rule"": ""safe"", ""nbr_compat"": true, ""restart_mode"": ""full"", ""rec_mode"": ""adaptive"", ""rec_patience"": 2}",RCdp5007_copts_s9_20261003-061701_wc10
wc10,copts,cdp101,WC,9,60.0,11,976.0414,22976.0414,11,976.041384,22976.041384,0.0,TIE,0.29,214,64200,"{""stall_epochs"": 20, ""arc_rule"": ""safe"", ""nbr_compat"": true, ""restart_mode"": ""full"", ""rec_mode"": ""adaptive"", ""rec_patience"": 2, ""checkpoints"": [10, 20]}",Cdp101_copts_s9_20261003-061803_wc10
wc10,copts,cdp102,WC,9,60.0,10,941.485,20941.485,10,941.485039,20941.485039,0.0,TIE,1.32,90,26950,"{""stall_epochs"": 20, ""arc_rule"": ""safe"", ""nbr_compat"": true, ""restart_mode"": ""full"", ""rec_mode"": ""adaptive"", ""rec_patience"": 2, ""checkpoints"": [10, 20]}",Cdp102_copts_s9_20261003-061903_wc10
wc10,copts,cdp103,WC,9,60.0,10,892.9822,20892.9822,10,892.982246,20892.982246,-0.0,TIE,47.81,62,18500,"{""stall_epochs"": 20, ""arc_rule"": ""safe"", ""nbr_compat"": true, ""restart_mode"": ""full"", ""rec_mode"": ""adaptive"", ""rec_patience"": 2, ""checkpoints"": [10, 20]}",Cdp103_copts_s9_20261003-062003_wc10
wc10,copts,cdp104,WC,9,60.0,10,871.4032,20871.4032,10,871.403177,20871.403177,0.0,TIE,3.23,56,16800,"{""stall_epochs"": 20, ""arc_rule"": ""safe"", ""nbr_compat"": true, ""restart_mode"": ""full"", ""rec_mode"": ""adaptive"", ""rec_patience"": 2, ""checkpoints"": [10, 20]}",Cdp104_copts_s9_20261003-062104_wc10
wc10,copts,cdp105,WC,9,60.0,10,1053.1171,21053.1171,10,1053.117064,21053.117064,0.0,TIE,0.72,173,51750,"{""stall_epochs"": 20, ""arc_rule"": ""safe"", ""nbr_compat"": true, ""restart_mode"": ""full"", ""rec_mode"": ""adaptive"", ""rec_patience"": 2, ""checkpoints"": [10, 20]}",Cdp105_copts_s9_20261003-062204_wc10
wc10,copts,cdp106,WC,9,60.0,10,963.4525,20963.4525,10,963.452492,20963.452492,-0.0,TIE,8.75,159,47600,"{""stall_epochs"": 20, ""arc_rule"": ""safe"", ""nbr_compat"": true, ""restart_mode"": ""full"", ""rec_mode"": ""adaptive"", ""rec_patience"": 2, ""checkpoints"": [10, 20]}",Cdp106_copts_s9_20261003-062304_wc10
wc10,copts,cdp107,WC,9,60.0,10,987.6388,20987.6388,10,987.638782,20987.638782,-0.0,TIE,2.29,159,47650,"{""stall_epochs"": 20, ""arc_rule"": ""safe"", ""nbr_compat"": true, ""restart_mode"": ""full"", ""rec_mode"": ""adaptive"", ""rec_patience"": 2, ""checkpoints"": [10, 20]}",Cdp107_copts_s9_20261003-062404_wc10
wc10,copts,cdp108,WC,9,60.0,10,932.4947,20932.4947,10,932.494665,20932.494665,0.0,TIE,0.5,128,38150,"{""stall_epochs"": 20, ""arc_rule"": ""safe"", ""nbr_compat"": true, ""restart_mode"": ""full"", ""rec_mode"": ""adaptive"", ""rec_patience"": 2, ""checkpoints"": [10, 20]}",Cdp108_copts_s9_20261003-062504_wc10
wc10,copts,cdp109,WC,9,60.0,10,909.266,20909.266,10,909.26601,20909.26601,0.0,TIE,0.62,100,29800,"{""stall_epochs"": 20, ""arc_rule"": ""safe"", ""nbr_compat"": true, ""restart_mode"": ""full"", ""rec_mode"": ""adaptive"", ""rec_patience"": 2, ""checkpoints"": [10, 20]}",Cdp109_copts_s9_20261003-062604_wc10
wc10,copts,cdp201,WC,9,60.0,3,591.5566,6591.5566,3,591.556557,6591.556557,-0.0,TIE,5.86,232,69450,"{""stall_epochs"": 20, ""arc_rule"": ""safe"", ""nbr_compat"": true, ""restart_mode"": ""full"", ""rec_mode"": ""adaptive"", ""rec_patience"": 2, ""checkpoints"": [10, 20]}",Cdp201_copts_s9_20261003-062704_wc10
wc10,copts,cdp202,WC,9,60.0,3,591.5566,6591.5566,3,591.556557,6591.556557,-0.0,TIE,1.21,51,15100,"{""stall_epochs"": 20, ""arc_rule"": ""safe"", ""nbr_compat"": true, ""restart_mode"": ""full"", ""rec_mode"": ""adaptive"", ""rec_patience"": 2, ""checkpoints"": [10, 20]}",Cdp202_copts_s9_20261003-062804_wc10
wc10,copts,cdp203,WC,9,60.0,3,591.1734,6591.1734,3,591.173443,6591.173443,-0.0,TIE,1.73,35,10350,"{""stall_epochs"": 20, ""arc_rule"": ""safe"", ""nbr_compat"": true, ""restart_mode"": ""full"", ""rec_mode"": ""adaptive"", ""rec_patience"": 2, ""checkpoints"": [10, 20]}",Cdp203_copts_s9_20261003-062904_wc10
wc10,copts,cdp204,WC,9,60.0,3,590.5987,6590.5987,3,590.598746,6590.598746,-0.0,TIE,1.99,30,8750,"{""stall_epochs"": 20, ""arc_rule"": ""safe"", ""nbr_compat"": true, ""restart_mode"": ""full"", ""rec_mode"": ""adaptive"", ""rec_patience"": 2, ""checkpoints"": [10, 20]}",Cdp204_copts_s9_20261003-063004_wc10
wc10,copts,cdp205,WC,9,60.0,3,588.876,6588.876,3,588.875963,6588.875963,-0.0,TIE,0.47,133,39900,"{""stall_epochs"": 20, ""arc_rule"": ""safe"", ""nbr_compat"": true, ""restart_mode"": ""full"", ""rec_mode"": ""adaptive"", ""rec_patience"": 2, ""checkpoints"": [10, 20]}",Cdp205_copts_s9_20261003-063104_wc10
wc10,copts,cdp206,WC,9,60.0,3,588.4928,6588.4928,3,588.492849,6588.492849,-0.0,TIE,0.73,84,25200,"{""stall_epochs"": 20, ""arc_rule"": ""safe"", ""nbr_compat"": true, ""restart_mode"": ""full"", ""rec_mode"": ""adaptive"", ""rec_patience"": 2, ""checkpoints"": [10, 20]}",Cdp206_copts_s9_20261003-063204_wc10
wc10,copts,cdp207,WC,9,60.0,3,588.2863,6588.2863,3,588.286321,6588.286321,0.0,TIE,0.84,72,21550,"{""stall_epochs"": 20, ""arc_rule"": ""safe"", ""nbr_compat"": true, ""restart_mode"": ""full"", ""rec_mode"": ""adaptive"", ""rec_patience"": 2, ""checkpoints"": [10, 20]}",Cdp207_copts_s9_20261003-063305_wc10
wc10,copts,cdp208,WC,9,60.0,3,588.3238,6588.3238,3,588.323801,6588.323801,-0.0,TIE,0.9,69,20600,"{""stall_epochs"": 20, ""arc_rule"": ""safe"", ""nbr_compat"": true, ""restart_mode"": ""full"", ""rec_mode"": ""adaptive"", ""rec_patience"": 2, ""checkpoints"": [10, 20]}",Cdp208_copts_s9_20261003-063405_wc10
wc10,copts,rdp101,WC,9,60.0,19,1650.7992,39650.7992,19,1650.79924,39650.79924,-0.0,TIE,13.11,206,61800,"{""stall_epochs"": 20, ""arc_rule"": ""safe"", ""nbr_compat"": true, ""restart_mode"": ""full"", ""rec_mode"": ""adaptive"", ""rec_patience"": 2, ""checkpoints"": [10, 20]}",Rdp101_copts_s9_20261003-063505_wc10
wc10,copts,rdp102,WC,9,60.0,17,1486.1195,35486.1195,17,1486.119471,35486.119471,0.0,TIE,1.84,98,29200,"{""stall_epochs"": 20, ""arc_rule"": ""safe"", ""nbr_compat"": true, ""restart_mode"": ""full"", ""rec_mode"": ""adaptive"", ""rec_patience"": 2, ""checkpoints"": [10, 20]}",Rdp102_copts_s9_20261003-063605_wc10
wc10,copts,rdp103,WC,9,60.0,13,1294.6398,27294.6398,13,1294.639843,27294.639843,0.0,TIE,33.5,67,19900,"{""stall_epochs"": 20, ""arc_rule"": ""safe"", ""nbr_compat"": true, ""restart_mode"": ""full"", ""rec_mode"": ""adaptive"", ""rec_patience"": 2, ""checkpoints"": [10, 20]}",Rdp103_copts_s9_20261003-063705_wc10
wc10,copts,rdp104,WC,9,60.0,9,1017.2215,19017.2215,9,1026.417258,19026.417258,-0.0483,NEW_BEST,12.83,47,14000,"{""stall_epochs"": 20, ""arc_rule"": ""safe"", ""nbr_compat"": true, ""restart_mode"": ""full"", ""rec_mode"": ""adaptive"", ""rec_patience"": 2, ""checkpoints"": [10, 20]}",Rdp104_copts_s9_20261003-063805_wc10
wc10,copts,rdp105,WC,9,60.0,14,1377.111,29377.111,14,1377.111018,29377.111018,-0.0,TIE,36.29,143,42700,"{""stall_epochs"": 20, ""arc_rule"": ""safe"", ""nbr_compat"": true, ""restart_mode"": ""full"", ""rec_mode"": ""adaptive"", ""rec_patience"": 2, ""checkpoints"": [10, 20]}",Rdp105_copts_s9_20261003-063905_wc10
wc10,copts,rdp106,WC,9,60.0,12,1252.0307,25252.0307,12,1252.030746,25252.030746,-0.0,TIE,1.61,75,22400,"{""stall_epochs"": 20, ""arc_rule"": ""safe"", ""nbr_compat"": true, ""restart_mode"": ""full"", ""rec_mode"": ""adaptive"", ""rec_patience"": 2, ""checkpoints"": [10, 20]}",Rdp106_copts_s9_20261003-064005_wc10
wc10,copts,rdp107,WC,9,60.0,10,1112.5512,21112.5512,10,1112.551177,21112.551177,0.0,TIE,4.53,53,15700,"{""stall_epochs"": 20, ""arc_rule"": ""safe"", ""nbr_compat"": true, ""restart_mode"": ""full"", ""rec_mode"": ""adaptive"", ""rec_patience"": 2, ""checkpoints"": [10, 20]}",Rdp107_copts_s9_20261003-064105_wc10
wc10,copts,rdp108,WC,9,60.0,9,965.2179,18965.2179,9,965.217944,18965.217944,-0.0,TIE,5.46,43,12850,"{""stall_epochs"": 20, ""arc_rule"": ""safe"", ""nbr_compat"": true, ""restart_mode"": ""full"", ""rec_mode"": ""adaptive"", ""rec_patience"": 2, ""checkpoints"": [10, 20]}",Rdp108_copts_s9_20261003-064205_wc10
wc10,copts,rdp109,WC,9,60.0,11,1194.7341,23194.7341,11,1194.734098,23194.734098,-0.0,TIE,2.66,89,26550,"{""stall_epochs"": 20, ""arc_rule"": ""safe"", ""nbr_compat"": true, ""restart_mode"": ""full"", ""rec_mode"": ""adaptive"", ""rec_patience"": 2, ""checkpoints"": [10, 20]}",Rdp109_copts_s9_20261003-064306_wc10
wc10,copts,rdp110,WC,9,60.0,10,1121.457,21121.457,10,1121.456956,21121.456956,0.0,TIE,42.34,59,17450,"{""stall_epochs"": 20, ""arc_rule"": ""safe"", ""nbr_compat"": true, ""restart_mode"": ""full"", ""rec_mode"": ""adaptive"", ""rec_patience"": 2, ""checkpoints"": [10, 20]}",Rdp110_copts_s9_20261003-064406_wc10
wc10,copts,rdp111,WC,9,60.0,10,1098.8443,21098.8443,10,1098.844288,21098.844288,0.0,TIE,6.48,54,16100,"{""stall_epochs"": 20, ""arc_rule"": ""safe"", ""nbr_compat"": true, ""restart_mode"": ""full"", ""rec_mode"": ""adaptive"", ""rec_patience"": 2, ""checkpoints"": [10, 20]}",Rdp111_copts_s9_20261003-064506_wc10
wc10,copts,rdp112,WC,9,60.0,9,999.4422,18999.4422,9,997.264803,18997.264803,0.0115,worse,48.66,42,12600,"{""stall_epochs"": 20, ""arc_rule"": ""safe"", ""nbr_compat"": true, ""restart_mode"": ""full"", ""rec_mode"": ""adaptive"", ""rec_patience"": 2, ""checkpoints"": [10, 20]}",Rdp112_copts_s9_20261003-064606_wc10
wc10,copts,rdp201,WC,9,60.0,4,1252.3712,9252.3712,4,1252.371222,9252.371222,-0.0,TIE,3.1,94,28150,"{""stall_epochs"": 20, ""arc_rule"": ""safe"", ""nbr_compat"": true, ""restart_mode"": ""full"", ""rec_mode"": ""adaptive"", ""rec_patience"": 2, ""checkpoints"": [10, 20]}",Rdp201_copts_s9_20261003-064706_wc10
wc10,copts,rdp202,WC,9,60.0,3,1191.703,7191.703,3,1191.702969,7191.702969,-0.0,TIE,3.15,36,10550,"{""stall_epochs"": 20, ""arc_rule"": ""safe"", ""nbr_compat"": true, ""restart_mode"": ""full"", ""rec_mode"": ""adaptive"", ""rec_patience"": 2, ""checkpoints"": [10, 20]}",Rdp202_copts_s9_20261003-064806_wc10
wc10,copts,rdp203,WC,9,60.0,3,939.5033,6939.5033,3,939.50332,6939.50332,-0.0,TIE,51.39,29,8450,"{""stall_epochs"": 20, ""arc_rule"": ""safe"", ""nbr_compat"": true, ""restart_mode"": ""full"", ""rec_mode"": ""adaptive"", ""rec_patience"": 2, ""checkpoints"": [10, 20]}",Rdp203_copts_s9_20261003-064907_wc10
wc10,copts,rdp204,WC,9,60.0,2,825.5193,4825.5193,2,825.519293,4825.519293,0.0,TIE,19.63,22,6350,"{""stall_epochs"": 20, ""arc_rule"": ""safe"", ""nbr_compat"": true, ""restart_mode"": ""full"", ""rec_mode"": ""adaptive"", ""rec_patience"": 2, ""checkpoints"": [10, 20]}",Rdp204_copts_s9_20261003-065007_wc10
wc10,copts,rdp205,WC,9,60.0,3,994.4277,6994.4277,3,994.427657,6994.427657,-0.0,TIE,9.9,49,14700,"{""stall_epochs"": 20, ""arc_rule"": ""safe"", ""nbr_compat"": true, ""restart_mode"": ""full"", ""rec_mode"": ""adaptive"", ""rec_patience"": 2, ""checkpoints"": [10, 20]}",Rdp205_copts_s9_20261003-065107_wc10
wc10,copts,rdp206,WC,9,60.0,3,906.1421,6906.1421,3,906.142079,6906.142079,0.0,TIE,20.18,31,9050,"{""stall_epochs"": 20, ""arc_rule"": ""safe"", ""nbr_compat"": true, ""restart_mode"": ""full"", ""rec_mode"": ""adaptive"", ""rec_patience"": 2, ""checkpoints"": [10, 20]}",Rdp206_copts_s9_20261003-065207_wc10
wc10,copts,rdp207,WC,9,60.0,2,890.6083,4890.6083,2,890.608295,4890.608295,0.0,TIE,12.36,24,7000,"{""stall_epochs"": 20, ""arc_rule"": ""safe"", ""nbr_compat"": true, ""restart_mode"": ""full"", ""rec_mode"": ""adaptive"", ""rec_patience"": 2, ""checkpoints"": [10, 20]}",Rdp207_copts_s9_20261003-065307_wc10
wc10,copts,rdp208,WC,9,60.0,2,726.8228,4726.8228,2,726.822786,4726.822786,-0.0,TIE,9.28,20,5750,"{""stall_epochs"": 20, ""arc_rule"": ""safe"", ""nbr_compat"": true, ""restart_mode"": ""full"", ""rec_mode"": ""adaptive"", ""rec_patience"": 2, ""checkpoints"": [10, 20]}",Rdp208_copts_s9_20261003-065408_wc10
wc10,copts,rdp209,WC,9,60.0,3,909.6566,6909.6566,3,909.163356,6909.163356,0.0071,worse,16.48,33,9850,"{""stall_epochs"": 20, ""arc_rule"": ""safe"", ""nbr_compat"": true, ""restart_mode"": ""full"", ""rec_mode"": ""adaptive"", ""rec_patience"": 2, ""checkpoints"": [10, 20]}",Rdp209_copts_s9_20261003-065508_wc10
wc10,copts,rdp210,WC,9,60.0,3,939.3727,6939.3727,3,939.37268,6939.37268,0.0,TIE,5.97,31,9250,"{""stall_epochs"": 20, ""arc_rule"": ""safe"", ""nbr_compat"": true, ""restart_mode"": ""full"", ""rec_mode"": ""adaptive"", ""rec_patience"": 2, ""checkpoints"": [10, 20]}",Rdp210_copts_s9_20261003-065608_wc10
wc10,copts,rdp211,WC,9,60.0,2,898.1501,4898.1501,2,885.71139,4885.71139,0.2546,worse,40.5,23,6700,"{""stall_epochs"": 20, ""arc_rule"": ""safe"", ""nbr_compat"": true, ""restart_mode"": ""full"", ""rec_mode"": ""adaptive"", ""rec_patience"": 2, ""checkpoints"": [10, 20]}",Rdp211_copts_s9_20261003-065708_wc10
wc10,copts,rcdp101,WC,9,60.0,14,1708.2099,29708.2099,14,1708.209858,29708.209858,-0.0,TIE,53.01,154,46200,"{""stall_epochs"": 20, ""arc_rule"": ""safe"", ""nbr_compat"": true, ""restart_mode"": ""full"", ""rec_mode"": ""adaptive"", ""rec_patience"": 2, ""checkpoints"": [10, 20]}",RCdp101_copts_s9_20261003-065808_wc10
wc10,copts,rcdp102,WC,9,60.0,12,1570.2804,25570.2804,12,1570.280395,25570.280395,-0.0,TIE,38.56,83,24750,"{""stall_epochs"": 20, ""arc_rule"": ""safe"", ""nbr_compat"": true, ""restart_mode"": ""full"", ""rec_mode"": ""adaptive"", ""rec_patience"": 2, ""checkpoints"": [10, 20]}",RCdp102_copts_s9_20261003-065908_wc10
wc10,copts,rcdp103,WC,9,60.0,11,1282.5279,23282.5279,11,1282.527877,23282.527877,-0.0,TIE,5.11,59,17550,"{""stall_epochs"": 20, ""arc_rule"": ""safe"", ""nbr_compat"": true, ""restart_mode"": ""full"", ""rec_mode"": ""adaptive"", ""rec_patience"": 2, ""checkpoints"": [10, 20]}",RCdp103_copts_s9_20261003-070008_wc10
wc10,copts,rcdp104,WC,9,60.0,10,1171.3664,21171.3664,10,1171.366445,21171.366445,-0.0,TIE,7.17,50,14950,"{""stall_epochs"": 20, ""arc_rule"": ""safe"", ""nbr_compat"": true, ""restart_mode"": ""full"", ""rec_mode"": ""adaptive"", ""rec_patience"": 2, ""checkpoints"": [10, 20]}",RCdp104_copts_s9_20261003-070108_wc10
wc10,copts,rcdp105,WC,9,60.0,13,1632.2912,27632.2912,13,1632.291239,27632.291239,0.0,TIE,10.16,96,28650,"{""stall_epochs"": 20, ""arc_rule"": ""safe"", ""nbr_compat"": true, ""restart_mode"": ""full"", ""rec_mode"": ""adaptive"", ""rec_patience"": 2, ""checkpoints"": [10, 20]}",RCdp105_copts_s9_20261003-070208_wc10
wc10,copts,rcdp106,WC,9,60.0,12,1392.4719,25392.4719,12,1392.471942,25392.471942,0.0,TIE,2.59,93,27900,"{""stall_epochs"": 20, ""arc_rule"": ""safe"", ""nbr_compat"": true, ""restart_mode"": ""full"", ""rec_mode"": ""adaptive"", ""rec_patience"": 2, ""checkpoints"": [10, 20]}",RCdp106_copts_s9_20261003-070308_wc10
wc10,copts,rcdp107,WC,9,60.0,11,1255.0629,23255.0629,11,1252.790063,23252.790063,0.0098,worse,12.71,57,17100,"{""stall_epochs"": 20, ""arc_rule"": ""safe"", ""nbr_compat"": true, ""restart_mode"": ""full"", ""rec_mode"": ""adaptive"", ""rec_patience"": 2, ""checkpoints"": [10, 20]}",RCdp107_copts_s9_20261003-070409_wc10
wc10,copts,rcdp108,WC,9,60.0,10,1177.9846,21177.9846,10,1177.984574,21177.984574,0.0,TIE,12.41,48,14400,"{""stall_epochs"": 20, ""arc_rule"": ""safe"", ""nbr_compat"": true, ""restart_mode"": ""full"", ""rec_mode"": ""adaptive"", ""rec_patience"": 2, ""checkpoints"": [10, 20]}",RCdp108_copts_s9_20261003-070509_wc10
wc10,copts,rcdp201,WC,9,60.0,4,1406.9401,9406.9401,4,1406.940088,9406.940088,-0.0,TIE,29.6,102,30350,"{""stall_epochs"": 20, ""arc_rule"": ""safe"", ""nbr_compat"": true, ""restart_mode"": ""full"", ""rec_mode"": ""adaptive"", ""rec_patience"": 2, ""checkpoints"": [10, 20]}",RCdp201_copts_s9_20261003-070609_wc10
wc10,copts,rcdp202,WC,9,60.0,3,1365.645,7365.645,3,1365.645031,7365.645031,0.0,TIE,6.81,44,13100,"{""stall_epochs"": 20, ""arc_rule"": ""safe"", ""nbr_compat"": true, ""restart_mode"": ""full"", ""rec_mode"": ""adaptive"", ""rec_patience"": 2, ""checkpoints"": [10, 20]}",RCdp202_copts_s9_20261003-070709_wc10
wc10,copts,rcdp203,WC,9,60.0,3,1049.6242,7049.6242,3,1049.624237,7049.624237,-0.0,TIE,49.26,30,8800,"{""stall_epochs"": 20, ""arc_rule"": ""safe"", ""nbr_compat"": true, ""restart_mode"": ""full"", ""rec_mode"": ""adaptive"", ""rec_patience"": 2, ""checkpoints"": [10, 20]}",RCdp203_copts_s9_20261003-070809_wc10
wc10,copts,rcdp204,WC,9,60.0,3,798.4636,6798.4636,3,798.463581,6798.463581,-0.0,TIE,14.11,26,7700,"{""stall_epochs"": 20, ""arc_rule"": ""safe"", ""nbr_compat"": true, ""restart_mode"": ""full"", ""rec_mode"": ""adaptive"", ""rec_patience"": 2, ""checkpoints"": [10, 20]}",RCdp204_copts_s9_20261003-070909_wc10
wc10,copts,rcdp205,WC,9,60.0,4,1297.6477,9297.6477,4,1297.647746,9297.647746,0.0,TIE,2.99,62,18400,"{""stall_epochs"": 20, ""arc_rule"": ""safe"", ""nbr_compat"": true, ""restart_mode"": ""full"", ""rec_mode"": ""adaptive"", ""rec_patience"": 2, ""checkpoints"": [10, 20]}",RCdp205_copts_s9_20261003-071009_wc10
wc10,copts,rcdp206,WC,9,60.0,3,1146.3172,7146.3172,3,1146.317229,7146.317229,0.0,TIE,10.75,51,15050,"{""stall_epochs"": 20, ""arc_rule"": ""safe"", ""nbr_compat"": true, ""restart_mode"": ""full"", ""rec_mode"": ""adaptive"", ""rec_patience"": 2, ""checkpoints"": [10, 20]}",RCdp206_copts_s9_20261003-071109_wc10
wc10,copts,rcdp207,WC,9,60.0,3,1061.1446,7061.1446,3,1061.144555,7061.144555,0.0,TIE,15.27,32,9450,"{""stall_epochs"": 20, ""arc_rule"": ""safe"", ""nbr_compat"": true, ""restart_mode"": ""full"", ""rec_mode"": ""adaptive"", ""rec_patience"": 2, ""checkpoints"": [10, 20]}",RCdp207_copts_s9_20261003-071210_wc10
wc10,copts,rcdp208,WC,9,60.0,3,828.1414,6828.1414,3,828.141442,6828.141442,0.0,TIE,51.23,24,7050,"{""stall_epochs"": 20, ""arc_rule"": ""safe"", ""nbr_compat"": true, ""restart_mode"": ""full"", ""rec_mode"": ""adaptive"", ""rec_patience"": 2, ""checkpoints"": [10, 20]}",RCdp208_copts_s9_20261003-071310_wc10
wc10,copts,rcdp0501,WC,10,10.0,3,220.1488,6220.1488,,,,,,0.0,638,191150,"{""stall_epochs"": 20, ""arc_rule"": ""safe"", ""nbr_compat"": true, ""restart_mode"": ""full"", ""rec_mode"": ""adaptive"", ""rec_patience"": 2}",RCdp0501_copts_s10_20261003-071321_wc10
wc10,copts,rcdp0504,WC,10,10.0,2,214.5727,4214.5727,,,,,,0.0,294,87950,"{""stall_epochs"": 20, ""arc_rule"": ""safe"", ""nbr_compat"": true, ""restart_mode"": ""full"", ""rec_mode"": ""adaptive"", ""rec_patience"": 2}",RCdp0504_copts_s10_20261003-071331_wc10
wc10,copts,rcdp0507,WC,10,10.0,2,211.8268,4211.8268,,,,,,0.03,311,93100,"{""stall_epochs"": 20, ""arc_rule"": ""safe"", ""nbr_compat"": true, ""restart_mode"": ""full"", ""rec_mode"": ""adaptive"", ""rec_patience"": 2}",RCdp0507_copts_s10_20261003-071341_wc10
wc10,copts,rcdp1001,WC,10,10.0,3,348.9824,6348.9824,3,348.982362,6348.982362,-0.0,TIE,0.02,401,120050,"{""stall_epochs"": 20, ""arc_rule"": ""safe"", ""nbr_compat"": true, ""restart_mode"": ""full"", ""rec_mode"": ""adaptive"", ""rec_patience"": 2}",RCdp1001_copts_s10_20261003-071351_wc10
wc10,copts,rcdp1004,WC,10,10.0,2,216.6868,4216.6868,2,216.686766,4216.686766,-0.0,TIE,0.09,122,36400,"{""stall_epochs"": 20, ""arc_rule"": ""safe"", ""nbr_compat"": true, ""restart_mode"": ""full"", ""rec_mode"": ""adaptive"", ""rec_patience"": 2}",RCdp1004_copts_s10_20261003-071401_wc10
wc10,copts,rcdp1007,WC,10,10.0,2,310.8066,4310.8066,2,310.806635,4310.806635,0.0,TIE,0.05,186,55700,"{""stall_epochs"": 20, ""arc_rule"": ""safe"", ""nbr_compat"": true, ""restart_mode"": ""full"", ""rec_mode"": ""adaptive"", ""rec_patience"": 2}",RCdp1007_copts_s10_20261003-071411_wc10
wc10,copts,rcdp2501,WC,10,10.0,5,551.0529,10551.0529,5,551.052879,10551.052879,-0.0,TIE,0.06,154,45950,"{""stall_epochs"": 20, ""arc_rule"": ""safe"", ""nbr_compat"": true, ""restart_mode"": ""full"", ""rec_mode"": ""adaptive"", ""rec_patience"": 2}",RCdp2501_copts_s10_20261003-071421_wc10
wc10,copts,rcdp2504,WC,10,10.0,4,473.4596,8473.4596,4,473.459628,8473.459628,-0.0,TIE,0.22,49,14600,"{""stall_epochs"": 20, ""arc_rule"": ""safe"", ""nbr_compat"": true, ""restart_mode"": ""full"", ""rec_mode"": ""adaptive"", ""rec_patience"": 2}",RCdp2504_copts_s10_20261003-071431_wc10
wc10,copts,rcdp2507,WC,10,10.0,5,540.8663,10540.8663,5,540.866272,10540.866272,0.0,TIE,0.16,59,17700,"{""stall_epochs"": 20, ""arc_rule"": ""safe"", ""nbr_compat"": true, ""restart_mode"": ""full"", ""rec_mode"": ""adaptive"", ""rec_patience"": 2}",RCdp2507_copts_s10_20261003-071441_wc10
wc10,copts,rcdp5001,WC,10,10.0,9,994.1825,18994.1825,9,994.182495,18994.182495,-0.0,TIE,0.14,64,19000,"{""stall_epochs"": 20, ""arc_rule"": ""safe"", ""nbr_compat"": true, ""restart_mode"": ""full"", ""rec_mode"": ""adaptive"", ""rec_patience"": 2}",RCdp5001_copts_s10_20261003-071451_wc10
wc10,copts,rcdp5004,WC,10,10.0,6,733.2099,12733.2099,6,733.209905,12733.209905,0.0,TIE,0.51,20,5950,"{""stall_epochs"": 20, ""arc_rule"": ""safe"", ""nbr_compat"": true, ""restart_mode"": ""full"", ""rec_mode"": ""adaptive"", ""rec_patience"": 2}",RCdp5004_copts_s10_20261003-071501_wc10
wc10,copts,rcdp5007,WC,10,10.0,7,809.7147,14809.7147,7,809.714685,14809.714685,-0.0,TIE,0.42,25,7250,"{""stall_epochs"": 20, ""arc_rule"": ""safe"", ""nbr_compat"": true, ""restart_mode"": ""full"", ""rec_mode"": ""adaptive"", ""rec_patience"": 2}",RCdp5007_copts_s10_20261003-071511_wc10
wc10,copts,cdp101,WC,10,60.0,11,976.0414,22976.0414,11,976.041384,22976.041384,0.0,TIE,6.11,214,64050,"{""stall_epochs"": 20, ""arc_rule"": ""safe"", ""nbr_compat"": true, ""restart_mode"": ""full"", ""rec_mode"": ""adaptive"", ""rec_patience"": 2, ""checkpoints"": [10, 20]}",Cdp101_copts_s10_20261003-071614_wc10
wc10,copts,cdp102,WC,10,60.0,10,941.485,20941.485,10,941.485039,20941.485039,0.0,TIE,15.29,91,27100,"{""stall_epochs"": 20, ""arc_rule"": ""safe"", ""nbr_compat"": true, ""restart_mode"": ""full"", ""rec_mode"": ""adaptive"", ""rec_patience"": 2, ""checkpoints"": [10, 20]}",Cdp102_copts_s10_20261003-071714_wc10
wc10,copts,cdp103,WC,10,60.0,10,892.9822,20892.9822,10,892.982246,20892.982246,-0.0,TIE,2.91,62,18400,"{""stall_epochs"": 20, ""arc_rule"": ""safe"", ""nbr_compat"": true, ""restart_mode"": ""full"", ""rec_mode"": ""adaptive"", ""rec_patience"": 2, ""checkpoints"": [10, 20]}",Cdp103_copts_s10_20261003-071814_wc10
wc10,copts,cdp104,WC,10,60.0,10,871.4032,20871.4032,10,871.403177,20871.403177,0.0,TIE,2.1,56,16750,"{""stall_epochs"": 20, ""arc_rule"": ""safe"", ""nbr_compat"": true, ""restart_mode"": ""full"", ""rec_mode"": ""adaptive"", ""rec_patience"": 2, ""checkpoints"": [10, 20]}",Cdp104_copts_s10_20261003-071914_wc10
wc10,copts,cdp105,WC,10,60.0,10,1053.1171,21053.1171,10,1053.117064,21053.117064,0.0,TIE,16.0,173,51650,"{""stall_epochs"": 20, ""arc_rule"": ""safe"", ""nbr_compat"": true, ""restart_mode"": ""full"", ""rec_mode"": ""adaptive"", ""rec_patience"": 2, ""checkpoints"": [10, 20]}",Cdp105_copts_s10_20261003-072014_wc10
wc10,copts,cdp106,WC,10,60.0,10,963.4525,20963.4525,10,963.452492,20963.452492,-0.0,TIE,9.18,159,47550,"{""stall_epochs"": 20, ""arc_rule"": ""safe"", ""nbr_compat"": true, ""restart_mode"": ""full"", ""rec_mode"": ""adaptive"", ""rec_patience"": 2, ""checkpoints"": [10, 20]}",Cdp106_copts_s10_20261003-072114_wc10
wc10,copts,cdp107,WC,10,60.0,10,987.6388,20987.6388,10,987.638782,20987.638782,-0.0,TIE,0.78,160,47750,"{""stall_epochs"": 20, ""arc_rule"": ""safe"", ""nbr_compat"": true, ""restart_mode"": ""full"", ""rec_mode"": ""adaptive"", ""rec_patience"": 2, ""checkpoints"": [10, 20]}",Cdp107_copts_s10_20261003-072214_wc10
wc10,copts,cdp108,WC,10,60.0,10,932.4947,20932.4947,10,932.494665,20932.494665,0.0,TIE,10.4,127,38100,"{""stall_epochs"": 20, ""arc_rule"": ""safe"", ""nbr_compat"": true, ""restart_mode"": ""full"", ""rec_mode"": ""adaptive"", ""rec_patience"": 2, ""checkpoints"": [10, 20]}",Cdp108_copts_s10_20261003-072314_wc10
wc10,copts,cdp109,WC,10,60.0,10,909.266,20909.266,10,909.26601,20909.26601,0.0,TIE,13.83,100,29900,"{""stall_epochs"": 20, ""arc_rule"": ""safe"", ""nbr_compat"": true, ""restart_mode"": ""full"", ""rec_mode"": ""adaptive"", ""rec_patience"": 2, ""checkpoints"": [10, 20]}",Cdp109_copts_s10_20261003-072414_wc10
wc10,copts,cdp201,WC,10,60.0,3,591.5566,6591.5566,3,591.556557,6591.556557,-0.0,TIE,0.27,232,69350,"{""stall_epochs"": 20, ""arc_rule"": ""safe"", ""nbr_compat"": true, ""restart_mode"": ""full"", ""rec_mode"": ""adaptive"", ""rec_patience"": 2, ""checkpoints"": [10, 20]}",Cdp201_copts_s10_20261003-072514_wc10
wc10,copts,cdp202,WC,10,60.0,3,591.5566,6591.5566,3,591.556557,6591.556557,-0.0,TIE,1.22,51,15100,"{""stall_epochs"": 20, ""arc_rule"": ""safe"", ""nbr_compat"": true, ""restart_mode"": ""full"", ""rec_mode"": ""adaptive"", ""rec_patience"": 2, ""checkpoints"": [10, 20]}",Cdp202_copts_s10_20261003-072614_wc10
wc10,copts,cdp203,WC,10,60.0,3,591.1734,6591.1734,3,591.173443,6591.173443,-0.0,TIE,1.72,35,10350,"{""stall_epochs"": 20, ""arc_rule"": ""safe"", ""nbr_compat"": true, ""restart_mode"": ""full"", ""rec_mode"": ""adaptive"", ""rec_patience"": 2, ""checkpoints"": [10, 20]}",Cdp203_copts_s10_20261003-072715_wc10
wc10,copts,cdp204,WC,10,60.0,3,590.5987,6590.5987,3,590.598746,6590.598746,-0.0,TIE,1.98,30,8750,"{""stall_epochs"": 20, ""arc_rule"": ""safe"", ""nbr_compat"": true, ""restart_mode"": ""full"", ""rec_mode"": ""adaptive"", ""rec_patience"": 2, ""checkpoints"": [10, 20]}",Cdp204_copts_s10_20261003-072815_wc10
wc10,copts,cdp205,WC,10,60.0,3,588.876,6588.876,3,588.875963,6588.875963,-0.0,TIE,0.49,133,39900,"{""stall_epochs"": 20, ""arc_rule"": ""safe"", ""nbr_compat"": true, ""restart_mode"": ""full"", ""rec_mode"": ""adaptive"", ""rec_patience"": 2, ""checkpoints"": [10, 20]}",Cdp205_copts_s10_20261003-072915_wc10
wc10,copts,cdp206,WC,10,60.0,3,588.4928,6588.4928,3,588.492849,6588.492849,-0.0,TIE,0.73,85,25350,"{""stall_epochs"": 20, ""arc_rule"": ""safe"", ""nbr_compat"": true, ""restart_mode"": ""full"", ""rec_mode"": ""adaptive"", ""rec_patience"": 2, ""checkpoints"": [10, 20]}",Cdp206_copts_s10_20261003-073015_wc10
wc10,copts,cdp207,WC,10,60.0,3,588.2863,6588.2863,3,588.286321,6588.286321,0.0,TIE,0.85,72,21500,"{""stall_epochs"": 20, ""arc_rule"": ""safe"", ""nbr_compat"": true, ""restart_mode"": ""full"", ""rec_mode"": ""adaptive"", ""rec_patience"": 2, ""checkpoints"": [10, 20]}",Cdp207_copts_s10_20261003-073115_wc10
wc10,copts,cdp208,WC,10,60.0,3,588.3238,6588.3238,3,588.323801,6588.323801,-0.0,TIE,0.91,69,20600,"{""stall_epochs"": 20, ""arc_rule"": ""safe"", ""nbr_compat"": true, ""restart_mode"": ""full"", ""rec_mode"": ""adaptive"", ""rec_patience"": 2, ""checkpoints"": [10, 20]}",Cdp208_copts_s10_20261003-073215_wc10
wc10,copts,rdp101,WC,10,60.0,19,1650.7992,39650.7992,19,1650.79924,39650.79924,-0.0,TIE,0.58,208,62150,"{""stall_epochs"": 20, ""arc_rule"": ""safe"", ""nbr_compat"": true, ""restart_mode"": ""full"", ""rec_mode"": ""adaptive"", ""rec_patience"": 2, ""checkpoints"": [10, 20]}",Rdp101_copts_s10_20261003-073315_wc10
wc10,copts,rdp102,WC,10,60.0,17,1486.1195,35486.1195,17,1486.119471,35486.119471,0.0,TIE,1.87,98,29200,"{""stall_epochs"": 20, ""arc_rule"": ""safe"", ""nbr_compat"": true, ""restart_mode"": ""full"", ""rec_mode"": ""adaptive"", ""rec_patience"": 2, ""checkpoints"": [10, 20]}",Rdp102_copts_s10_20261003-073415_wc10
wc10,copts,rdp103,WC,10,60.0,13,1294.6398,27294.6398,13,1294.639843,27294.639843,0.0,TIE,5.47,67,19900,"{""stall_epochs"": 20, ""arc_rule"": ""safe"", ""nbr_compat"": true, ""restart_mode"": ""full"", ""rec_mode"": ""adaptive"", ""rec_patience"": 2, ""checkpoints"": [10, 20]}",Rdp103_copts_s10_20261003-073516_wc10
wc10,copts,rdp104,WC,10,60.0,9,1017.2215,19017.2215,9,1026.417258,19026.417258,-0.0483,NEW_BEST,5.12,47,14000,"{""stall_epochs"": 20, ""arc_rule"": ""safe"", ""nbr_compat"": true, ""restart_mode"": ""full"", ""rec_mode"": ""adaptive"", ""rec_patience"": 2, ""checkpoints"": [10, 20]}",Rdp104_copts_s10_20261003-073616_wc10
wc10,copts,rdp105,WC,10,60.0,14,1377.111,29377.111,14,1377.111018,29377.111018,-0.0,TIE,45.0,143,42750,"{""stall_epochs"": 20, ""arc_rule"": ""safe"", ""nbr_compat"": true, ""restart_mode"": ""full"", ""rec_mode"": ""adaptive"", ""rec_patience"": 2, ""checkpoints"": [10, 20]}",Rdp105_copts_s10_20261003-073716_wc10
wc10,copts,rdp106,WC,10,60.0,12,1252.0307,25252.0307,12,1252.030746,25252.030746,-0.0,TIE,2.43,75,22450,"{""stall_epochs"": 20, ""arc_rule"": ""safe"", ""nbr_compat"": true, ""restart_mode"": ""full"", ""rec_mode"": ""adaptive"", ""rec_patience"": 2, ""checkpoints"": [10, 20]}",Rdp106_copts_s10_20261003-073816_wc10
wc10,copts,rdp107,WC,10,60.0,10,1112.5512,21112.5512,10,1112.551177,21112.551177,0.0,TIE,6.85,53,15750,"{""stall_epochs"": 20, ""arc_rule"": ""safe"", ""nbr_compat"": true, ""restart_mode"": ""full"", ""rec_mode"": ""adaptive"", ""rec_patience"": 2, ""checkpoints"": [10, 20]}",Rdp107_copts_s10_20261003-073916_wc10
wc10,copts,rdp108,WC,10,60.0,9,965.2179,18965.2179,9,965.217944,18965.217944,-0.0,TIE,8.27,43,12850,"{""stall_epochs"": 20, ""arc_rule"": ""safe"", ""nbr_compat"": true, ""restart_mode"": ""full"", ""rec_mode"": ""adaptive"", ""rec_patience"": 2, ""checkpoints"": [10, 20]}",Rdp108_copts_s10_20261003-074016_wc10
wc10,copts,rdp109,WC,10,60.0,11,1194.7341,23194.7341,11,1194.734098,23194.734098,-0.0,TIE,4.04,89,26550,"{""stall_epochs"": 20, ""arc_rule"": ""safe"", ""nbr_compat"": true, ""restart_mode"": ""full"", ""rec_mode"": ""adaptive"", ""rec_patience"": 2, ""checkpoints"": [10, 20]}",Rdp109_copts_s10_20261003-074116_wc10
wc10,copts,rdp110,WC,10,60.0,10,1121.457,21121.457,10,1121.456956,21121.456956,0.0,TIE,53.53,59,17500,"{""stall_epochs"": 20, ""arc_rule"": ""safe"", ""nbr_compat"": true, ""restart_mode"": ""full"", ""rec_mode"": ""adaptive"", ""rec_patience"": 2, ""checkpoints"": [10, 20]}",Rdp110_copts_s10_20261003-074216_wc10
wc10,copts,rdp111,WC,10,60.0,10,1098.8443,21098.8443,10,1098.844288,21098.844288,0.0,TIE,8.69,54,16150,"{""stall_epochs"": 20, ""arc_rule"": ""safe"", ""nbr_compat"": true, ""restart_mode"": ""full"", ""rec_mode"": ""adaptive"", ""rec_patience"": 2, ""checkpoints"": [10, 20]}",Rdp111_copts_s10_20261003-074316_wc10
wc10,copts,rdp112,WC,10,60.0,9,999.435,18999.435,9,997.264803,18997.264803,0.0114,worse,18.64,42,12550,"{""stall_epochs"": 20, ""arc_rule"": ""safe"", ""nbr_compat"": true, ""restart_mode"": ""full"", ""rec_mode"": ""adaptive"", ""rec_patience"": 2, ""checkpoints"": [10, 20]}",Rdp112_copts_s10_20261003-074416_wc10
wc10,copts,rdp201,WC,10,60.0,4,1252.3712,9252.3712,4,1252.371222,9252.371222,-0.0,TIE,2.5,94,28100,"{""stall_epochs"": 20, ""arc_rule"": ""safe"", ""nbr_compat"": true, ""restart_mode"": ""full"", ""rec_mode"": ""adaptive"", ""rec_patience"": 2, ""checkpoints"": [10, 20]}",Rdp201_copts_s10_20261003-074517_wc10
wc10,copts,rdp202,WC,10,60.0,3,1191.703,7191.703,3,1191.702969,7191.702969,-0.0,TIE,4.82,35,10500,"{""stall_epochs"": 20, ""arc_rule"": ""safe"", ""nbr_compat"": true, ""restart_mode"": ""full"", ""rec_mode"": ""adaptive"", ""rec_patience"": 2, ""checkpoints"": [10, 20]}",Rdp202_copts_s10_20261003-074617_wc10
wc10,copts,rdp203,WC,10,60.0,3,939.5033,6939.5033,3,939.50332,6939.50332,-0.0,TIE,23.68,28,8350,"{""stall_epochs"": 20, ""arc_rule"": ""safe"", ""nbr_compat"": true, ""restart_mode"": ""full"", ""rec_mode"": ""adaptive"", ""rec_patience"": 2, ""checkpoints"": [10, 20]}",Rdp203_copts_s10_20261003-074717_wc10
wc10,copts,rdp204,WC,10,60.0,2,825.5193,4825.5193,2,825.519293,4825.519293,0.0,TIE,16.93,21,6300,"{""stall_epochs"": 20, ""arc_rule"": ""safe"", ""nbr_compat"": true, ""restart_mode"": ""full"", ""rec_mode"": ""adaptive"", ""rec_patience"": 2, ""checkpoints"": [10, 20]}",Rdp204_copts_s10_20261003-074817_wc10
wc10,copts,rdp205,WC,10,60.0,3,994.4277,6994.4277,3,994.427657,6994.427657,-0.0,TIE,9.77,49,14650,"{""stall_epochs"": 20, ""arc_rule"": ""safe"", ""nbr_compat"": true, ""restart_mode"": ""full"", ""rec_mode"": ""adaptive"", ""rec_patience"": 2, ""checkpoints"": [10, 20]}",Rdp205_copts_s10_20261003-074917_wc10
wc10,copts,rdp206,WC,10,60.0,3,906.1421,6906.1421,3,906.142079,6906.142079,0.0,TIE,14.35,30,9000,"{""stall_epochs"": 20, ""arc_rule"": ""safe"", ""nbr_compat"": true, ""restart_mode"": ""full"", ""rec_mode"": ""adaptive"", ""rec_patience"": 2, ""checkpoints"": [10, 20]}",Rdp206_copts_s10_20261003-075018_wc10
wc10,copts,rdp207,WC,10,60.0,2,890.6083,4890.6083,2,890.608295,4890.608295,0.0,TIE,12.43,24,7000,"{""stall_epochs"": 20, ""arc_rule"": ""safe"", ""nbr_compat"": true, ""restart_mode"": ""full"", ""rec_mode"": ""adaptive"", ""rec_patience"": 2, ""checkpoints"": [10, 20]}",Rdp207_copts_s10_20261003-075118_wc10
wc10,copts,rdp208,WC,10,60.0,2,726.8228,4726.8228,2,726.822786,4726.822786,-0.0,TIE,15.67,20,5750,"{""stall_epochs"": 20, ""arc_rule"": ""safe"", ""nbr_compat"": true, ""restart_mode"": ""full"", ""rec_mode"": ""adaptive"", ""rec_patience"": 2, ""checkpoints"": [10, 20]}",Rdp208_copts_s10_20261003-075218_wc10
wc10,copts,rdp209,WC,10,60.0,3,909.1634,6909.1634,3,909.163356,6909.163356,0.0,TIE,23.62,34,10000,"{""stall_epochs"": 20, ""arc_rule"": ""safe"", ""nbr_compat"": true, ""restart_mode"": ""full"", ""rec_mode"": ""adaptive"", ""rec_patience"": 2, ""checkpoints"": [10, 20]}",Rdp209_copts_s10_20261003-075318_wc10
wc10,copts,rdp210,WC,10,60.0,3,939.3727,6939.3727,3,939.37268,6939.37268,0.0,TIE,12.02,31,9250,"{""stall_epochs"": 20, ""arc_rule"": ""safe"", ""nbr_compat"": true, ""restart_mode"": ""full"", ""rec_mode"": ""adaptive"", ""rec_patience"": 2, ""checkpoints"": [10, 20]}",Rdp210_copts_s10_20261003-075418_wc10
wc10,copts,rdp211,WC,10,60.0,2,892.7241,4892.7241,2,885.71139,4885.71139,0.1435,worse,27.3,22,6550,"{""stall_epochs"": 20, ""arc_rule"": ""safe"", ""nbr_compat"": true, ""restart_mode"": ""full"", ""rec_mode"": ""adaptive"", ""rec_patience"": 2, ""checkpoints"": [10, 20]}",Rdp211_copts_s10_20261003-075519_wc10
wc10,copts,rcdp101,WC,10,60.0,14,1708.2099,29708.2099,14,1708.209858,29708.209858,-0.0,TIE,11.08,154,46050,"{""stall_epochs"": 20, ""arc_rule"": ""safe"", ""nbr_compat"": true, ""restart_mode"": ""full"", ""rec_mode"": ""adaptive"", ""rec_patience"": 2, ""checkpoints"": [10, 20]}",RCdp101_copts_s10_20261003-075619_wc10
wc10,copts,rcdp102,WC,10,60.0,12,1570.2804,25570.2804,12,1570.280395,25570.280395,-0.0,TIE,21.11,83,24700,"{""stall_epochs"": 20, ""arc_rule"": ""safe"", ""nbr_compat"": true, ""restart_mode"": ""full"", ""rec_mode"": ""adaptive"", ""rec_patience"": 2, ""checkpoints"": [10, 20]}",RCdp102_copts_s10_20261003-075719_wc10
wc10,copts,rcdp103,WC,10,60.0,11,1282.5279,23282.5279,11,1282.527877,23282.527877,-0.0,TIE,4.08,59,17450,"{""stall_epochs"": 20, ""arc_rule"": ""safe"", ""nbr_compat"": true, ""restart_mode"": ""full"", ""rec_mode"": ""adaptive"", ""rec_patience"": 2, ""checkpoints"": [10, 20]}",RCdp103_copts_s10_20261003-075819_wc10
wc10,copts,rcdp104,WC,10,60.0,10,1171.3664,21171.3664,10,1171.366445,21171.366445,-0.0,TIE,35.16,50,14800,"{""stall_epochs"": 20, ""arc_rule"": ""safe"", ""nbr_compat"": true, ""restart_mode"": ""full"", ""rec_mode"": ""adaptive"", ""rec_patience"": 2, ""checkpoints"": [10, 20]}",RCdp104_copts_s10_20261003-075919_wc10
wc10,copts,rcdp105,WC,10,60.0,13,1632.2912,27632.2912,13,1632.291239,27632.291239,0.0,TIE,5.12,95,28500,"{""stall_epochs"": 20, ""arc_rule"": ""safe"", ""nbr_compat"": true, ""restart_mode"": ""full"", ""rec_mode"": ""adaptive"", ""rec_patience"": 2, ""checkpoints"": [10, 20]}",RCdp105_copts_s10_20261003-080019_wc10
wc10,copts,rcdp106,WC,10,60.0,12,1392.4719,25392.4719,12,1392.471942,25392.471942,0.0,TIE,16.88,93,27850,"{""stall_epochs"": 20, ""arc_rule"": ""safe"", ""nbr_compat"": true, ""restart_mode"": ""full"", ""rec_mode"": ""adaptive"", ""rec_patience"": 2, ""checkpoints"": [10, 20]}",RCdp106_copts_s10_20261003-080120_wc10
wc10,copts,rcdp107,WC,10,60.0,11,1255.0629,23255.0629,11,1252.790063,23252.790063,0.0098,worse,18.06,57,17100,"{""stall_epochs"": 20, ""arc_rule"": ""safe"", ""nbr_compat"": true, ""restart_mode"": ""full"", ""rec_mode"": ""adaptive"", ""rec_patience"": 2, ""checkpoints"": [10, 20]}",RCdp107_copts_s10_20261003-080220_wc10
wc10,copts,rcdp108,WC,10,60.0,10,1177.9846,21177.9846,10,1177.984574,21177.984574,0.0,TIE,44.12,48,14300,"{""stall_epochs"": 20, ""arc_rule"": ""safe"", ""nbr_compat"": true, ""restart_mode"": ""full"", ""rec_mode"": ""adaptive"", ""rec_patience"": 2, ""checkpoints"": [10, 20]}",RCdp108_copts_s10_20261003-080320_wc10
wc10,copts,rcdp201,WC,10,60.0,4,1406.9401,9406.9401,4,1406.940088,9406.940088,-0.0,TIE,16.58,102,30350,"{""stall_epochs"": 20, ""arc_rule"": ""safe"", ""nbr_compat"": true, ""restart_mode"": ""full"", ""rec_mode"": ""adaptive"", ""rec_patience"": 2, ""checkpoints"": [10, 20]}",RCdp201_copts_s10_20261003-080420_wc10
wc10,copts,rcdp202,WC,10,60.0,3,1365.645,7365.645,3,1365.645031,7365.645031,0.0,TIE,4.06,44,13000,"{""stall_epochs"": 20, ""arc_rule"": ""safe"", ""nbr_compat"": true, ""restart_mode"": ""full"", ""rec_mode"": ""adaptive"", ""rec_patience"": 2, ""checkpoints"": [10, 20]}",RCdp202_copts_s10_20261003-080520_wc10
wc10,copts,rcdp203,WC,10,60.0,3,1050.451,7050.451,3,1049.624237,7049.624237,0.0117,worse,26.7,30,8750,"{""stall_epochs"": 20, ""arc_rule"": ""safe"", ""nbr_compat"": true, ""restart_mode"": ""full"", ""rec_mode"": ""adaptive"", ""rec_patience"": 2, ""checkpoints"": [10, 20]}",RCdp203_copts_s10_20261003-080620_wc10
wc10,copts,rcdp204,WC,10,60.0,3,798.4636,6798.4636,3,798.463581,6798.463581,-0.0,TIE,11.77,26,7700,"{""stall_epochs"": 20, ""arc_rule"": ""safe"", ""nbr_compat"": true, ""restart_mode"": ""full"", ""rec_mode"": ""adaptive"", ""rec_patience"": 2, ""checkpoints"": [10, 20]}",RCdp204_copts_s10_20261003-080720_wc10
wc10,copts,rcdp205,WC,10,60.0,4,1297.6477,9297.6477,4,1297.647746,9297.647746,0.0,TIE,3.0,62,18350,"{""stall_epochs"": 20, ""arc_rule"": ""safe"", ""nbr_compat"": true, ""restart_mode"": ""full"", ""rec_mode"": ""adaptive"", ""rec_patience"": 2, ""checkpoints"": [10, 20]}",RCdp205_copts_s10_20261003-080821_wc10
wc10,copts,rcdp206,WC,10,60.0,3,1146.3172,7146.3172,3,1146.317229,7146.317229,0.0,TIE,9.52,50,15000,"{""stall_epochs"": 20, ""arc_rule"": ""safe"", ""nbr_compat"": true, ""restart_mode"": ""full"", ""rec_mode"": ""adaptive"", ""rec_patience"": 2, ""checkpoints"": [10, 20]}",RCdp206_copts_s10_20261003-080921_wc10
wc10,copts,rcdp207,WC,10,60.0,3,1061.1446,7061.1446,3,1061.144555,7061.144555,0.0,TIE,13.48,32,9450,"{""stall_epochs"": 20, ""arc_rule"": ""safe"", ""nbr_compat"": true, ""restart_mode"": ""full"", ""rec_mode"": ""adaptive"", ""rec_patience"": 2, ""checkpoints"": [10, 20]}",RCdp207_copts_s10_20261003-081021_wc10
wc10,copts,rcdp208,WC,10,60.0,3,828.7091,6828.7091,3,828.141442,6828.141442,0.0083,worse,41.03,24,7000,"{""stall_epochs"": 20, ""arc_rule"": ""safe"", ""nbr_compat"": true, ""restart_mode"": ""full"", ""rec_mode"": ""adaptive"", ""rec_patience"": 2, ""checkpoints"": [10, 20]}",RCdp208_copts_s10_20261003-081121_wc10
