tag,algo,instance,kind,seed,time_budget,M,D,total,bks_M,bks_D,bks_total,gap_pct,status,t_best,epochs,iters,params,file
wc60_30s,copts,cdp101,WC,1,60.0,11,976.0414,22976.0414,11,976.041384,22976.041384,0.0,TIE,0.31,201,60050,"{""stall_epochs"": 20}",Cdp101_copts_s1_20260915-174325_wc60_30s
wc60_30s,copts,cdp101,WC,2,60.0,11,976.0414,22976.0414,11,976.041384,22976.041384,0.0,TIE,0.3,201,60150,"{""stall_epochs"": 20}",Cdp101_copts_s2_20260915-174426_wc60_30s
wc60_30s,copts,cdp101,WC,3,60.0,11,976.0414,22976.0414,11,976.041384,22976.041384,0.0,TIE,0.32,199,59650,"{""stall_epochs"": 20}",Cdp101_copts_s3_20260915-174526_wc60_30s
wc60_30s,copts,cdp101,WC,4,60.0,11,976.0414,22976.0414,11,976.041384,22976.041384,0.0,TIE,0.31,200,59900,"{""stall_epochs"": 20}",Cdp101_copts_s4_20260915-174626_wc60_30s
wc60_30s,copts,cdp101,WC,5,60.0,11,976.0414,22976.0414,11,976.041384,22976.041384,0.0,TIE,0.33,201,60100,"{""stall_epochs"": 20}",Cdp101_copts_s5_20260915-174726_wc60_30s
wc60_30s,copts,cdp101,WC,6,60.0,11,976.0414,22976.0414,11,976.041384,22976.041384,0.0,TIE,0.31,200,59900,"{""stall_epochs"": 20}",Cdp101_copts_s6_20260915-174826_wc60_30s
wc60_30s,copts,cdp101,WC,7,60.0,11,976.0414,22976.0414,11,976.041384,22976.041384,0.0,TIE,0.31,201,60100,"{""stall_epochs"": 20}",Cdp101_copts_s7_20260915-174926_wc60_30s
wc60_30s,copts,cdp101,WC,8,60.0,11,976.0414,22976.0414,11,976.041384,22976.041384,0.0,TIE,0.3,201,60150,"{""stall_epochs"": 20}",Cdp101_copts_s8_20260915-175026_wc60_30s
wc60_30s,copts,cdp101,WC,9,60.0,11,976.0414,22976.0414,11,976.041384,22976.041384,0.0,TIE,0.31,196,58750,"{""stall_epochs"": 20}",Cdp101_copts_s9_20260915-175126_wc60_30s
wc60_30s,copts,cdp101,WC,10,60.0,11,976.0414,22976.0414,11,976.041384,22976.041384,0.0,TIE,0.3,202,60400,"{""stall_epochs"": 20}",Cdp101_copts_s10_20260915-175226_wc60_30s
wc60_30s,copts,cdp101,WC,11,60.0,11,976.0414,22976.0414,11,976.041384,22976.041384,0.0,TIE,0.31,201,60200,"{""stall_epochs"": 20}",Cdp101_copts_s11_20260915-175326_wc60_30s
wc60_30s,copts,cdp101,WC,12,60.0,11,976.0414,22976.0414,11,976.041384,22976.041384,0.0,TIE,0.31,200,59950,"{""stall_epochs"": 20}",Cdp101_copts_s12_20260915-175426_wc60_30s
wc60_30s,copts,cdp101,WC,13,60.0,11,976.0414,22976.0414,11,976.041384,22976.041384,0.0,TIE,0.31,201,60200,"{""stall_epochs"": 20}",Cdp101_copts_s13_20260915-175526_wc60_30s
wc60_30s,copts,cdp101,WC,14,60.0,11,976.0414,22976.0414,11,976.041384,22976.041384,0.0,TIE,0.31,201,60050,"{""stall_epochs"": 20}",Cdp101_copts_s14_20260915-175626_wc60_30s
wc60_30s,copts,cdp101,WC,15,60.0,11,976.0414,22976.0414,11,976.041384,22976.041384,0.0,TIE,0.31,201,60300,"{""stall_epochs"": 20}",Cdp101_copts_s15_20260915-175726_wc60_30s
wc60_30s,copts,cdp101,WC,16,60.0,11,976.0414,22976.0414,11,976.041384,22976.041384,0.0,TIE,0.31,197,58850,"{""stall_epochs"": 20}",Cdp101_copts_s16_20260915-175826_wc60_30s
wc60_30s,copts,cdp101,WC,17,60.0,11,976.0414,22976.0414,11,976.041384,22976.041384,0.0,TIE,0.33,196,58600,"{""stall_epochs"": 20}",Cdp101_copts_s17_20260915-175926_wc60_30s
wc60_30s,copts,cdp101,WC,18,60.0,11,976.0414,22976.0414,11,976.041384,22976.041384,0.0,TIE,0.32,196,58550,"{""stall_epochs"": 20}",Cdp101_copts_s18_20260915-180027_wc60_30s
wc60_30s,copts,cdp101,WC,19,60.0,11,976.0414,22976.0414,11,976.041384,22976.041384,0.0,TIE,0.32,195,58250,"{""stall_epochs"": 20}",Cdp101_copts_s19_20260915-180127_wc60_30s
wc60_30s,copts,cdp101,WC,20,60.0,11,976.0414,22976.0414,11,976.041384,22976.041384,0.0,TIE,0.32,195,58400,"{""stall_epochs"": 20}",Cdp101_copts_s20_20260915-180227_wc60_30s
wc60_30s,copts,cdp101,WC,21,60.0,11,976.0414,22976.0414,11,976.041384,22976.041384,0.0,TIE,0.32,197,58950,"{""stall_epochs"": 20}",Cdp101_copts_s21_20260915-180327_wc60_30s
wc60_30s,copts,cdp101,WC,22,60.0,11,976.0414,22976.0414,11,976.041384,22976.041384,0.0,TIE,0.32,196,58600,"{""stall_epochs"": 20}",Cdp101_copts_s22_20260915-180427_wc60_30s
wc60_30s,copts,cdp101,WC,23,60.0,11,976.0414,22976.0414,11,976.041384,22976.041384,0.0,TIE,0.32,196,58800,"{""stall_epochs"": 20}",Cdp101_copts_s23_20260915-180527_wc60_30s
wc60_30s,copts,cdp101,WC,24,60.0,11,976.0414,22976.0414,11,976.041384,22976.041384,0.0,TIE,0.33,196,58750,"{""stall_epochs"": 20}",Cdp101_copts_s24_20260915-180627_wc60_30s
wc60_30s,copts,cdp101,WC,25,60.0,11,976.0414,22976.0414,11,976.041384,22976.041384,0.0,TIE,0.32,195,58450,"{""stall_epochs"": 20}",Cdp101_copts_s25_20260915-180727_wc60_30s
wc60_30s,copts,cdp101,WC,26,60.0,11,976.0414,22976.0414,11,976.041384,22976.041384,0.0,TIE,0.33,196,58600,"{""stall_epochs"": 20}",Cdp101_copts_s26_20260915-180827_wc60_30s
wc60_30s,copts,cdp101,WC,27,60.0,11,976.0414,22976.0414,11,976.041384,22976.041384,0.0,TIE,0.33,195,58450,"{""stall_epochs"": 20}",Cdp101_copts_s27_20260915-180927_wc60_30s
wc60_30s,copts,cdp101,WC,28,60.0,11,976.0414,22976.0414,11,976.041384,22976.041384,0.0,TIE,0.32,196,58600,"{""stall_epochs"": 20}",Cdp101_copts_s28_20260915-181027_wc60_30s
wc60_30s,copts,cdp101,WC,29,60.0,11,976.0414,22976.0414,11,976.041384,22976.041384,0.0,TIE,0.34,196,58550,"{""stall_epochs"": 20}",Cdp101_copts_s29_20260915-181127_wc60_30s
wc60_30s,copts,cdp101,WC,30,60.0,11,976.0414,22976.0414,11,976.041384,22976.041384,0.0,TIE,0.33,196,58800,"{""stall_epochs"": 20}",Cdp101_copts_s30_20260915-181227_wc60_30s
wc60_30s,copts,cdp102,WC,1,60.0,10,941.485,20941.485,10,941.485039,20941.485039,0.0,TIE,1.41,87,26000,"{""stall_epochs"": 20}",Cdp102_copts_s1_20260915-181327_wc60_30s
wc60_30s,copts,cdp102,WC,2,60.0,10,941.485,20941.485,10,941.485039,20941.485039,0.0,TIE,1.35,90,26750,"{""stall_epochs"": 20}",Cdp102_copts_s2_20260915-181428_wc60_30s
wc60_30s,copts,cdp102,WC,3,60.0,10,941.485,20941.485,10,941.485039,20941.485039,0.0,TIE,0.67,89,26700,"{""stall_epochs"": 20}",Cdp102_copts_s3_20260915-181528_wc60_30s
wc60_30s,copts,cdp102,WC,4,60.0,10,941.485,20941.485,10,941.485039,20941.485039,0.0,TIE,1.36,89,26700,"{""stall_epochs"": 20}",Cdp102_copts_s4_20260915-181628_wc60_30s
wc60_30s,copts,cdp102,WC,5,60.0,10,941.485,20941.485,10,941.485039,20941.485039,0.0,TIE,1.34,90,26850,"{""stall_epochs"": 20}",Cdp102_copts_s5_20260915-181728_wc60_30s
wc60_30s,copts,cdp102,WC,6,60.0,10,941.485,20941.485,10,941.485039,20941.485039,0.0,TIE,1.39,89,26600,"{""stall_epochs"": 20}",Cdp102_copts_s6_20260915-181828_wc60_30s
wc60_30s,copts,cdp102,WC,7,60.0,10,941.485,20941.485,10,941.485039,20941.485039,0.0,TIE,1.36,90,26750,"{""stall_epochs"": 20}",Cdp102_copts_s7_20260915-181928_wc60_30s
wc60_30s,copts,cdp102,WC,8,60.0,10,941.485,20941.485,10,941.485039,20941.485039,0.0,TIE,1.37,89,26500,"{""stall_epochs"": 20}",Cdp102_copts_s8_20260915-182028_wc60_30s
wc60_30s,copts,cdp102,WC,9,60.0,10,941.485,20941.485,10,941.485039,20941.485039,0.0,TIE,1.42,87,25850,"{""stall_epochs"": 20}",Cdp102_copts_s9_20260915-182128_wc60_30s
wc60_30s,copts,cdp102,WC,10,60.0,10,941.485,20941.485,10,941.485039,20941.485039,0.0,TIE,1.39,87,25850,"{""stall_epochs"": 20}",Cdp102_copts_s10_20260915-182228_wc60_30s
wc60_30s,copts,cdp102,WC,11,60.0,10,941.485,20941.485,10,941.485039,20941.485039,0.0,TIE,0.69,87,25850,"{""stall_epochs"": 20}",Cdp102_copts_s11_20260915-182328_wc60_30s
wc60_30s,copts,cdp102,WC,12,60.0,10,941.485,20941.485,10,941.485039,20941.485039,0.0,TIE,1.41,86,25750,"{""stall_epochs"": 20}",Cdp102_copts_s12_20260915-182428_wc60_30s
wc60_30s,copts,cdp102,WC,13,60.0,10,941.485,20941.485,10,941.485039,20941.485039,0.0,TIE,1.42,86,25750,"{""stall_epochs"": 20}",Cdp102_copts_s13_20260915-182529_wc60_30s
wc60_30s,copts,cdp102,WC,14,60.0,10,941.485,20941.485,10,941.485039,20941.485039,0.0,TIE,1.42,86,25600,"{""stall_epochs"": 20}",Cdp102_copts_s14_20260915-182629_wc60_30s
wc60_30s,copts,cdp102,WC,15,60.0,10,941.485,20941.485,10,941.485039,20941.485039,0.0,TIE,0.7,87,25850,"{""stall_epochs"": 20}",Cdp102_copts_s15_20260915-182729_wc60_30s
wc60_30s,copts,cdp102,WC,16,60.0,10,941.485,20941.485,10,941.485039,20941.485039,0.0,TIE,1.39,87,25900,"{""stall_epochs"": 20}",Cdp102_copts_s16_20260915-182829_wc60_30s
wc60_30s,copts,cdp102,WC,17,60.0,10,941.485,20941.485,10,941.485039,20941.485039,0.0,TIE,1.4,86,25800,"{""stall_epochs"": 20}",Cdp102_copts_s17_20260915-182929_wc60_30s
wc60_30s,copts,cdp102,WC,18,60.0,10,941.485,20941.485,10,941.485039,20941.485039,0.0,TIE,1.41,86,25750,"{""stall_epochs"": 20}",Cdp102_copts_s18_20260915-183029_wc60_30s
wc60_30s,copts,cdp102,WC,19,60.0,10,941.485,20941.485,10,941.485039,20941.485039,0.0,TIE,1.41,88,26400,"{""stall_epochs"": 20}",Cdp102_copts_s19_20260915-183129_wc60_30s
wc60_30s,copts,cdp102,WC,20,60.0,10,941.485,20941.485,10,941.485039,20941.485039,0.0,TIE,1.37,89,26700,"{""stall_epochs"": 20}",Cdp102_copts_s20_20260915-183229_wc60_30s
wc60_30s,copts,cdp102,WC,21,60.0,10,941.485,20941.485,10,941.485039,20941.485039,0.0,TIE,1.37,90,26800,"{""stall_epochs"": 20}",Cdp102_copts_s21_20260915-183329_wc60_30s
wc60_30s,copts,cdp102,WC,22,60.0,10,941.485,20941.485,10,941.485039,20941.485039,0.0,TIE,0.66,89,26700,"{""stall_epochs"": 20}",Cdp102_copts_s22_20260915-183429_wc60_30s
wc60_30s,copts,cdp102,WC,23,60.0,10,941.485,20941.485,10,941.485039,20941.485039,0.0,TIE,1.36,90,26900,"{""stall_epochs"": 20}",Cdp102_copts_s23_20260915-183529_wc60_30s
wc60_30s,copts,cdp102,WC,24,60.0,10,941.485,20941.485,10,941.485039,20941.485039,0.0,TIE,1.36,90,26850,"{""stall_epochs"": 20}",Cdp102_copts_s24_20260915-183629_wc60_30s
wc60_30s,copts,cdp102,WC,25,60.0,10,941.485,20941.485,10,941.485039,20941.485039,0.0,TIE,1.37,90,26800,"{""stall_epochs"": 20}",Cdp102_copts_s25_20260915-183729_wc60_30s
wc60_30s,copts,cdp102,WC,26,60.0,10,941.485,20941.485,10,941.485039,20941.485039,0.0,TIE,0.66,90,26750,"{""stall_epochs"": 20}",Cdp102_copts_s26_20260915-183830_wc60_30s
wc60_30s,copts,cdp102,WC,27,60.0,10,941.485,20941.485,10,941.485039,20941.485039,0.0,TIE,1.34,90,26750,"{""stall_epochs"": 20}",Cdp102_copts_s27_20260915-183930_wc60_30s
wc60_30s,copts,cdp102,WC,28,60.0,10,941.485,20941.485,10,941.485039,20941.485039,0.0,TIE,0.68,90,26750,"{""stall_epochs"": 20}",Cdp102_copts_s28_20260915-184030_wc60_30s
wc60_30s,copts,cdp102,WC,29,60.0,10,941.485,20941.485,10,941.485039,20941.485039,0.0,TIE,1.35,89,26450,"{""stall_epochs"": 20}",Cdp102_copts_s29_20260915-184130_wc60_30s
wc60_30s,copts,cdp102,WC,30,60.0,10,941.485,20941.485,10,941.485039,20941.485039,0.0,TIE,1.35,90,26750,"{""stall_epochs"": 20}",Cdp102_copts_s30_20260915-184230_wc60_30s
wc60_30s,copts,cdp103,WC,1,60.0,10,892.9822,20892.9822,10,892.982246,20892.982246,-0.0,TIE,5.87,62,18450,"{""stall_epochs"": 20}",Cdp103_copts_s1_20260915-184330_wc60_30s
wc60_30s,copts,cdp103,WC,2,60.0,10,892.9822,20892.9822,10,892.982246,20892.982246,-0.0,TIE,5.9,61,18250,"{""stall_epochs"": 20}",Cdp103_copts_s2_20260915-184430_wc60_30s
wc60_30s,copts,cdp103,WC,3,60.0,10,892.9822,20892.9822,10,892.982246,20892.982246,-0.0,TIE,3.92,61,18100,"{""stall_epochs"": 20}",Cdp103_copts_s3_20260915-184530_wc60_30s
wc60_30s,copts,cdp103,WC,4,60.0,10,892.9822,20892.9822,10,892.982246,20892.982246,-0.0,TIE,5.04,61,18250,"{""stall_epochs"": 20}",Cdp103_copts_s4_20260915-184630_wc60_30s
wc60_30s,copts,cdp103,WC,5,60.0,10,892.9822,20892.9822,10,892.982246,20892.982246,-0.0,TIE,6.85,62,18350,"{""stall_epochs"": 20}",Cdp103_copts_s5_20260915-184731_wc60_30s
wc60_30s,copts,cdp103,WC,6,60.0,10,892.9822,20892.9822,10,892.982246,20892.982246,-0.0,TIE,3.86,62,18500,"{""stall_epochs"": 20}",Cdp103_copts_s6_20260915-184831_wc60_30s
wc60_30s,copts,cdp103,WC,7,60.0,10,892.9822,20892.9822,10,892.982246,20892.982246,-0.0,TIE,2.92,62,18350,"{""stall_epochs"": 20}",Cdp103_copts_s7_20260915-184931_wc60_30s
wc60_30s,copts,cdp103,WC,8,60.0,10,892.9822,20892.9822,10,892.982246,20892.982246,-0.0,TIE,3.92,62,18450,"{""stall_epochs"": 20}",Cdp103_copts_s8_20260915-185031_wc60_30s
wc60_30s,copts,cdp103,WC,9,60.0,10,892.9822,20892.9822,10,892.982246,20892.982246,-0.0,TIE,1.95,62,18450,"{""stall_epochs"": 20}",Cdp103_copts_s9_20260915-185131_wc60_30s
wc60_30s,copts,cdp103,WC,10,60.0,10,892.9822,20892.9822,10,892.982246,20892.982246,-0.0,TIE,6.86,62,18400,"{""stall_epochs"": 20}",Cdp103_copts_s10_20260915-185231_wc60_30s
wc60_30s,copts,cdp103,WC,11,60.0,10,892.9822,20892.9822,10,892.982246,20892.982246,-0.0,TIE,6.84,62,18400,"{""stall_epochs"": 20}",Cdp103_copts_s11_20260915-185331_wc60_30s
wc60_30s,copts,cdp103,WC,12,60.0,10,892.9822,20892.9822,10,892.982246,20892.982246,-0.0,TIE,1.92,62,18450,"{""stall_epochs"": 20}",Cdp103_copts_s12_20260915-185432_wc60_30s
wc60_30s,copts,cdp103,WC,13,60.0,10,892.9822,20892.9822,10,892.982246,20892.982246,-0.0,TIE,2.94,62,18350,"{""stall_epochs"": 20}",Cdp103_copts_s13_20260915-185532_wc60_30s
wc60_30s,copts,cdp103,WC,14,60.0,10,892.9822,20892.9822,10,892.982246,20892.982246,-0.0,TIE,1.93,62,18400,"{""stall_epochs"": 20}",Cdp103_copts_s14_20260915-185632_wc60_30s
wc60_30s,copts,cdp103,WC,15,60.0,10,892.9822,20892.9822,10,892.982246,20892.982246,-0.0,TIE,1.93,61,18200,"{""stall_epochs"": 20}",Cdp103_copts_s15_20260915-185732_wc60_30s
wc60_30s,copts,cdp103,WC,16,60.0,10,892.9822,20892.9822,10,892.982246,20892.982246,-0.0,TIE,6.9,62,18400,"{""stall_epochs"": 20}",Cdp103_copts_s16_20260915-185832_wc60_30s
wc60_30s,copts,cdp103,WC,17,60.0,10,892.9822,20892.9822,10,892.982246,20892.982246,-0.0,TIE,3.91,62,18450,"{""stall_epochs"": 20}",Cdp103_copts_s17_20260915-185932_wc60_30s
wc60_30s,copts,cdp103,WC,18,60.0,10,892.9822,20892.9822,10,892.982246,20892.982246,-0.0,TIE,4.96,61,18300,"{""stall_epochs"": 20}",Cdp103_copts_s18_20260915-190032_wc60_30s
wc60_30s,copts,cdp103,WC,19,60.0,10,892.9822,20892.9822,10,892.982246,20892.982246,-0.0,TIE,8.82,62,18400,"{""stall_epochs"": 20}",Cdp103_copts_s19_20260915-190132_wc60_30s
wc60_30s,copts,cdp103,WC,20,60.0,10,892.9822,20892.9822,10,892.982246,20892.982246,-0.0,TIE,4.9,62,18350,"{""stall_epochs"": 20}",Cdp103_copts_s20_20260915-190232_wc60_30s
wc60_30s,copts,cdp103,WC,21,60.0,10,892.9822,20892.9822,10,892.982246,20892.982246,-0.0,TIE,4.88,62,18400,"{""stall_epochs"": 20}",Cdp103_copts_s21_20260915-190332_wc60_30s
wc60_30s,copts,cdp103,WC,22,60.0,10,892.9822,20892.9822,10,892.982246,20892.982246,-0.0,TIE,1.94,62,18400,"{""stall_epochs"": 20}",Cdp103_copts_s22_20260915-190433_wc60_30s
wc60_30s,copts,cdp103,WC,23,60.0,10,892.9822,20892.9822,10,892.982246,20892.982246,-0.0,TIE,1.97,61,18300,"{""stall_epochs"": 20}",Cdp103_copts_s23_20260915-190533_wc60_30s
wc60_30s,copts,cdp103,WC,24,60.0,10,892.9822,20892.9822,10,892.982246,20892.982246,-0.0,TIE,2.95,62,18400,"{""stall_epochs"": 20}",Cdp103_copts_s24_20260915-190633_wc60_30s
wc60_30s,copts,cdp103,WC,25,60.0,10,892.9822,20892.9822,10,892.982246,20892.982246,-0.0,TIE,2.91,62,18350,"{""stall_epochs"": 20}",Cdp103_copts_s25_20260915-190733_wc60_30s
wc60_30s,copts,cdp103,WC,26,60.0,10,892.9822,20892.9822,10,892.982246,20892.982246,-0.0,TIE,3.9,62,18350,"{""stall_epochs"": 20}",Cdp103_copts_s26_20260915-190833_wc60_30s
wc60_30s,copts,cdp103,WC,27,60.0,10,892.9822,20892.9822,10,892.982246,20892.982246,-0.0,TIE,4.88,62,18400,"{""stall_epochs"": 20}",Cdp103_copts_s27_20260915-190933_wc60_30s
wc60_30s,copts,cdp103,WC,28,60.0,10,892.9822,20892.9822,10,892.982246,20892.982246,-0.0,TIE,2.92,62,18350,"{""stall_epochs"": 20}",Cdp103_copts_s28_20260915-191033_wc60_30s
wc60_30s,copts,cdp103,WC,29,60.0,10,892.9822,20892.9822,10,892.982246,20892.982246,-0.0,TIE,1.94,62,18450,"{""stall_epochs"": 20}",Cdp103_copts_s29_20260915-191133_wc60_30s
wc60_30s,copts,cdp103,WC,30,60.0,10,892.9822,20892.9822,10,892.982246,20892.982246,-0.0,TIE,3.9,62,18400,"{""stall_epochs"": 20}",Cdp103_copts_s30_20260915-191234_wc60_30s
wc60_30s,copts,cdp104,WC,1,60.0,10,871.4032,20871.4032,10,871.403177,20871.403177,0.0,TIE,2.11,56,16800,"{""stall_epochs"": 20}",Cdp104_copts_s1_20260915-191334_wc60_30s
wc60_30s,copts,cdp104,WC,2,60.0,10,871.4032,20871.4032,10,871.403177,20871.403177,0.0,TIE,3.19,56,16800,"{""stall_epochs"": 20}",Cdp104_copts_s2_20260915-191434_wc60_30s
wc60_30s,copts,cdp104,WC,3,60.0,10,871.4032,20871.4032,10,871.403177,20871.403177,0.0,TIE,5.36,56,16800,"{""stall_epochs"": 20}",Cdp104_copts_s3_20260915-191534_wc60_30s
wc60_30s,copts,cdp104,WC,4,60.0,10,871.4032,20871.4032,10,871.403177,20871.403177,0.0,TIE,3.21,56,16750,"{""stall_epochs"": 20}",Cdp104_copts_s4_20260915-191634_wc60_30s
wc60_30s,copts,cdp104,WC,5,60.0,10,871.4032,20871.4032,10,871.403177,20871.403177,0.0,TIE,3.18,56,16750,"{""stall_epochs"": 20}",Cdp104_copts_s5_20260915-191734_wc60_30s
wc60_30s,copts,cdp104,WC,6,60.0,10,871.4032,20871.4032,10,871.403177,20871.403177,0.0,TIE,4.25,56,16750,"{""stall_epochs"": 20}",Cdp104_copts_s6_20260915-191834_wc60_30s
wc60_30s,copts,cdp104,WC,7,60.0,10,871.4032,20871.4032,10,871.403177,20871.403177,0.0,TIE,3.25,56,16650,"{""stall_epochs"": 20}",Cdp104_copts_s7_20260915-191934_wc60_30s
wc60_30s,copts,cdp104,WC,8,60.0,10,871.4032,20871.4032,10,871.403177,20871.403177,0.0,TIE,2.15,56,16650,"{""stall_epochs"": 20}",Cdp104_copts_s8_20260915-192034_wc60_30s
wc60_30s,copts,cdp104,WC,9,60.0,10,871.4032,20871.4032,10,871.403177,20871.403177,0.0,TIE,3.2,56,16800,"{""stall_epochs"": 20}",Cdp104_copts_s9_20260915-192134_wc60_30s
wc60_30s,copts,cdp104,WC,10,60.0,10,871.4032,20871.4032,10,871.403177,20871.403177,0.0,TIE,2.16,56,16700,"{""stall_epochs"": 20}",Cdp104_copts_s10_20260915-192235_wc60_30s
wc60_30s,copts,cdp104,WC,11,60.0,10,871.4032,20871.4032,10,871.403177,20871.403177,0.0,TIE,4.33,56,16700,"{""stall_epochs"": 20}",Cdp104_copts_s11_20260915-192335_wc60_30s
wc60_30s,copts,cdp104,WC,12,60.0,10,871.4032,20871.4032,10,871.403177,20871.403177,0.0,TIE,2.11,56,16700,"{""stall_epochs"": 20}",Cdp104_copts_s12_20260915-192435_wc60_30s
wc60_30s,copts,cdp104,WC,13,60.0,10,871.4032,20871.4032,10,871.403177,20871.403177,0.0,TIE,2.13,56,16650,"{""stall_epochs"": 20}",Cdp104_copts_s13_20260915-192535_wc60_30s
wc60_30s,copts,cdp104,WC,14,60.0,10,871.4032,20871.4032,10,871.403177,20871.403177,0.0,TIE,2.14,56,16750,"{""stall_epochs"": 20}",Cdp104_copts_s14_20260915-192635_wc60_30s
wc60_30s,copts,cdp104,WC,15,60.0,10,871.4032,20871.4032,10,871.403177,20871.403177,0.0,TIE,4.31,56,16600,"{""stall_epochs"": 20}",Cdp104_copts_s15_20260915-192735_wc60_30s
wc60_30s,copts,cdp104,WC,16,60.0,10,871.4032,20871.4032,10,871.403177,20871.403177,0.0,TIE,2.11,56,16750,"{""stall_epochs"": 20}",Cdp104_copts_s16_20260915-192835_wc60_30s
wc60_30s,copts,cdp104,WC,17,60.0,10,871.4032,20871.4032,10,871.403177,20871.403177,0.0,TIE,3.15,56,16800,"{""stall_epochs"": 20}",Cdp104_copts_s17_20260915-192935_wc60_30s
wc60_30s,copts,cdp104,WC,18,60.0,10,871.4032,20871.4032,10,871.403177,20871.403177,0.0,TIE,2.13,56,16700,"{""stall_epochs"": 20}",Cdp104_copts_s18_20260915-193035_wc60_30s
wc60_30s,copts,cdp104,WC,19,60.0,10,871.4032,20871.4032,10,871.403177,20871.403177,0.0,TIE,2.15,56,16750,"{""stall_epochs"": 20}",Cdp104_copts_s19_20260915-193136_wc60_30s
wc60_30s,copts,cdp104,WC,20,60.0,10,871.4032,20871.4032,10,871.403177,20871.403177,0.0,TIE,2.11,56,16800,"{""stall_epochs"": 20}",Cdp104_copts_s20_20260915-193236_wc60_30s
wc60_30s,copts,cdp104,WC,21,60.0,10,871.4032,20871.4032,10,871.403177,20871.403177,0.0,TIE,2.15,56,16650,"{""stall_epochs"": 20}",Cdp104_copts_s21_20260915-193336_wc60_30s
wc60_30s,copts,cdp104,WC,22,60.0,10,871.4032,20871.4032,10,871.403177,20871.403177,0.0,TIE,4.28,56,16800,"{""stall_epochs"": 20}",Cdp104_copts_s22_20260915-193436_wc60_30s
wc60_30s,copts,cdp104,WC,23,60.0,10,871.4032,20871.4032,10,871.403177,20871.403177,0.0,TIE,1.06,56,16700,"{""stall_epochs"": 20}",Cdp104_copts_s23_20260915-193536_wc60_30s
wc60_30s,copts,cdp104,WC,24,60.0,10,871.4032,20871.4032,10,871.403177,20871.403177,0.0,TIE,3.25,56,16600,"{""stall_epochs"": 20}",Cdp104_copts_s24_20260915-193636_wc60_30s
wc60_30s,copts,cdp104,WC,25,60.0,10,871.4032,20871.4032,10,871.403177,20871.403177,0.0,TIE,2.16,55,16500,"{""stall_epochs"": 20}",Cdp104_copts_s25_20260915-193736_wc60_30s
wc60_30s,copts,cdp104,WC,26,60.0,10,871.4032,20871.4032,10,871.403177,20871.403177,0.0,TIE,2.15,56,16600,"{""stall_epochs"": 20}",Cdp104_copts_s26_20260915-193836_wc60_30s
wc60_30s,copts,cdp104,WC,27,60.0,10,871.4032,20871.4032,10,871.403177,20871.403177,0.0,TIE,2.11,56,16650,"{""stall_epochs"": 20}",Cdp104_copts_s27_20260915-193936_wc60_30s
wc60_30s,copts,cdp104,WC,28,60.0,10,871.4032,20871.4032,10,871.403177,20871.403177,0.0,TIE,2.15,56,16750,"{""stall_epochs"": 20}",Cdp104_copts_s28_20260915-194036_wc60_30s
wc60_30s,copts,cdp104,WC,29,60.0,10,871.4032,20871.4032,10,871.403177,20871.403177,0.0,TIE,3.18,57,16850,"{""stall_epochs"": 20}",Cdp104_copts_s29_20260915-194137_wc60_30s
wc60_30s,copts,cdp104,WC,30,60.0,10,871.4032,20871.4032,10,871.403177,20871.403177,0.0,TIE,2.17,56,16700,"{""stall_epochs"": 20}",Cdp104_copts_s30_20260915-194237_wc60_30s
wc60_30s,copts,cdp105,WC,1,60.0,10,1053.1171,21053.1171,10,1053.117064,21053.117064,0.0,TIE,0.7,174,52200,"{""stall_epochs"": 20}",Cdp105_copts_s1_20260915-194337_wc60_30s
wc60_30s,copts,cdp105,WC,2,60.0,10,1053.1171,21053.1171,10,1053.117064,21053.117064,0.0,TIE,0.73,173,51800,"{""stall_epochs"": 20}",Cdp105_copts_s2_20260915-194437_wc60_30s
wc60_30s,copts,cdp105,WC,3,60.0,10,1053.1171,21053.1171,10,1053.117064,21053.117064,0.0,TIE,1.09,174,51950,"{""stall_epochs"": 20}",Cdp105_copts_s3_20260915-194537_wc60_30s
wc60_30s,copts,cdp105,WC,4,60.0,10,1053.1171,21053.1171,10,1053.117064,21053.117064,0.0,TIE,1.04,173,51900,"{""stall_epochs"": 20}",Cdp105_copts_s4_20260915-194637_wc60_30s
wc60_30s,copts,cdp105,WC,5,60.0,10,1053.1171,21053.1171,10,1053.117064,21053.117064,0.0,TIE,1.05,173,51900,"{""stall_epochs"": 20}",Cdp105_copts_s5_20260915-194737_wc60_30s
wc60_30s,copts,cdp105,WC,6,60.0,10,1053.1171,21053.1171,10,1053.117064,21053.117064,0.0,TIE,0.71,174,52050,"{""stall_epochs"": 20}",Cdp105_copts_s6_20260915-194837_wc60_30s
wc60_30s,copts,cdp105,WC,7,60.0,10,1053.1171,21053.1171,10,1053.117064,21053.117064,0.0,TIE,1.07,174,52100,"{""stall_epochs"": 20}",Cdp105_copts_s7_20260915-194937_wc60_30s
wc60_30s,copts,cdp105,WC,8,60.0,10,1053.1171,21053.1171,10,1053.117064,21053.117064,0.0,TIE,0.71,173,51900,"{""stall_epochs"": 20}",Cdp105_copts_s8_20260915-195037_wc60_30s
wc60_30s,copts,cdp105,WC,9,60.0,10,1053.1171,21053.1171,10,1053.117064,21053.117064,0.0,TIE,0.7,173,51850,"{""stall_epochs"": 20}",Cdp105_copts_s9_20260915-195137_wc60_30s
wc60_30s,copts,cdp105,WC,10,60.0,10,1053.1171,21053.1171,10,1053.117064,21053.117064,0.0,TIE,1.07,173,51850,"{""stall_epochs"": 20}",Cdp105_copts_s10_20260915-195237_wc60_30s
wc60_30s,copts,cdp105,WC,11,60.0,10,1053.1171,21053.1171,10,1053.117064,21053.117064,0.0,TIE,0.69,173,51850,"{""stall_epochs"": 20}",Cdp105_copts_s11_20260915-195337_wc60_30s
wc60_30s,copts,cdp105,WC,12,60.0,10,1053.1171,21053.1171,10,1053.117064,21053.117064,0.0,TIE,0.35,173,51900,"{""stall_epochs"": 20}",Cdp105_copts_s12_20260915-195438_wc60_30s
wc60_30s,copts,cdp105,WC,13,60.0,10,1053.1171,21053.1171,10,1053.117064,21053.117064,0.0,TIE,0.75,174,52050,"{""stall_epochs"": 20}",Cdp105_copts_s13_20260915-195538_wc60_30s
wc60_30s,copts,cdp105,WC,14,60.0,10,1053.1171,21053.1171,10,1053.117064,21053.117064,0.0,TIE,0.7,175,52250,"{""stall_epochs"": 20}",Cdp105_copts_s14_20260915-195638_wc60_30s
wc60_30s,copts,cdp105,WC,15,60.0,10,1053.1171,21053.1171,10,1053.117064,21053.117064,0.0,TIE,1.07,173,51700,"{""stall_epochs"": 20}",Cdp105_copts_s15_20260915-195738_wc60_30s
wc60_30s,copts,cdp105,WC,16,60.0,10,1053.1171,21053.1171,10,1053.117064,21053.117064,0.0,TIE,0.72,174,51950,"{""stall_epochs"": 20}",Cdp105_copts_s16_20260915-195838_wc60_30s
wc60_30s,copts,cdp105,WC,17,60.0,10,1053.1171,21053.1171,10,1053.117064,21053.117064,0.0,TIE,0.36,174,52150,"{""stall_epochs"": 20}",Cdp105_copts_s17_20260915-195938_wc60_30s
wc60_30s,copts,cdp105,WC,18,60.0,10,1053.1171,21053.1171,10,1053.117064,21053.117064,0.0,TIE,0.71,173,51850,"{""stall_epochs"": 20}",Cdp105_copts_s18_20260915-200038_wc60_30s
wc60_30s,copts,cdp105,WC,19,60.0,10,1053.1171,21053.1171,10,1053.117064,21053.117064,0.0,TIE,1.06,173,51750,"{""stall_epochs"": 20}",Cdp105_copts_s19_20260915-200138_wc60_30s
wc60_30s,copts,cdp105,WC,20,60.0,10,1053.1171,21053.1171,10,1053.117064,21053.117064,0.0,TIE,0.71,176,52650,"{""stall_epochs"": 20}",Cdp105_copts_s20_20260915-200238_wc60_30s
wc60_30s,copts,cdp105,WC,21,60.0,10,1053.1171,21053.1171,10,1053.117064,21053.117064,0.0,TIE,1.04,174,52150,"{""stall_epochs"": 20}",Cdp105_copts_s21_20260915-200338_wc60_30s
wc60_30s,copts,cdp105,WC,22,60.0,10,1053.1171,21053.1171,10,1053.117064,21053.117064,0.0,TIE,0.36,174,51950,"{""stall_epochs"": 20}",Cdp105_copts_s22_20260915-200438_wc60_30s
wc60_30s,copts,cdp105,WC,23,60.0,10,1053.1171,21053.1171,10,1053.117064,21053.117064,0.0,TIE,1.08,173,51850,"{""stall_epochs"": 20}",Cdp105_copts_s23_20260915-200538_wc60_30s
wc60_30s,copts,cdp105,WC,24,60.0,10,1053.1171,21053.1171,10,1053.117064,21053.117064,0.0,TIE,1.11,173,51850,"{""stall_epochs"": 20}",Cdp105_copts_s24_20260915-200638_wc60_30s
wc60_30s,copts,cdp105,WC,25,60.0,10,1053.1171,21053.1171,10,1053.117064,21053.117064,0.0,TIE,0.73,173,51850,"{""stall_epochs"": 20}",Cdp105_copts_s25_20260915-200738_wc60_30s
wc60_30s,copts,cdp105,WC,26,60.0,10,1053.1171,21053.1171,10,1053.117064,21053.117064,0.0,TIE,0.73,173,51750,"{""stall_epochs"": 20}",Cdp105_copts_s26_20260915-200838_wc60_30s
wc60_30s,copts,cdp105,WC,27,60.0,10,1053.1171,21053.1171,10,1053.117064,21053.117064,0.0,TIE,0.69,174,52000,"{""stall_epochs"": 20}",Cdp105_copts_s27_20260915-200938_wc60_30s
wc60_30s,copts,cdp105,WC,28,60.0,10,1053.1171,21053.1171,10,1053.117064,21053.117064,0.0,TIE,0.71,174,51950,"{""stall_epochs"": 20}",Cdp105_copts_s28_20260915-201039_wc60_30s
wc60_30s,copts,cdp105,WC,29,60.0,10,1053.1171,21053.1171,10,1053.117064,21053.117064,0.0,TIE,1.76,173,51700,"{""stall_epochs"": 20}",Cdp105_copts_s29_20260915-201139_wc60_30s
wc60_30s,copts,cdp105,WC,30,60.0,10,1053.1171,21053.1171,10,1053.117064,21053.117064,0.0,TIE,0.74,173,51650,"{""stall_epochs"": 20}",Cdp105_copts_s30_20260915-201239_wc60_30s
wc60_30s,copts,cdp106,WC,1,60.0,10,963.4525,20963.4525,10,963.452492,20963.452492,-0.0,TIE,0.78,159,47450,"{""stall_epochs"": 20}",Cdp106_copts_s1_20260915-201339_wc60_30s
wc60_30s,copts,cdp106,WC,2,60.0,10,963.4525,20963.4525,10,963.452492,20963.452492,-0.0,TIE,0.78,159,47500,"{""stall_epochs"": 20}",Cdp106_copts_s2_20260915-201439_wc60_30s
wc60_30s,copts,cdp106,WC,3,60.0,10,963.4525,20963.4525,10,963.452492,20963.452492,-0.0,TIE,0.81,158,47350,"{""stall_epochs"": 20}",Cdp106_copts_s3_20260915-201539_wc60_30s
wc60_30s,copts,cdp106,WC,4,60.0,10,963.4525,20963.4525,10,963.452492,20963.452492,-0.0,TIE,0.77,159,47550,"{""stall_epochs"": 20}",Cdp106_copts_s4_20260915-201639_wc60_30s
wc60_30s,copts,cdp106,WC,5,60.0,10,963.4525,20963.4525,10,963.452492,20963.452492,-0.0,TIE,0.76,159,47450,"{""stall_epochs"": 20}",Cdp106_copts_s5_20260915-201739_wc60_30s
wc60_30s,copts,cdp106,WC,6,60.0,10,963.4525,20963.4525,10,963.452492,20963.452492,-0.0,TIE,0.8,159,47650,"{""stall_epochs"": 20}",Cdp106_copts_s6_20260915-201839_wc60_30s
wc60_30s,copts,cdp106,WC,7,60.0,10,963.4525,20963.4525,10,963.452492,20963.452492,-0.0,TIE,0.79,159,47500,"{""stall_epochs"": 20}",Cdp106_copts_s7_20260915-201939_wc60_30s
wc60_30s,copts,cdp106,WC,8,60.0,10,963.4525,20963.4525,10,963.452492,20963.452492,-0.0,TIE,0.78,159,47450,"{""stall_epochs"": 20}",Cdp106_copts_s8_20260915-202039_wc60_30s
wc60_30s,copts,cdp106,WC,9,60.0,10,963.4525,20963.4525,10,963.452492,20963.452492,-0.0,TIE,0.77,159,47500,"{""stall_epochs"": 20}",Cdp106_copts_s9_20260915-202139_wc60_30s
wc60_30s,copts,cdp106,WC,10,60.0,10,963.4525,20963.4525,10,963.452492,20963.452492,-0.0,TIE,0.78,159,47500,"{""stall_epochs"": 20}",Cdp106_copts_s10_20260915-202239_wc60_30s
wc60_30s,copts,cdp106,WC,11,60.0,10,963.4525,20963.4525,10,963.452492,20963.452492,-0.0,TIE,0.81,159,47450,"{""stall_epochs"": 20}",Cdp106_copts_s11_20260915-202340_wc60_30s
wc60_30s,copts,cdp106,WC,12,60.0,10,963.4525,20963.4525,10,963.452492,20963.452492,-0.0,TIE,0.8,159,47600,"{""stall_epochs"": 20}",Cdp106_copts_s12_20260915-202440_wc60_30s
wc60_30s,copts,cdp106,WC,13,60.0,10,963.4525,20963.4525,10,963.452492,20963.452492,-0.0,TIE,0.79,159,47650,"{""stall_epochs"": 20}",Cdp106_copts_s13_20260915-202540_wc60_30s
wc60_30s,copts,cdp106,WC,14,60.0,10,963.4525,20963.4525,10,963.452492,20963.452492,-0.0,TIE,0.39,159,47450,"{""stall_epochs"": 20}",Cdp106_copts_s14_20260915-202640_wc60_30s
wc60_30s,copts,cdp106,WC,15,60.0,10,963.4525,20963.4525,10,963.452492,20963.452492,-0.0,TIE,0.79,159,47450,"{""stall_epochs"": 20}",Cdp106_copts_s15_20260915-202740_wc60_30s
wc60_30s,copts,cdp106,WC,16,60.0,10,963.4525,20963.4525,10,963.452492,20963.452492,-0.0,TIE,0.8,159,47550,"{""stall_epochs"": 20}",Cdp106_copts_s16_20260915-202840_wc60_30s
wc60_30s,copts,cdp106,WC,17,60.0,10,963.4525,20963.4525,10,963.452492,20963.452492,-0.0,TIE,0.79,158,47350,"{""stall_epochs"": 20}",Cdp106_copts_s17_20260915-202940_wc60_30s
wc60_30s,copts,cdp106,WC,18,60.0,10,963.4525,20963.4525,10,963.452492,20963.452492,-0.0,TIE,0.8,159,47550,"{""stall_epochs"": 20}",Cdp106_copts_s18_20260915-203040_wc60_30s
wc60_30s,copts,cdp106,WC,19,60.0,10,963.4525,20963.4525,10,963.452492,20963.452492,-0.0,TIE,0.76,159,47500,"{""stall_epochs"": 20}",Cdp106_copts_s19_20260915-203140_wc60_30s
wc60_30s,copts,cdp106,WC,20,60.0,10,963.4525,20963.4525,10,963.452492,20963.452492,-0.0,TIE,0.78,159,47600,"{""stall_epochs"": 20}",Cdp106_copts_s20_20260915-203240_wc60_30s
wc60_30s,copts,cdp106,WC,21,60.0,10,963.4525,20963.4525,10,963.452492,20963.452492,-0.0,TIE,0.4,158,47400,"{""stall_epochs"": 20}",Cdp106_copts_s21_20260915-203340_wc60_30s
wc60_30s,copts,cdp106,WC,22,60.0,10,963.4525,20963.4525,10,963.452492,20963.452492,-0.0,TIE,0.38,160,47750,"{""stall_epochs"": 20}",Cdp106_copts_s22_20260915-203440_wc60_30s
wc60_30s,copts,cdp106,WC,23,60.0,10,963.4525,20963.4525,10,963.452492,20963.452492,-0.0,TIE,0.38,159,47500,"{""stall_epochs"": 20}",Cdp106_copts_s23_20260915-203540_wc60_30s
wc60_30s,copts,cdp106,WC,24,60.0,10,963.4525,20963.4525,10,963.452492,20963.452492,-0.0,TIE,0.38,159,47500,"{""stall_epochs"": 20}",Cdp106_copts_s24_20260915-203640_wc60_30s
wc60_30s,copts,cdp106,WC,25,60.0,10,963.4525,20963.4525,10,963.452492,20963.452492,-0.0,TIE,0.79,159,47550,"{""stall_epochs"": 20}",Cdp106_copts_s25_20260915-203740_wc60_30s
wc60_30s,copts,cdp106,WC,26,60.0,10,963.4525,20963.4525,10,963.452492,20963.452492,-0.0,TIE,0.79,159,47550,"{""stall_epochs"": 20}",Cdp106_copts_s26_20260915-203841_wc60_30s
wc60_30s,copts,cdp106,WC,27,60.0,10,963.4525,20963.4525,10,963.452492,20963.452492,-0.0,TIE,0.4,159,47500,"{""stall_epochs"": 20}",Cdp106_copts_s27_20260915-203941_wc60_30s
wc60_30s,copts,cdp106,WC,28,60.0,10,963.4525,20963.4525,10,963.452492,20963.452492,-0.0,TIE,0.79,159,47700,"{""stall_epochs"": 20}",Cdp106_copts_s28_20260915-204041_wc60_30s
wc60_30s,copts,cdp106,WC,29,60.0,10,963.4525,20963.4525,10,963.452492,20963.452492,-0.0,TIE,0.77,159,47450,"{""stall_epochs"": 20}",Cdp106_copts_s29_20260915-204141_wc60_30s
wc60_30s,copts,cdp106,WC,30,60.0,10,963.4525,20963.4525,10,963.452492,20963.452492,-0.0,TIE,0.82,159,47450,"{""stall_epochs"": 20}",Cdp106_copts_s30_20260915-204241_wc60_30s
wc60_30s,copts,cdp107,WC,1,60.0,10,987.6388,20987.6388,10,987.638782,20987.638782,-0.0,TIE,1.55,159,47600,"{""stall_epochs"": 20}",Cdp107_copts_s1_20260915-204341_wc60_30s
wc60_30s,copts,cdp107,WC,2,60.0,10,987.6388,20987.6388,10,987.638782,20987.638782,-0.0,TIE,1.88,160,47900,"{""stall_epochs"": 20}",Cdp107_copts_s2_20260915-204441_wc60_30s
wc60_30s,copts,cdp107,WC,3,60.0,10,987.6388,20987.6388,10,987.638782,20987.638782,-0.0,TIE,0.79,160,47900,"{""stall_epochs"": 20}",Cdp107_copts_s3_20260915-204541_wc60_30s
wc60_30s,copts,cdp107,WC,4,60.0,10,987.6388,20987.6388,10,987.638782,20987.638782,-0.0,TIE,3.45,159,47600,"{""stall_epochs"": 20}",Cdp107_copts_s4_20260915-204641_wc60_30s
wc60_30s,copts,cdp107,WC,5,60.0,10,987.6388,20987.6388,10,987.638782,20987.638782,-0.0,TIE,2.65,160,47950,"{""stall_epochs"": 20}",Cdp107_copts_s5_20260915-204741_wc60_30s
wc60_30s,copts,cdp107,WC,6,60.0,10,987.6388,20987.6388,10,987.638782,20987.638782,-0.0,TIE,0.78,160,47750,"{""stall_epochs"": 20}",Cdp107_copts_s6_20260915-204841_wc60_30s
wc60_30s,copts,cdp107,WC,7,60.0,10,987.6388,20987.6388,10,987.638782,20987.638782,-0.0,TIE,0.76,160,47950,"{""stall_epochs"": 20}",Cdp107_copts_s7_20260915-204941_wc60_30s
wc60_30s,copts,cdp107,WC,8,60.0,10,987.6388,20987.6388,10,987.638782,20987.638782,-0.0,TIE,2.25,159,47700,"{""stall_epochs"": 20}",Cdp107_copts_s8_20260915-205041_wc60_30s
wc60_30s,copts,cdp107,WC,9,60.0,10,987.6388,20987.6388,10,987.638782,20987.638782,-0.0,TIE,2.26,160,47750,"{""stall_epochs"": 20}",Cdp107_copts_s9_20260915-205141_wc60_30s
wc60_30s,copts,cdp107,WC,10,60.0,10,987.6388,20987.6388,10,987.638782,20987.638782,-0.0,TIE,0.78,159,47600,"{""stall_epochs"": 20}",Cdp107_copts_s10_20260915-205241_wc60_30s
wc60_30s,copts,cdp107,WC,11,60.0,10,987.6388,20987.6388,10,987.638782,20987.638782,-0.0,TIE,6.11,159,47600,"{""stall_epochs"": 20}",Cdp107_copts_s11_20260915-205342_wc60_30s
wc60_30s,copts,cdp107,WC,12,60.0,10,987.6388,20987.6388,10,987.638782,20987.638782,-0.0,TIE,0.78,159,47600,"{""stall_epochs"": 20}",Cdp107_copts_s12_20260915-205442_wc60_30s
wc60_30s,copts,cdp107,WC,13,60.0,10,987.6388,20987.6388,10,987.638782,20987.638782,-0.0,TIE,4.16,160,47850,"{""stall_epochs"": 20}",Cdp107_copts_s13_20260915-205542_wc60_30s
wc60_30s,copts,cdp107,WC,14,60.0,10,987.6388,20987.6388,10,987.638782,20987.638782,-0.0,TIE,0.77,160,47850,"{""stall_epochs"": 20}",Cdp107_copts_s14_20260915-205642_wc60_30s
wc60_30s,copts,cdp107,WC,15,60.0,10,987.6388,20987.6388,10,987.638782,20987.638782,-0.0,TIE,6.81,160,47950,"{""stall_epochs"": 20}",Cdp107_copts_s15_20260915-205742_wc60_30s
wc60_30s,copts,cdp107,WC,16,60.0,10,987.6388,20987.6388,10,987.638782,20987.638782,-0.0,TIE,3.45,160,47800,"{""stall_epochs"": 20}",Cdp107_copts_s16_20260915-205842_wc60_30s
wc60_30s,copts,cdp107,WC,17,60.0,10,987.6388,20987.6388,10,987.638782,20987.638782,-0.0,TIE,3.02,160,47750,"{""stall_epochs"": 20}",Cdp107_copts_s17_20260915-205942_wc60_30s
wc60_30s,copts,cdp107,WC,18,60.0,10,987.6388,20987.6388,10,987.638782,20987.638782,-0.0,TIE,7.53,160,47900,"{""stall_epochs"": 20}",Cdp107_copts_s18_20260915-210042_wc60_30s
wc60_30s,copts,cdp107,WC,19,60.0,10,987.6388,20987.6388,10,987.638782,20987.638782,-0.0,TIE,1.57,159,47550,"{""stall_epochs"": 20}",Cdp107_copts_s19_20260915-210142_wc60_30s
wc60_30s,copts,cdp107,WC,20,60.0,10,987.6388,20987.6388,10,987.638782,20987.638782,-0.0,TIE,16.62,160,47750,"{""stall_epochs"": 20}",Cdp107_copts_s20_20260915-210244_wc60_30s
wc60_30s,copts,cdp107,WC,21,60.0,10,987.6388,20987.6388,10,987.638782,20987.638782,-0.0,TIE,49.28,160,47900,"{""stall_epochs"": 20}",Cdp107_copts_s21_20260915-210344_wc60_30s
wc60_30s,copts,cdp107,WC,22,60.0,10,987.6388,20987.6388,10,987.638782,20987.638782,-0.0,TIE,19.64,160,47900,"{""stall_epochs"": 20}",Cdp107_copts_s22_20260915-210444_wc60_30s
wc60_30s,copts,cdp107,WC,23,60.0,10,987.6388,20987.6388,10,987.638782,20987.638782,-0.0,TIE,6.43,159,47700,"{""stall_epochs"": 20}",Cdp107_copts_s23_20260915-210544_wc60_30s
wc60_30s,copts,cdp107,WC,24,60.0,10,987.6388,20987.6388,10,987.638782,20987.638782,-0.0,TIE,1.54,160,47850,"{""stall_epochs"": 20}",Cdp107_copts_s24_20260915-210644_wc60_30s
wc60_30s,copts,cdp107,WC,25,60.0,10,987.6388,20987.6388,10,987.638782,20987.638782,-0.0,TIE,0.77,159,47650,"{""stall_epochs"": 20}",Cdp107_copts_s25_20260915-210744_wc60_30s
wc60_30s,copts,cdp107,WC,26,60.0,10,987.6388,20987.6388,10,987.638782,20987.638782,-0.0,TIE,1.52,160,47850,"{""stall_epochs"": 20}",Cdp107_copts_s26_20260915-210844_wc60_30s
wc60_30s,copts,cdp107,WC,27,60.0,10,987.6388,20987.6388,10,987.638782,20987.638782,-0.0,TIE,10.61,160,47800,"{""stall_epochs"": 20}",Cdp107_copts_s27_20260915-210944_wc60_30s
wc60_30s,copts,cdp107,WC,28,60.0,10,987.6388,20987.6388,10,987.638782,20987.638782,-0.0,TIE,8.7,160,47850,"{""stall_epochs"": 20}",Cdp107_copts_s28_20260915-211044_wc60_30s
wc60_30s,copts,cdp107,WC,29,60.0,10,987.6388,20987.6388,10,987.638782,20987.638782,-0.0,TIE,0.76,160,47950,"{""stall_epochs"": 20}",Cdp107_copts_s29_20260915-211144_wc60_30s
wc60_30s,copts,cdp107,WC,30,60.0,10,987.6388,20987.6388,10,987.638782,20987.638782,-0.0,TIE,13.66,160,47850,"{""stall_epochs"": 20}",Cdp107_copts_s30_20260915-211244_wc60_30s
wc60_30s,copts,cdp108,WC,1,60.0,10,932.4947,20932.4947,10,932.494665,20932.494665,0.0,TIE,0.49,128,38350,"{""stall_epochs"": 20}",Cdp108_copts_s1_20260915-211344_wc60_30s
wc60_30s,copts,cdp108,WC,2,60.0,10,932.4947,20932.4947,10,932.494665,20932.494665,0.0,TIE,0.48,128,38350,"{""stall_epochs"": 20}",Cdp108_copts_s2_20260915-211444_wc60_30s
wc60_30s,copts,cdp108,WC,3,60.0,10,932.4947,20932.4947,10,932.494665,20932.494665,0.0,TIE,0.49,128,38350,"{""stall_epochs"": 20}",Cdp108_copts_s3_20260915-211544_wc60_30s
wc60_30s,copts,cdp108,WC,4,60.0,10,932.4947,20932.4947,10,932.494665,20932.494665,0.0,TIE,0.49,127,38100,"{""stall_epochs"": 20}",Cdp108_copts_s4_20260915-211645_wc60_30s
wc60_30s,copts,cdp108,WC,5,60.0,10,932.4947,20932.4947,10,932.494665,20932.494665,0.0,TIE,0.51,128,38400,"{""stall_epochs"": 20}",Cdp108_copts_s5_20260915-211745_wc60_30s
wc60_30s,copts,cdp108,WC,6,60.0,10,932.4947,20932.4947,10,932.494665,20932.494665,0.0,TIE,0.5,128,38350,"{""stall_epochs"": 20}",Cdp108_copts_s6_20260915-211845_wc60_30s
wc60_30s,copts,cdp108,WC,7,60.0,10,932.4947,20932.4947,10,932.494665,20932.494665,0.0,TIE,0.49,128,38350,"{""stall_epochs"": 20}",Cdp108_copts_s7_20260915-211945_wc60_30s
wc60_30s,copts,cdp108,WC,8,60.0,10,932.4947,20932.4947,10,932.494665,20932.494665,0.0,TIE,0.48,128,38200,"{""stall_epochs"": 20}",Cdp108_copts_s8_20260915-212045_wc60_30s
wc60_30s,copts,cdp108,WC,9,60.0,10,932.4947,20932.4947,10,932.494665,20932.494665,0.0,TIE,0.48,128,38400,"{""stall_epochs"": 20}",Cdp108_copts_s9_20260915-212145_wc60_30s
wc60_30s,copts,cdp108,WC,10,60.0,10,932.4947,20932.4947,10,932.494665,20932.494665,0.0,TIE,0.5,128,38250,"{""stall_epochs"": 20}",Cdp108_copts_s10_20260915-212245_wc60_30s
wc60_30s,copts,cdp108,WC,11,60.0,10,932.4947,20932.4947,10,932.494665,20932.494665,0.0,TIE,0.48,128,38400,"{""stall_epochs"": 20}",Cdp108_copts_s11_20260915-212345_wc60_30s
wc60_30s,copts,cdp108,WC,12,60.0,10,932.4947,20932.4947,10,932.494665,20932.494665,0.0,TIE,0.5,128,38250,"{""stall_epochs"": 20}",Cdp108_copts_s12_20260915-212445_wc60_30s
wc60_30s,copts,cdp108,WC,13,60.0,10,932.4947,20932.4947,10,932.494665,20932.494665,0.0,TIE,0.48,127,37950,"{""stall_epochs"": 20}",Cdp108_copts_s13_20260915-212545_wc60_30s
wc60_30s,copts,cdp108,WC,14,60.0,10,932.4947,20932.4947,10,932.494665,20932.494665,0.0,TIE,0.5,129,38500,"{""stall_epochs"": 20}",Cdp108_copts_s14_20260915-212645_wc60_30s
wc60_30s,copts,cdp108,WC,15,60.0,10,932.4947,20932.4947,10,932.494665,20932.494665,0.0,TIE,0.49,128,38150,"{""stall_epochs"": 20}",Cdp108_copts_s15_20260915-212745_wc60_30s
wc60_30s,copts,cdp108,WC,16,60.0,10,932.4947,20932.4947,10,932.494665,20932.494665,0.0,TIE,0.5,128,38300,"{""stall_epochs"": 20}",Cdp108_copts_s16_20260915-212846_wc60_30s
wc60_30s,copts,cdp108,WC,17,60.0,10,932.4947,20932.4947,10,932.494665,20932.494665,0.0,TIE,0.49,129,38450,"{""stall_epochs"": 20}",Cdp108_copts_s17_20260915-212946_wc60_30s
wc60_30s,copts,cdp108,WC,18,60.0,10,932.4947,20932.4947,10,932.494665,20932.494665,0.0,TIE,0.49,128,38300,"{""stall_epochs"": 20}",Cdp108_copts_s18_20260915-213046_wc60_30s
wc60_30s,copts,cdp108,WC,19,60.0,10,932.4947,20932.4947,10,932.494665,20932.494665,0.0,TIE,0.49,128,38300,"{""stall_epochs"": 20}",Cdp108_copts_s19_20260915-213146_wc60_30s
wc60_30s,copts,cdp108,WC,20,60.0,10,932.4947,20932.4947,10,932.494665,20932.494665,0.0,TIE,0.49,129,38450,"{""stall_epochs"": 20}",Cdp108_copts_s20_20260915-213246_wc60_30s
wc60_30s,copts,cdp108,WC,21,60.0,10,932.4947,20932.4947,10,932.494665,20932.494665,0.0,TIE,0.49,128,38400,"{""stall_epochs"": 20}",Cdp108_copts_s21_20260915-213346_wc60_30s
wc60_30s,copts,cdp108,WC,22,60.0,10,932.4947,20932.4947,10,932.494665,20932.494665,0.0,TIE,0.5,128,38300,"{""stall_epochs"": 20}",Cdp108_copts_s22_20260915-213446_wc60_30s
wc60_30s,copts,cdp108,WC,23,60.0,10,932.4947,20932.4947,10,932.494665,20932.494665,0.0,TIE,0.49,128,38400,"{""stall_epochs"": 20}",Cdp108_copts_s23_20260915-213546_wc60_30s
wc60_30s,copts,cdp108,WC,24,60.0,10,932.4947,20932.4947,10,932.494665,20932.494665,0.0,TIE,0.48,128,38400,"{""stall_epochs"": 20}",Cdp108_copts_s24_20260915-213646_wc60_30s
wc60_30s,copts,cdp108,WC,25,60.0,10,932.4947,20932.4947,10,932.494665,20932.494665,0.0,TIE,0.5,128,38350,"{""stall_epochs"": 20}",Cdp108_copts_s25_20260915-213746_wc60_30s
wc60_30s,copts,cdp108,WC,26,60.0,10,932.4947,20932.4947,10,932.494665,20932.494665,0.0,TIE,0.49,128,38250,"{""stall_epochs"": 20}",Cdp108_copts_s26_20260915-213846_wc60_30s
wc60_30s,copts,cdp108,WC,27,60.0,10,932.4947,20932.4947,10,932.494665,20932.494665,0.0,TIE,0.5,128,38350,"{""stall_epochs"": 20}",Cdp108_copts_s27_20260915-213946_wc60_30s
wc60_30s,copts,cdp108,WC,28,60.0,10,932.4947,20932.4947,10,932.494665,20932.494665,0.0,TIE,0.51,127,38100,"{""stall_epochs"": 20}",Cdp108_copts_s28_20260915-214046_wc60_30s
wc60_30s,copts,cdp108,WC,29,60.0,10,932.4947,20932.4947,10,932.494665,20932.494665,0.0,TIE,0.49,128,38300,"{""stall_epochs"": 20}",Cdp108_copts_s29_20260915-214147_wc60_30s
wc60_30s,copts,cdp108,WC,30,60.0,10,932.4947,20932.4947,10,932.494665,20932.494665,0.0,TIE,0.49,128,38350,"{""stall_epochs"": 20}",Cdp108_copts_s30_20260915-214247_wc60_30s
wc60_30s,copts,cdp109,WC,1,60.0,10,909.266,20909.266,10,909.26601,20909.26601,0.0,TIE,1.25,100,29900,"{""stall_epochs"": 20}",Cdp109_copts_s1_20260915-214347_wc60_30s
wc60_30s,copts,cdp109,WC,2,60.0,10,909.266,20909.266,10,909.26601,20909.26601,0.0,TIE,0.61,100,30000,"{""stall_epochs"": 20}",Cdp109_copts_s2_20260915-214447_wc60_30s
wc60_30s,copts,cdp109,WC,3,60.0,10,909.266,20909.266,10,909.26601,20909.26601,0.0,TIE,1.22,100,29950,"{""stall_epochs"": 20}",Cdp109_copts_s3_20260915-214547_wc60_30s
wc60_30s,copts,cdp109,WC,4,60.0,10,909.266,20909.266,10,909.26601,20909.26601,0.0,TIE,0.63,100,29900,"{""stall_epochs"": 20}",Cdp109_copts_s4_20260915-214647_wc60_30s
wc60_30s,copts,cdp109,WC,5,60.0,10,909.266,20909.266,10,909.26601,20909.26601,0.0,TIE,1.22,100,29900,"{""stall_epochs"": 20}",Cdp109_copts_s5_20260915-214747_wc60_30s
wc60_30s,copts,cdp109,WC,6,60.0,10,909.266,20909.266,10,909.26601,20909.26601,0.0,TIE,0.63,100,29850,"{""stall_epochs"": 20}",Cdp109_copts_s6_20260915-214847_wc60_30s
wc60_30s,copts,cdp109,WC,7,60.0,10,909.266,20909.266,10,909.26601,20909.26601,0.0,TIE,1.24,100,29850,"{""stall_epochs"": 20}",Cdp109_copts_s7_20260915-214947_wc60_30s
wc60_30s,copts,cdp109,WC,8,60.0,10,909.266,20909.266,10,909.26601,20909.26601,0.0,TIE,0.62,100,29950,"{""stall_epochs"": 20}",Cdp109_copts_s8_20260915-215047_wc60_30s
wc60_30s,copts,cdp109,WC,9,60.0,10,909.266,20909.266,10,909.26601,20909.26601,0.0,TIE,0.62,100,29900,"{""stall_epochs"": 20}",Cdp109_copts_s9_20260915-215147_wc60_30s
wc60_30s,copts,cdp109,WC,10,60.0,10,909.266,20909.266,10,909.26601,20909.26601,0.0,TIE,0.61,100,29950,"{""stall_epochs"": 20}",Cdp109_copts_s10_20260915-215247_wc60_30s
wc60_30s,copts,cdp109,WC,11,60.0,10,909.266,20909.266,10,909.26601,20909.26601,0.0,TIE,1.23,100,29950,"{""stall_epochs"": 20}",Cdp109_copts_s11_20260915-215347_wc60_30s
wc60_30s,copts,cdp109,WC,12,60.0,10,909.266,20909.266,10,909.26601,20909.26601,0.0,TIE,1.82,100,30000,"{""stall_epochs"": 20}",Cdp109_copts_s12_20260915-215447_wc60_30s
wc60_30s,copts,cdp109,WC,13,60.0,10,909.266,20909.266,10,909.26601,20909.26601,0.0,TIE,0.63,100,29950,"{""stall_epochs"": 20}",Cdp109_copts_s13_20260915-215547_wc60_30s
wc60_30s,copts,cdp109,WC,14,60.0,10,909.266,20909.266,10,909.26601,20909.26601,0.0,TIE,0.61,100,30000,"{""stall_epochs"": 20}",Cdp109_copts_s14_20260915-215648_wc60_30s
wc60_30s,copts,cdp109,WC,15,60.0,10,909.266,20909.266,10,909.26601,20909.26601,0.0,TIE,1.23,100,29850,"{""stall_epochs"": 20}",Cdp109_copts_s15_20260915-215748_wc60_30s
wc60_30s,copts,cdp109,WC,16,60.0,10,909.266,20909.266,10,909.26601,20909.26601,0.0,TIE,1.23,100,29900,"{""stall_epochs"": 20}",Cdp109_copts_s16_20260915-215848_wc60_30s
wc60_30s,copts,cdp109,WC,17,60.0,10,909.266,20909.266,10,909.26601,20909.26601,0.0,TIE,0.61,100,29900,"{""stall_epochs"": 20}",Cdp109_copts_s17_20260915-215948_wc60_30s
wc60_30s,copts,cdp109,WC,18,60.0,10,909.266,20909.266,10,909.26601,20909.26601,0.0,TIE,0.62,100,29850,"{""stall_epochs"": 20}",Cdp109_copts_s18_20260915-220048_wc60_30s
wc60_30s,copts,cdp109,WC,19,60.0,10,909.266,20909.266,10,909.26601,20909.26601,0.0,TIE,0.63,100,29800,"{""stall_epochs"": 20}",Cdp109_copts_s19_20260915-220148_wc60_30s
wc60_30s,copts,cdp109,WC,20,60.0,10,909.266,20909.266,10,909.26601,20909.26601,0.0,TIE,1.25,100,29900,"{""stall_epochs"": 20}",Cdp109_copts_s20_20260915-220248_wc60_30s
wc60_30s,copts,cdp109,WC,21,60.0,10,909.266,20909.266,10,909.26601,20909.26601,0.0,TIE,0.62,100,29850,"{""stall_epochs"": 20}",Cdp109_copts_s21_20260915-220348_wc60_30s
wc60_30s,copts,cdp109,WC,22,60.0,10,909.266,20909.266,10,909.26601,20909.26601,0.0,TIE,1.24,100,29900,"{""stall_epochs"": 20}",Cdp109_copts_s22_20260915-220448_wc60_30s
wc60_30s,copts,cdp109,WC,23,60.0,10,909.266,20909.266,10,909.26601,20909.26601,0.0,TIE,0.62,100,29850,"{""stall_epochs"": 20}",Cdp109_copts_s23_20260915-220548_wc60_30s
wc60_30s,copts,cdp109,WC,24,60.0,10,909.266,20909.266,10,909.26601,20909.26601,0.0,TIE,1.24,100,29900,"{""stall_epochs"": 20}",Cdp109_copts_s24_20260915-220648_wc60_30s
wc60_30s,copts,cdp109,WC,25,60.0,10,909.266,20909.266,10,909.26601,20909.26601,0.0,TIE,0.63,100,29850,"{""stall_epochs"": 20}",Cdp109_copts_s25_20260915-220748_wc60_30s
wc60_30s,copts,cdp109,WC,26,60.0,10,909.266,20909.266,10,909.26601,20909.26601,0.0,TIE,1.85,100,29900,"{""stall_epochs"": 20}",Cdp109_copts_s26_20260915-220848_wc60_30s
wc60_30s,copts,cdp109,WC,27,60.0,10,909.266,20909.266,10,909.26601,20909.26601,0.0,TIE,1.24,100,29850,"{""stall_epochs"": 20}",Cdp109_copts_s27_20260915-220948_wc60_30s
wc60_30s,copts,cdp109,WC,28,60.0,10,909.266,20909.266,10,909.26601,20909.26601,0.0,TIE,0.62,100,29900,"{""stall_epochs"": 20}",Cdp109_copts_s28_20260915-221049_wc60_30s
wc60_30s,copts,cdp109,WC,29,60.0,10,909.266,20909.266,10,909.26601,20909.26601,0.0,TIE,1.24,100,29950,"{""stall_epochs"": 20}",Cdp109_copts_s29_20260915-221149_wc60_30s
wc60_30s,copts,cdp109,WC,30,60.0,10,909.266,20909.266,10,909.26601,20909.26601,0.0,TIE,0.61,100,29950,"{""stall_epochs"": 20}",Cdp109_copts_s30_20260915-221249_wc60_30s
wc60_30s,copts,cdp201,WC,1,60.0,3,591.5566,6591.5566,3,591.556557,6591.556557,-0.0,TIE,0.28,226,67600,"{""stall_epochs"": 20}",Cdp201_copts_s1_20260915-221349_wc60_30s
wc60_30s,copts,cdp201,WC,2,60.0,3,591.5566,6591.5566,3,591.556557,6591.556557,-0.0,TIE,0.27,226,67700,"{""stall_epochs"": 20}",Cdp201_copts_s2_20260915-221449_wc60_30s
wc60_30s,copts,cdp201,WC,3,60.0,3,591.5566,6591.5566,3,591.556557,6591.556557,-0.0,TIE,0.27,226,67800,"{""stall_epochs"": 20}",Cdp201_copts_s3_20260915-221549_wc60_30s
wc60_30s,copts,cdp201,WC,4,60.0,3,591.5566,6591.5566,3,591.556557,6591.556557,-0.0,TIE,0.27,226,67750,"{""stall_epochs"": 20}",Cdp201_copts_s4_20260915-221649_wc60_30s
wc60_30s,copts,cdp201,WC,5,60.0,3,591.5566,6591.5566,3,591.556557,6591.556557,-0.0,TIE,0.27,226,67650,"{""stall_epochs"": 20}",Cdp201_copts_s5_20260915-221749_wc60_30s
wc60_30s,copts,cdp201,WC,6,60.0,3,591.5566,6591.5566,3,591.556557,6591.556557,-0.0,TIE,0.27,226,67700,"{""stall_epochs"": 20}",Cdp201_copts_s6_20260915-221849_wc60_30s
wc60_30s,copts,cdp201,WC,7,60.0,3,591.5566,6591.5566,3,591.556557,6591.556557,-0.0,TIE,0.27,226,67800,"{""stall_epochs"": 20}",Cdp201_copts_s7_20260915-221949_wc60_30s
wc60_30s,copts,cdp201,WC,8,60.0,3,591.5566,6591.5566,3,591.556557,6591.556557,-0.0,TIE,0.27,226,67600,"{""stall_epochs"": 20}",Cdp201_copts_s8_20260915-222049_wc60_30s
wc60_30s,copts,cdp201,WC,9,60.0,3,591.5566,6591.5566,3,591.556557,6591.556557,-0.0,TIE,0.27,226,67800,"{""stall_epochs"": 20}",Cdp201_copts_s9_20260915-222149_wc60_30s
wc60_30s,copts,cdp201,WC,10,60.0,3,591.5566,6591.5566,3,591.556557,6591.556557,-0.0,TIE,0.27,226,67700,"{""stall_epochs"": 20}",Cdp201_copts_s10_20260915-222249_wc60_30s
wc60_30s,copts,cdp201,WC,11,60.0,3,591.5566,6591.5566,3,591.556557,6591.556557,-0.0,TIE,0.27,226,67750,"{""stall_epochs"": 20}",Cdp201_copts_s11_20260915-222349_wc60_30s
wc60_30s,copts,cdp201,WC,12,60.0,3,591.5566,6591.5566,3,591.556557,6591.556557,-0.0,TIE,0.27,227,67850,"{""stall_epochs"": 20}",Cdp201_copts_s12_20260915-222449_wc60_30s
wc60_30s,copts,cdp201,WC,13,60.0,3,591.5566,6591.5566,3,591.556557,6591.556557,-0.0,TIE,0.28,226,67700,"{""stall_epochs"": 20}",Cdp201_copts_s13_20260915-222549_wc60_30s
wc60_30s,copts,cdp201,WC,14,60.0,3,591.5566,6591.5566,3,591.556557,6591.556557,-0.0,TIE,0.27,226,67700,"{""stall_epochs"": 20}",Cdp201_copts_s14_20260915-222649_wc60_30s
wc60_30s,copts,cdp201,WC,15,60.0,3,591.5566,6591.5566,3,591.556557,6591.556557,-0.0,TIE,0.27,226,67700,"{""stall_epochs"": 20}",Cdp201_copts_s15_20260915-222749_wc60_30s
wc60_30s,copts,cdp201,WC,16,60.0,3,591.5566,6591.5566,3,591.556557,6591.556557,-0.0,TIE,0.27,226,67700,"{""stall_epochs"": 20}",Cdp201_copts_s16_20260915-222850_wc60_30s
wc60_30s,copts,cdp201,WC,17,60.0,3,591.5566,6591.5566,3,591.556557,6591.556557,-0.0,TIE,0.27,226,67800,"{""stall_epochs"": 20}",Cdp201_copts_s17_20260915-222950_wc60_30s
wc60_30s,copts,cdp201,WC,18,60.0,3,591.5566,6591.5566,3,591.556557,6591.556557,-0.0,TIE,0.27,226,67750,"{""stall_epochs"": 20}",Cdp201_copts_s18_20260915-223050_wc60_30s
wc60_30s,copts,cdp201,WC,19,60.0,3,591.5566,6591.5566,3,591.556557,6591.556557,-0.0,TIE,0.27,227,67850,"{""stall_epochs"": 20}",Cdp201_copts_s19_20260915-223150_wc60_30s
wc60_30s,copts,cdp201,WC,20,60.0,3,591.5566,6591.5566,3,591.556557,6591.556557,-0.0,TIE,0.27,226,67800,"{""stall_epochs"": 20}",Cdp201_copts_s20_20260915-223250_wc60_30s
wc60_30s,copts,cdp201,WC,21,60.0,3,591.5566,6591.5566,3,591.556557,6591.556557,-0.0,TIE,0.27,226,67750,"{""stall_epochs"": 20}",Cdp201_copts_s21_20260915-223350_wc60_30s
wc60_30s,copts,cdp201,WC,22,60.0,3,591.5566,6591.5566,3,591.556557,6591.556557,-0.0,TIE,0.27,226,67750,"{""stall_epochs"": 20}",Cdp201_copts_s22_20260915-223450_wc60_30s
wc60_30s,copts,cdp201,WC,23,60.0,3,591.5566,6591.5566,3,591.556557,6591.556557,-0.0,TIE,0.27,226,67700,"{""stall_epochs"": 20}",Cdp201_copts_s23_20260915-223550_wc60_30s
wc60_30s,copts,cdp201,WC,24,60.0,3,591.5566,6591.5566,3,591.556557,6591.556557,-0.0,TIE,0.27,226,67800,"{""stall_epochs"": 20}",Cdp201_copts_s24_20260915-223650_wc60_30s
wc60_30s,copts,cdp201,WC,25,60.0,3,591.5566,6591.5566,3,591.556557,6591.556557,-0.0,TIE,0.27,226,67650,"{""stall_epochs"": 20}",Cdp201_copts_s25_20260915-223750_wc60_30s
wc60_30s,copts,cdp201,WC,26,60.0,3,591.5566,6591.5566,3,591.556557,6591.556557,-0.0,TIE,0.27,226,67750,"{""stall_epochs"": 20}",Cdp201_copts_s26_20260915-223850_wc60_30s
wc60_30s,copts,cdp201,WC,27,60.0,3,591.5566,6591.5566,3,591.556557,6591.556557,-0.0,TIE,0.27,226,67800,"{""stall_epochs"": 20}",Cdp201_copts_s27_20260915-223950_wc60_30s
wc60_30s,copts,cdp201,WC,28,60.0,3,591.5566,6591.5566,3,591.556557,6591.556557,-0.0,TIE,0.27,226,67750,"{""stall_epochs"": 20}",Cdp201_copts_s28_20260915-224050_wc60_30s
wc60_30s,copts,cdp201,WC,29,60.0,3,591.5566,6591.5566,3,591.556557,6591.556557,-0.0,TIE,0.27,226,67750,"{""stall_epochs"": 20}",Cdp201_copts_s29_20260915-224150_wc60_30s
wc60_30s,copts,cdp201,WC,30,60.0,3,591.5566,6591.5566,3,591.556557,6591.556557,-0.0,TIE,0.27,226,67750,"{""stall_epochs"": 20}",Cdp201_copts_s30_20260915-224250_wc60_30s
wc60_30s,copts,cdp202,WC,1,60.0,3,591.5566,6591.5566,3,591.556557,6591.556557,-0.0,TIE,1.21,51,15050,"{""stall_epochs"": 20}",Cdp202_copts_s1_20260915-224350_wc60_30s
wc60_30s,copts,cdp202,WC,2,60.0,3,591.5566,6591.5566,3,591.556557,6591.556557,-0.0,TIE,1.21,51,15050,"{""stall_epochs"": 20}",Cdp202_copts_s2_20260915-224451_wc60_30s
wc60_30s,copts,cdp202,WC,3,60.0,3,591.5566,6591.5566,3,591.556557,6591.556557,-0.0,TIE,1.22,51,15050,"{""stall_epochs"": 20}",Cdp202_copts_s3_20260915-224551_wc60_30s
wc60_30s,copts,cdp202,WC,4,60.0,3,591.5566,6591.5566,3,591.556557,6591.556557,-0.0,TIE,1.21,51,15050,"{""stall_epochs"": 20}",Cdp202_copts_s4_20260915-224651_wc60_30s
wc60_30s,copts,cdp202,WC,5,60.0,3,591.5566,6591.5566,3,591.556557,6591.556557,-0.0,TIE,1.22,51,15050,"{""stall_epochs"": 20}",Cdp202_copts_s5_20260915-224751_wc60_30s
wc60_30s,copts,cdp202,WC,6,60.0,3,591.5566,6591.5566,3,591.556557,6591.556557,-0.0,TIE,1.21,50,15000,"{""stall_epochs"": 20}",Cdp202_copts_s6_20260915-224851_wc60_30s
wc60_30s,copts,cdp202,WC,7,60.0,3,591.5566,6591.5566,3,591.556557,6591.556557,-0.0,TIE,1.21,50,14950,"{""stall_epochs"": 20}",Cdp202_copts_s7_20260915-224951_wc60_30s
wc60_30s,copts,cdp202,WC,8,60.0,3,591.5566,6591.5566,3,591.556557,6591.556557,-0.0,TIE,1.21,51,15050,"{""stall_epochs"": 20}",Cdp202_copts_s8_20260915-225051_wc60_30s
wc60_30s,copts,cdp202,WC,9,60.0,3,591.5566,6591.5566,3,591.556557,6591.556557,-0.0,TIE,1.21,51,15050,"{""stall_epochs"": 20}",Cdp202_copts_s9_20260915-225151_wc60_30s
wc60_30s,copts,cdp202,WC,10,60.0,3,591.5566,6591.5566,3,591.556557,6591.556557,-0.0,TIE,1.23,50,15000,"{""stall_epochs"": 20}",Cdp202_copts_s10_20260915-225251_wc60_30s
wc60_30s,copts,cdp202,WC,11,60.0,3,591.5566,6591.5566,3,591.556557,6591.556557,-0.0,TIE,1.22,50,15000,"{""stall_epochs"": 20}",Cdp202_copts_s11_20260915-225352_wc60_30s
wc60_30s,copts,cdp202,WC,12,60.0,3,591.5566,6591.5566,3,591.556557,6591.556557,-0.0,TIE,1.21,51,15050,"{""stall_epochs"": 20}",Cdp202_copts_s12_20260915-225452_wc60_30s
wc60_30s,copts,cdp202,WC,13,60.0,3,591.5566,6591.5566,3,591.556557,6591.556557,-0.0,TIE,1.21,51,15050,"{""stall_epochs"": 20}",Cdp202_copts_s13_20260915-225552_wc60_30s
wc60_30s,copts,cdp202,WC,14,60.0,3,591.5566,6591.5566,3,591.556557,6591.556557,-0.0,TIE,1.21,50,15000,"{""stall_epochs"": 20}",Cdp202_copts_s14_20260915-225652_wc60_30s
wc60_30s,copts,cdp202,WC,15,60.0,3,591.5566,6591.5566,3,591.556557,6591.556557,-0.0,TIE,1.21,50,15000,"{""stall_epochs"": 20}",Cdp202_copts_s15_20260915-225752_wc60_30s
wc60_30s,copts,cdp202,WC,16,60.0,3,591.5566,6591.5566,3,591.556557,6591.556557,-0.0,TIE,1.21,51,15050,"{""stall_epochs"": 20}",Cdp202_copts_s16_20260915-225852_wc60_30s
wc60_30s,copts,cdp202,WC,17,60.0,3,591.5566,6591.5566,3,591.556557,6591.556557,-0.0,TIE,1.21,50,15000,"{""stall_epochs"": 20}",Cdp202_copts_s17_20260915-225952_wc60_30s
wc60_30s,copts,cdp202,WC,18,60.0,3,591.5566,6591.5566,3,591.556557,6591.556557,-0.0,TIE,1.22,50,15000,"{""stall_epochs"": 20}",Cdp202_copts_s18_20260915-230052_wc60_30s
wc60_30s,copts,cdp202,WC,19,60.0,3,591.5566,6591.5566,3,591.556557,6591.556557,-0.0,TIE,1.21,50,15000,"{""stall_epochs"": 20}",Cdp202_copts_s19_20260915-230152_wc60_30s
wc60_30s,copts,cdp202,WC,20,60.0,3,591.5566,6591.5566,3,591.556557,6591.556557,-0.0,TIE,1.21,51,15050,"{""stall_epochs"": 20}",Cdp202_copts_s20_20260915-230253_wc60_30s
wc60_30s,copts,cdp202,WC,21,60.0,3,591.5566,6591.5566,3,591.556557,6591.556557,-0.0,TIE,1.23,50,15000,"{""stall_epochs"": 20}",Cdp202_copts_s21_20260915-230353_wc60_30s
wc60_30s,copts,cdp202,WC,22,60.0,3,591.5566,6591.5566,3,591.556557,6591.556557,-0.0,TIE,1.21,50,15000,"{""stall_epochs"": 20}",Cdp202_copts_s22_20260915-230453_wc60_30s
wc60_30s,copts,cdp202,WC,23,60.0,3,591.5566,6591.5566,3,591.556557,6591.556557,-0.0,TIE,1.22,50,14950,"{""stall_epochs"": 20}",Cdp202_copts_s23_20260915-230553_wc60_30s
wc60_30s,copts,cdp202,WC,24,60.0,3,591.5566,6591.5566,3,591.556557,6591.556557,-0.0,TIE,1.21,50,15000,"{""stall_epochs"": 20}",Cdp202_copts_s24_20260915-230653_wc60_30s
wc60_30s,copts,cdp202,WC,25,60.0,3,591.5566,6591.5566,3,591.556557,6591.556557,-0.0,TIE,1.21,50,15000,"{""stall_epochs"": 20}",Cdp202_copts_s25_20260915-230753_wc60_30s
wc60_30s,copts,cdp202,WC,26,60.0,3,591.5566,6591.5566,3,591.556557,6591.556557,-0.0,TIE,1.21,51,15050,"{""stall_epochs"": 20}",Cdp202_copts_s26_20260915-230853_wc60_30s
wc60_30s,copts,cdp202,WC,27,60.0,3,591.5566,6591.5566,3,591.556557,6591.556557,-0.0,TIE,1.22,50,15000,"{""stall_epochs"": 20}",Cdp202_copts_s27_20260915-230953_wc60_30s
wc60_30s,copts,cdp202,WC,28,60.0,3,591.5566,6591.5566,3,591.556557,6591.556557,-0.0,TIE,1.21,50,15000,"{""stall_epochs"": 20}",Cdp202_copts_s28_20260915-231053_wc60_30s
wc60_30s,copts,cdp202,WC,29,60.0,3,591.5566,6591.5566,3,591.556557,6591.556557,-0.0,TIE,1.2,51,15100,"{""stall_epochs"": 20}",Cdp202_copts_s29_20260915-231154_wc60_30s
wc60_30s,copts,cdp202,WC,30,60.0,3,591.5566,6591.5566,3,591.556557,6591.556557,-0.0,TIE,1.21,50,15000,"{""stall_epochs"": 20}",Cdp202_copts_s30_20260915-231254_wc60_30s
wc60_30s,copts,cdp203,WC,1,60.0,3,591.1734,6591.1734,3,591.173443,6591.173443,-0.0,TIE,1.75,35,10350,"{""stall_epochs"": 20}",Cdp203_copts_s1_20260915-231354_wc60_30s
wc60_30s,copts,cdp203,WC,2,60.0,3,591.1734,6591.1734,3,591.173443,6591.173443,-0.0,TIE,1.75,35,10350,"{""stall_epochs"": 20}",Cdp203_copts_s2_20260915-231454_wc60_30s
wc60_30s,copts,cdp203,WC,3,60.0,3,591.1734,6591.1734,3,591.173443,6591.173443,-0.0,TIE,1.74,35,10350,"{""stall_epochs"": 20}",Cdp203_copts_s3_20260915-231554_wc60_30s
wc60_30s,copts,cdp203,WC,4,60.0,3,591.1734,6591.1734,3,591.173443,6591.173443,-0.0,TIE,1.75,35,10400,"{""stall_epochs"": 20}",Cdp203_copts_s4_20260915-231654_wc60_30s
wc60_30s,copts,cdp203,WC,5,60.0,3,591.1734,6591.1734,3,591.173443,6591.173443,-0.0,TIE,1.74,35,10350,"{""stall_epochs"": 20}",Cdp203_copts_s5_20260915-231755_wc60_30s
wc60_30s,copts,cdp203,WC,6,60.0,3,591.1734,6591.1734,3,591.173443,6591.173443,-0.0,TIE,1.74,35,10350,"{""stall_epochs"": 20}",Cdp203_copts_s6_20260915-231855_wc60_30s
wc60_30s,copts,cdp203,WC,7,60.0,3,591.1734,6591.1734,3,591.173443,6591.173443,-0.0,TIE,1.75,35,10350,"{""stall_epochs"": 20}",Cdp203_copts_s7_20260915-231955_wc60_30s
wc60_30s,copts,cdp203,WC,8,60.0,3,591.1734,6591.1734,3,591.173443,6591.173443,-0.0,TIE,1.74,35,10350,"{""stall_epochs"": 20}",Cdp203_copts_s8_20260915-232055_wc60_30s
wc60_30s,copts,cdp203,WC,9,60.0,3,591.1734,6591.1734,3,591.173443,6591.173443,-0.0,TIE,1.73,35,10350,"{""stall_epochs"": 20}",Cdp203_copts_s9_20260915-232155_wc60_30s
wc60_30s,copts,cdp203,WC,10,60.0,3,591.1734,6591.1734,3,591.173443,6591.173443,-0.0,TIE,1.73,35,10350,"{""stall_epochs"": 20}",Cdp203_copts_s10_20260915-232256_wc60_30s
wc60_30s,copts,cdp203,WC,11,60.0,3,591.1734,6591.1734,3,591.173443,6591.173443,-0.0,TIE,1.75,35,10350,"{""stall_epochs"": 20}",Cdp203_copts_s11_20260915-232356_wc60_30s
wc60_30s,copts,cdp203,WC,12,60.0,3,591.1734,6591.1734,3,591.173443,6591.173443,-0.0,TIE,1.74,35,10350,"{""stall_epochs"": 20}",Cdp203_copts_s12_20260915-232456_wc60_30s
wc60_30s,copts,cdp203,WC,13,60.0,3,591.1734,6591.1734,3,591.173443,6591.173443,-0.0,TIE,1.75,35,10350,"{""stall_epochs"": 20}",Cdp203_copts_s13_20260915-232556_wc60_30s
wc60_30s,copts,cdp203,WC,14,60.0,3,591.1734,6591.1734,3,591.173443,6591.173443,-0.0,TIE,1.75,35,10350,"{""stall_epochs"": 20}",Cdp203_copts_s14_20260915-232656_wc60_30s
wc60_30s,copts,cdp203,WC,15,60.0,3,591.1734,6591.1734,3,591.173443,6591.173443,-0.0,TIE,1.74,35,10350,"{""stall_epochs"": 20}",Cdp203_copts_s15_20260915-232756_wc60_30s
wc60_30s,copts,cdp203,WC,16,60.0,3,591.1734,6591.1734,3,591.173443,6591.173443,-0.0,TIE,1.74,35,10350,"{""stall_epochs"": 20}",Cdp203_copts_s16_20260915-232857_wc60_30s
wc60_30s,copts,cdp203,WC,17,60.0,3,591.1734,6591.1734,3,591.173443,6591.173443,-0.0,TIE,1.74,35,10350,"{""stall_epochs"": 20}",Cdp203_copts_s17_20260915-232957_wc60_30s
wc60_30s,copts,cdp203,WC,18,60.0,3,591.1734,6591.1734,3,591.173443,6591.173443,-0.0,TIE,1.75,35,10350,"{""stall_epochs"": 20}",Cdp203_copts_s18_20260915-233057_wc60_30s
wc60_30s,copts,cdp203,WC,19,60.0,3,591.1734,6591.1734,3,591.173443,6591.173443,-0.0,TIE,1.76,35,10350,"{""stall_epochs"": 20}",Cdp203_copts_s19_20260915-233157_wc60_30s
wc60_30s,copts,cdp203,WC,20,60.0,3,591.1734,6591.1734,3,591.173443,6591.173443,-0.0,TIE,1.74,35,10350,"{""stall_epochs"": 20}",Cdp203_copts_s20_20260915-233257_wc60_30s
wc60_30s,copts,cdp203,WC,21,60.0,3,591.1734,6591.1734,3,591.173443,6591.173443,-0.0,TIE,1.75,35,10350,"{""stall_epochs"": 20}",Cdp203_copts_s21_20260915-233358_wc60_30s
wc60_30s,copts,cdp203,WC,22,60.0,3,591.1734,6591.1734,3,591.173443,6591.173443,-0.0,TIE,1.74,35,10350,"{""stall_epochs"": 20}",Cdp203_copts_s22_20260915-233458_wc60_30s
wc60_30s,copts,cdp203,WC,23,60.0,3,591.1734,6591.1734,3,591.173443,6591.173443,-0.0,TIE,1.74,35,10350,"{""stall_epochs"": 20}",Cdp203_copts_s23_20260915-233558_wc60_30s
wc60_30s,copts,cdp203,WC,24,60.0,3,591.1734,6591.1734,3,591.173443,6591.173443,-0.0,TIE,1.76,35,10300,"{""stall_epochs"": 20}",Cdp203_copts_s24_20260915-233658_wc60_30s
wc60_30s,copts,cdp203,WC,25,60.0,3,591.1734,6591.1734,3,591.173443,6591.173443,-0.0,TIE,1.75,35,10300,"{""stall_epochs"": 20}",Cdp203_copts_s25_20260915-233758_wc60_30s
wc60_30s,copts,cdp203,WC,26,60.0,3,591.1734,6591.1734,3,591.173443,6591.173443,-0.0,TIE,1.75,35,10350,"{""stall_epochs"": 20}",Cdp203_copts_s26_20260915-233858_wc60_30s
wc60_30s,copts,cdp203,WC,27,60.0,3,591.1734,6591.1734,3,591.173443,6591.173443,-0.0,TIE,1.76,35,10350,"{""stall_epochs"": 20}",Cdp203_copts_s27_20260915-233959_wc60_30s
wc60_30s,copts,cdp203,WC,28,60.0,3,591.1734,6591.1734,3,591.173443,6591.173443,-0.0,TIE,1.73,35,10350,"{""stall_epochs"": 20}",Cdp203_copts_s28_20260915-234059_wc60_30s
wc60_30s,copts,cdp203,WC,29,60.0,3,591.1734,6591.1734,3,591.173443,6591.173443,-0.0,TIE,1.74,35,10350,"{""stall_epochs"": 20}",Cdp203_copts_s29_20260915-234159_wc60_30s
wc60_30s,copts,cdp203,WC,30,60.0,3,591.1734,6591.1734,3,591.173443,6591.173443,-0.0,TIE,1.73,35,10350,"{""stall_epochs"": 20}",Cdp203_copts_s30_20260915-234259_wc60_30s
wc60_30s,copts,cdp204,WC,1,60.0,3,590.5987,6590.5987,3,590.598746,6590.598746,-0.0,TIE,1.98,30,8750,"{""stall_epochs"": 20}",Cdp204_copts_s1_20260915-234400_wc60_30s
wc60_30s,copts,cdp204,WC,2,60.0,3,590.5987,6590.5987,3,590.598746,6590.598746,-0.0,TIE,1.97,29,8700,"{""stall_epochs"": 20}",Cdp204_copts_s2_20260915-234500_wc60_30s
wc60_30s,copts,cdp204,WC,3,60.0,3,590.5987,6590.5987,3,590.598746,6590.598746,-0.0,TIE,2.0,30,8750,"{""stall_epochs"": 20}",Cdp204_copts_s3_20260915-234600_wc60_30s
wc60_30s,copts,cdp204,WC,4,60.0,3,590.5987,6590.5987,3,590.598746,6590.598746,-0.0,TIE,1.98,30,8750,"{""stall_epochs"": 20}",Cdp204_copts_s4_20260915-234700_wc60_30s
wc60_30s,copts,cdp204,WC,5,60.0,3,590.5987,6590.5987,3,590.598746,6590.598746,-0.0,TIE,2.0,30,8750,"{""stall_epochs"": 20}",Cdp204_copts_s5_20260915-234800_wc60_30s
wc60_30s,copts,cdp204,WC,6,60.0,3,590.5987,6590.5987,3,590.598746,6590.598746,-0.0,TIE,2.0,29,8700,"{""stall_epochs"": 20}",Cdp204_copts_s6_20260915-234900_wc60_30s
wc60_30s,copts,cdp204,WC,7,60.0,3,590.5987,6590.5987,3,590.598746,6590.598746,-0.0,TIE,1.99,29,8700,"{""stall_epochs"": 20}",Cdp204_copts_s7_20260915-235000_wc60_30s
wc60_30s,copts,cdp204,WC,8,60.0,3,590.5987,6590.5987,3,590.598746,6590.598746,-0.0,TIE,1.99,29,8700,"{""stall_epochs"": 20}",Cdp204_copts_s8_20260915-235101_wc60_30s
wc60_30s,copts,cdp204,WC,9,60.0,3,590.5987,6590.5987,3,590.598746,6590.598746,-0.0,TIE,2.0,30,8750,"{""stall_epochs"": 20}",Cdp204_copts_s9_20260915-235201_wc60_30s
wc60_30s,copts,cdp204,WC,10,60.0,3,590.5987,6590.5987,3,590.598746,6590.598746,-0.0,TIE,2.01,30,8750,"{""stall_epochs"": 20}",Cdp204_copts_s10_20260915-235301_wc60_30s
wc60_30s,copts,cdp204,WC,11,60.0,3,590.5987,6590.5987,3,590.598746,6590.598746,-0.0,TIE,2.02,30,8750,"{""stall_epochs"": 20}",Cdp204_copts_s11_20260915-235402_wc60_30s
wc60_30s,copts,cdp204,WC,12,60.0,3,590.5987,6590.5987,3,590.598746,6590.598746,-0.0,TIE,1.99,30,8750,"{""stall_epochs"": 20}",Cdp204_copts_s12_20260915-235502_wc60_30s
wc60_30s,copts,cdp204,WC,13,60.0,3,590.5987,6590.5987,3,590.598746,6590.598746,-0.0,TIE,2.0,29,8700,"{""stall_epochs"": 20}",Cdp204_copts_s13_20260915-235602_wc60_30s
wc60_30s,copts,cdp204,WC,14,60.0,3,590.5987,6590.5987,3,590.598746,6590.598746,-0.0,TIE,2.01,30,8750,"{""stall_epochs"": 20}",Cdp204_copts_s14_20260915-235702_wc60_30s
wc60_30s,copts,cdp204,WC,15,60.0,3,590.5987,6590.5987,3,590.598746,6590.598746,-0.0,TIE,1.99,30,8750,"{""stall_epochs"": 20}",Cdp204_copts_s15_20260915-235803_wc60_30s
wc60_30s,copts,cdp204,WC,16,60.0,3,590.5987,6590.5987,3,590.598746,6590.598746,-0.0,TIE,1.99,30,8750,"{""stall_epochs"": 20}",Cdp204_copts_s16_20260915-235903_wc60_30s
wc60_30s,copts,cdp204,WC,17,60.0,3,590.5987,6590.5987,3,590.598746,6590.598746,-0.0,TIE,2.0,30,8750,"{""stall_epochs"": 20}",Cdp204_copts_s17_20260916-000003_wc60_30s
wc60_30s,copts,cdp204,WC,18,60.0,3,590.5987,6590.5987,3,590.598746,6590.598746,-0.0,TIE,1.97,30,8750,"{""stall_epochs"": 20}",Cdp204_copts_s18_20260916-000104_wc60_30s
wc60_30s,copts,cdp204,WC,19,60.0,3,590.5987,6590.5987,3,590.598746,6590.598746,-0.0,TIE,1.98,29,8700,"{""stall_epochs"": 20}",Cdp204_copts_s19_20260916-000204_wc60_30s
wc60_30s,copts,cdp204,WC,20,60.0,3,590.5987,6590.5987,3,590.598746,6590.598746,-0.0,TIE,2.0,30,8750,"{""stall_epochs"": 20}",Cdp204_copts_s20_20260916-000304_wc60_30s
wc60_30s,copts,cdp204,WC,21,60.0,3,590.5987,6590.5987,3,590.598746,6590.598746,-0.0,TIE,1.99,29,8700,"{""stall_epochs"": 20}",Cdp204_copts_s21_20260916-000404_wc60_30s
wc60_30s,copts,cdp204,WC,22,60.0,3,590.5987,6590.5987,3,590.598746,6590.598746,-0.0,TIE,2.01,30,8750,"{""stall_epochs"": 20}",Cdp204_copts_s22_20260916-000504_wc60_30s
wc60_30s,copts,cdp204,WC,23,60.0,3,590.5987,6590.5987,3,590.598746,6590.598746,-0.0,TIE,1.97,29,8700,"{""stall_epochs"": 20}",Cdp204_copts_s23_20260916-000604_wc60_30s
wc60_30s,copts,cdp204,WC,24,60.0,3,590.5987,6590.5987,3,590.598746,6590.598746,-0.0,TIE,2.0,30,8750,"{""stall_epochs"": 20}",Cdp204_copts_s24_20260916-000705_wc60_30s
wc60_30s,copts,cdp204,WC,25,60.0,3,590.5987,6590.5987,3,590.598746,6590.598746,-0.0,TIE,2.01,29,8700,"{""stall_epochs"": 20}",Cdp204_copts_s25_20260916-000805_wc60_30s
wc60_30s,copts,cdp204,WC,26,60.0,3,590.5987,6590.5987,3,590.598746,6590.598746,-0.0,TIE,1.97,30,8750,"{""stall_epochs"": 20}",Cdp204_copts_s26_20260916-000905_wc60_30s
wc60_30s,copts,cdp204,WC,27,60.0,3,590.5987,6590.5987,3,590.598746,6590.598746,-0.0,TIE,1.99,29,8700,"{""stall_epochs"": 20}",Cdp204_copts_s27_20260916-001005_wc60_30s
wc60_30s,copts,cdp204,WC,28,60.0,3,590.5987,6590.5987,3,590.598746,6590.598746,-0.0,TIE,1.99,30,8750,"{""stall_epochs"": 20}",Cdp204_copts_s28_20260916-001105_wc60_30s
wc60_30s,copts,cdp204,WC,29,60.0,3,590.5987,6590.5987,3,590.598746,6590.598746,-0.0,TIE,1.99,30,8750,"{""stall_epochs"": 20}",Cdp204_copts_s29_20260916-001206_wc60_30s
wc60_30s,copts,cdp204,WC,30,60.0,3,590.5987,6590.5987,3,590.598746,6590.598746,-0.0,TIE,2.0,29,8700,"{""stall_epochs"": 20}",Cdp204_copts_s30_20260916-001306_wc60_30s
wc60_30s,copts,cdp205,WC,1,60.0,3,588.876,6588.876,3,588.875963,6588.875963,-0.0,TIE,0.49,131,39150,"{""stall_epochs"": 20}",Cdp205_copts_s1_20260916-001406_wc60_30s
wc60_30s,copts,cdp205,WC,2,60.0,3,588.876,6588.876,3,588.875963,6588.875963,-0.0,TIE,0.47,131,39300,"{""stall_epochs"": 20}",Cdp205_copts_s2_20260916-001506_wc60_30s
wc60_30s,copts,cdp205,WC,3,60.0,3,588.876,6588.876,3,588.875963,6588.875963,-0.0,TIE,0.47,131,39200,"{""stall_epochs"": 20}",Cdp205_copts_s3_20260916-001606_wc60_30s
wc60_30s,copts,cdp205,WC,4,60.0,3,588.876,6588.876,3,588.875963,6588.875963,-0.0,TIE,0.48,131,39250,"{""stall_epochs"": 20}",Cdp205_copts_s4_20260916-001706_wc60_30s
wc60_30s,copts,cdp205,WC,5,60.0,3,588.876,6588.876,3,588.875963,6588.875963,-0.0,TIE,0.48,131,39300,"{""stall_epochs"": 20}",Cdp205_copts_s5_20260916-001806_wc60_30s
wc60_30s,copts,cdp205,WC,6,60.0,3,588.876,6588.876,3,588.875963,6588.875963,-0.0,TIE,0.48,131,39300,"{""stall_epochs"": 20}",Cdp205_copts_s6_20260916-001906_wc60_30s
wc60_30s,copts,cdp205,WC,7,60.0,3,588.876,6588.876,3,588.875963,6588.875963,-0.0,TIE,0.49,131,39300,"{""stall_epochs"": 20}",Cdp205_copts_s7_20260916-002006_wc60_30s
wc60_30s,copts,cdp205,WC,8,60.0,3,588.876,6588.876,3,588.875963,6588.875963,-0.0,TIE,0.47,131,39300,"{""stall_epochs"": 20}",Cdp205_copts_s8_20260916-002106_wc60_30s
wc60_30s,copts,cdp205,WC,9,60.0,3,588.876,6588.876,3,588.875963,6588.875963,-0.0,TIE,0.48,131,39300,"{""stall_epochs"": 20}",Cdp205_copts_s9_20260916-002206_wc60_30s
wc60_30s,copts,cdp205,WC,10,60.0,3,588.876,6588.876,3,588.875963,6588.875963,-0.0,TIE,0.47,132,39350,"{""stall_epochs"": 20}",Cdp205_copts_s10_20260916-002306_wc60_30s
wc60_30s,copts,cdp205,WC,11,60.0,3,588.876,6588.876,3,588.875963,6588.875963,-0.0,TIE,0.49,131,39300,"{""stall_epochs"": 20}",Cdp205_copts_s11_20260916-002406_wc60_30s
wc60_30s,copts,cdp205,WC,12,60.0,3,588.876,6588.876,3,588.875963,6588.875963,-0.0,TIE,0.48,131,39250,"{""stall_epochs"": 20}",Cdp205_copts_s12_20260916-002506_wc60_30s
wc60_30s,copts,cdp205,WC,13,60.0,3,588.876,6588.876,3,588.875963,6588.875963,-0.0,TIE,0.48,131,39250,"{""stall_epochs"": 20}",Cdp205_copts_s13_20260916-002606_wc60_30s
wc60_30s,copts,cdp205,WC,14,60.0,3,588.876,6588.876,3,588.875963,6588.875963,-0.0,TIE,0.47,131,39300,"{""stall_epochs"": 20}",Cdp205_copts_s14_20260916-002707_wc60_30s
wc60_30s,copts,cdp205,WC,15,60.0,3,588.876,6588.876,3,588.875963,6588.875963,-0.0,TIE,0.48,132,39350,"{""stall_epochs"": 20}",Cdp205_copts_s15_20260916-002807_wc60_30s
wc60_30s,copts,cdp205,WC,16,60.0,3,588.876,6588.876,3,588.875963,6588.875963,-0.0,TIE,0.48,131,39250,"{""stall_epochs"": 20}",Cdp205_copts_s16_20260916-002907_wc60_30s
wc60_30s,copts,cdp205,WC,17,60.0,3,588.876,6588.876,3,588.875963,6588.875963,-0.0,TIE,0.49,131,39250,"{""stall_epochs"": 20}",Cdp205_copts_s17_20260916-003007_wc60_30s
wc60_30s,copts,cdp205,WC,18,60.0,3,588.876,6588.876,3,588.875963,6588.875963,-0.0,TIE,0.47,131,39250,"{""stall_epochs"": 20}",Cdp205_copts_s18_20260916-003107_wc60_30s
wc60_30s,copts,cdp205,WC,19,60.0,3,588.876,6588.876,3,588.875963,6588.875963,-0.0,TIE,0.49,131,39300,"{""stall_epochs"": 20}",Cdp205_copts_s19_20260916-003207_wc60_30s
wc60_30s,copts,cdp205,WC,20,60.0,3,588.876,6588.876,3,588.875963,6588.875963,-0.0,TIE,0.47,131,39250,"{""stall_epochs"": 20}",Cdp205_copts_s20_20260916-003307_wc60_30s
wc60_30s,copts,cdp205,WC,21,60.0,3,588.876,6588.876,3,588.875963,6588.875963,-0.0,TIE,0.47,131,39300,"{""stall_epochs"": 20}",Cdp205_copts_s21_20260916-003407_wc60_30s
wc60_30s,copts,cdp205,WC,22,60.0,3,588.876,6588.876,3,588.875963,6588.875963,-0.0,TIE,0.47,131,39300,"{""stall_epochs"": 20}",Cdp205_copts_s22_20260916-003507_wc60_30s
wc60_30s,copts,cdp205,WC,23,60.0,3,588.876,6588.876,3,588.875963,6588.875963,-0.0,TIE,0.47,132,39350,"{""stall_epochs"": 20}",Cdp205_copts_s23_20260916-003607_wc60_30s
wc60_30s,copts,cdp205,WC,24,60.0,3,588.876,6588.876,3,588.875963,6588.875963,-0.0,TIE,0.47,132,39350,"{""stall_epochs"": 20}",Cdp205_copts_s24_20260916-003707_wc60_30s
wc60_30s,copts,cdp205,WC,25,60.0,3,588.876,6588.876,3,588.875963,6588.875963,-0.0,TIE,0.49,131,39300,"{""stall_epochs"": 20}",Cdp205_copts_s25_20260916-003807_wc60_30s
wc60_30s,copts,cdp205,WC,26,60.0,3,588.876,6588.876,3,588.875963,6588.875963,-0.0,TIE,0.48,131,39300,"{""stall_epochs"": 20}",Cdp205_copts_s26_20260916-003907_wc60_30s
wc60_30s,copts,cdp205,WC,27,60.0,3,588.876,6588.876,3,588.875963,6588.875963,-0.0,TIE,0.47,131,39300,"{""stall_epochs"": 20}",Cdp205_copts_s27_20260916-004007_wc60_30s
wc60_30s,copts,cdp205,WC,28,60.0,3,588.876,6588.876,3,588.875963,6588.875963,-0.0,TIE,0.49,131,39250,"{""stall_epochs"": 20}",Cdp205_copts_s28_20260916-004107_wc60_30s
wc60_30s,copts,cdp205,WC,29,60.0,3,588.876,6588.876,3,588.875963,6588.875963,-0.0,TIE,0.47,131,39250,"{""stall_epochs"": 20}",Cdp205_copts_s29_20260916-004207_wc60_30s
wc60_30s,copts,cdp205,WC,30,60.0,3,588.876,6588.876,3,588.875963,6588.875963,-0.0,TIE,0.48,131,39300,"{""stall_epochs"": 20}",Cdp205_copts_s30_20260916-004307_wc60_30s
wc60_30s,copts,cdp206,WC,1,60.0,3,588.4928,6588.4928,3,588.492849,6588.492849,-0.0,TIE,0.75,83,24800,"{""stall_epochs"": 20}",Cdp206_copts_s1_20260916-004407_wc60_30s
wc60_30s,copts,cdp206,WC,2,60.0,3,588.4928,6588.4928,3,588.492849,6588.492849,-0.0,TIE,0.74,84,24950,"{""stall_epochs"": 20}",Cdp206_copts_s2_20260916-004508_wc60_30s
wc60_30s,copts,cdp206,WC,3,60.0,3,588.4928,6588.4928,3,588.492849,6588.492849,-0.0,TIE,0.75,83,24900,"{""stall_epochs"": 20}",Cdp206_copts_s3_20260916-004608_wc60_30s
wc60_30s,copts,cdp206,WC,4,60.0,3,588.4928,6588.4928,3,588.492849,6588.492849,-0.0,TIE,0.75,83,24800,"{""stall_epochs"": 20}",Cdp206_copts_s4_20260916-004708_wc60_30s
wc60_30s,copts,cdp206,WC,5,60.0,3,588.4928,6588.4928,3,588.492849,6588.492849,-0.0,TIE,0.76,83,24800,"{""stall_epochs"": 20}",Cdp206_copts_s5_20260916-004808_wc60_30s
wc60_30s,copts,cdp206,WC,6,60.0,3,588.4928,6588.4928,3,588.492849,6588.492849,-0.0,TIE,0.74,83,24800,"{""stall_epochs"": 20}",Cdp206_copts_s6_20260916-004908_wc60_30s
wc60_30s,copts,cdp206,WC,7,60.0,3,588.4928,6588.4928,3,588.492849,6588.492849,-0.0,TIE,0.75,83,24900,"{""stall_epochs"": 20}",Cdp206_copts_s7_20260916-005008_wc60_30s
wc60_30s,copts,cdp206,WC,8,60.0,3,588.4928,6588.4928,3,588.492849,6588.492849,-0.0,TIE,0.75,83,24850,"{""stall_epochs"": 20}",Cdp206_copts_s8_20260916-005108_wc60_30s
wc60_30s,copts,cdp206,WC,9,60.0,3,588.4928,6588.4928,3,588.492849,6588.492849,-0.0,TIE,0.74,83,24850,"{""stall_epochs"": 20}",Cdp206_copts_s9_20260916-005208_wc60_30s
wc60_30s,copts,cdp206,WC,10,60.0,3,588.4928,6588.4928,3,588.492849,6588.492849,-0.0,TIE,0.76,83,24900,"{""stall_epochs"": 20}",Cdp206_copts_s10_20260916-005308_wc60_30s
wc60_30s,copts,cdp206,WC,11,60.0,3,588.4928,6588.4928,3,588.492849,6588.492849,-0.0,TIE,0.74,83,24900,"{""stall_epochs"": 20}",Cdp206_copts_s11_20260916-005408_wc60_30s
wc60_30s,copts,cdp206,WC,12,60.0,3,588.4928,6588.4928,3,588.492849,6588.492849,-0.0,TIE,0.74,83,24800,"{""stall_epochs"": 20}",Cdp206_copts_s12_20260916-005508_wc60_30s
wc60_30s,copts,cdp206,WC,13,60.0,3,588.4928,6588.4928,3,588.492849,6588.492849,-0.0,TIE,0.76,83,24800,"{""stall_epochs"": 20}",Cdp206_copts_s13_20260916-005608_wc60_30s
wc60_30s,copts,cdp206,WC,14,60.0,3,588.4928,6588.4928,3,588.492849,6588.492849,-0.0,TIE,0.75,83,24850,"{""stall_epochs"": 20}",Cdp206_copts_s14_20260916-005708_wc60_30s
wc60_30s,copts,cdp206,WC,15,60.0,3,588.4928,6588.4928,3,588.492849,6588.492849,-0.0,TIE,0.74,83,24800,"{""stall_epochs"": 20}",Cdp206_copts_s15_20260916-005809_wc60_30s
wc60_30s,copts,cdp206,WC,16,60.0,3,588.4928,6588.4928,3,588.492849,6588.492849,-0.0,TIE,0.74,83,24850,"{""stall_epochs"": 20}",Cdp206_copts_s16_20260916-005909_wc60_30s
wc60_30s,copts,cdp206,WC,17,60.0,3,588.4928,6588.4928,3,588.492849,6588.492849,-0.0,TIE,0.74,84,24950,"{""stall_epochs"": 20}",Cdp206_copts_s17_20260916-010009_wc60_30s
wc60_30s,copts,cdp206,WC,18,60.0,3,588.4928,6588.4928,3,588.492849,6588.492849,-0.0,TIE,0.76,83,24900,"{""stall_epochs"": 20}",Cdp206_copts_s18_20260916-010109_wc60_30s
wc60_30s,copts,cdp206,WC,19,60.0,3,588.4928,6588.4928,3,588.492849,6588.492849,-0.0,TIE,0.75,84,24950,"{""stall_epochs"": 20}",Cdp206_copts_s19_20260916-010209_wc60_30s
wc60_30s,copts,cdp206,WC,20,60.0,3,588.4928,6588.4928,3,588.492849,6588.492849,-0.0,TIE,0.75,83,24800,"{""stall_epochs"": 20}",Cdp206_copts_s20_20260916-010309_wc60_30s
wc60_30s,copts,cdp206,WC,21,60.0,3,588.4928,6588.4928,3,588.492849,6588.492849,-0.0,TIE,0.74,83,24850,"{""stall_epochs"": 20}",Cdp206_copts_s21_20260916-010409_wc60_30s
wc60_30s,copts,cdp206,WC,22,60.0,3,588.4928,6588.4928,3,588.492849,6588.492849,-0.0,TIE,0.75,83,24850,"{""stall_epochs"": 20}",Cdp206_copts_s22_20260916-010509_wc60_30s
wc60_30s,copts,cdp206,WC,23,60.0,3,588.4928,6588.4928,3,588.492849,6588.492849,-0.0,TIE,0.74,83,24900,"{""stall_epochs"": 20}",Cdp206_copts_s23_20260916-010609_wc60_30s
wc60_30s,copts,cdp206,WC,24,60.0,3,588.4928,6588.4928,3,588.492849,6588.492849,-0.0,TIE,0.76,83,24800,"{""stall_epochs"": 20}",Cdp206_copts_s24_20260916-010709_wc60_30s
wc60_30s,copts,cdp206,WC,25,60.0,3,588.4928,6588.4928,3,588.492849,6588.492849,-0.0,TIE,0.73,84,24950,"{""stall_epochs"": 20}",Cdp206_copts_s25_20260916-010809_wc60_30s
wc60_30s,copts,cdp206,WC,26,60.0,3,588.4928,6588.4928,3,588.492849,6588.492849,-0.0,TIE,0.74,83,24900,"{""stall_epochs"": 20}",Cdp206_copts_s26_20260916-010909_wc60_30s
wc60_30s,copts,cdp206,WC,27,60.0,3,588.4928,6588.4928,3,588.492849,6588.492849,-0.0,TIE,0.75,84,24950,"{""stall_epochs"": 20}",Cdp206_copts_s27_20260916-011009_wc60_30s
wc60_30s,copts,cdp206,WC,28,60.0,3,588.4928,6588.4928,3,588.492849,6588.492849,-0.0,TIE,0.75,83,24850,"{""stall_epochs"": 20}",Cdp206_copts_s28_20260916-011110_wc60_30s
wc60_30s,copts,cdp206,WC,29,60.0,3,588.4928,6588.4928,3,588.492849,6588.492849,-0.0,TIE,0.74,83,24900,"{""stall_epochs"": 20}",Cdp206_copts_s29_20260916-011210_wc60_30s
wc60_30s,copts,cdp206,WC,30,60.0,3,588.4928,6588.4928,3,588.492849,6588.492849,-0.0,TIE,0.74,83,24900,"{""stall_epochs"": 20}",Cdp206_copts_s30_20260916-011310_wc60_30s
wc60_30s,copts,cdp207,WC,1,60.0,3,588.2863,6588.2863,3,588.286321,6588.286321,0.0,TIE,0.85,72,21450,"{""stall_epochs"": 20}",Cdp207_copts_s1_20260916-011410_wc60_30s
wc60_30s,copts,cdp207,WC,2,60.0,3,588.2863,6588.2863,3,588.286321,6588.286321,0.0,TIE,0.85,72,21450,"{""stall_epochs"": 20}",Cdp207_copts_s2_20260916-011510_wc60_30s
wc60_30s,copts,cdp207,WC,3,60.0,3,588.2863,6588.2863,3,588.286321,6588.286321,0.0,TIE,0.86,72,21450,"{""stall_epochs"": 20}",Cdp207_copts_s3_20260916-011610_wc60_30s
wc60_30s,copts,cdp207,WC,4,60.0,3,588.2863,6588.2863,3,588.286321,6588.286321,0.0,TIE,0.85,72,21500,"{""stall_epochs"": 20}",Cdp207_copts_s4_20260916-011710_wc60_30s
wc60_30s,copts,cdp207,WC,5,60.0,3,588.2863,6588.2863,3,588.286321,6588.286321,0.0,TIE,0.85,72,21500,"{""stall_epochs"": 20}",Cdp207_copts_s5_20260916-011810_wc60_30s
wc60_30s,copts,cdp207,WC,6,60.0,3,588.2863,6588.2863,3,588.286321,6588.286321,0.0,TIE,0.85,72,21450,"{""stall_epochs"": 20}",Cdp207_copts_s6_20260916-011910_wc60_30s
wc60_30s,copts,cdp207,WC,7,60.0,3,588.2863,6588.2863,3,588.286321,6588.286321,0.0,TIE,0.85,72,21500,"{""stall_epochs"": 20}",Cdp207_copts_s7_20260916-012010_wc60_30s
wc60_30s,copts,cdp207,WC,8,60.0,3,588.2863,6588.2863,3,588.286321,6588.286321,0.0,TIE,0.86,72,21450,"{""stall_epochs"": 20}",Cdp207_copts_s8_20260916-012110_wc60_30s
wc60_30s,copts,cdp207,WC,9,60.0,3,588.2863,6588.2863,3,588.286321,6588.286321,0.0,TIE,0.84,72,21400,"{""stall_epochs"": 20}",Cdp207_copts_s9_20260916-012210_wc60_30s
wc60_30s,copts,cdp207,WC,10,60.0,3,588.2863,6588.2863,3,588.286321,6588.286321,0.0,TIE,0.86,72,21450,"{""stall_epochs"": 20}",Cdp207_copts_s10_20260916-012310_wc60_30s
wc60_30s,copts,cdp207,WC,11,60.0,3,588.2863,6588.2863,3,588.286321,6588.286321,0.0,TIE,0.86,72,21550,"{""stall_epochs"": 20}",Cdp207_copts_s11_20260916-012410_wc60_30s
wc60_30s,copts,cdp207,WC,12,60.0,3,588.2863,6588.2863,3,588.286321,6588.286321,0.0,TIE,0.84,72,21450,"{""stall_epochs"": 20}",Cdp207_copts_s12_20260916-012510_wc60_30s
wc60_30s,copts,cdp207,WC,13,60.0,3,588.2863,6588.2863,3,588.286321,6588.286321,0.0,TIE,0.86,72,21500,"{""stall_epochs"": 20}",Cdp207_copts_s13_20260916-012611_wc60_30s
wc60_30s,copts,cdp207,WC,14,60.0,3,588.2863,6588.2863,3,588.286321,6588.286321,0.0,TIE,0.85,72,21450,"{""stall_epochs"": 20}",Cdp207_copts_s14_20260916-012711_wc60_30s
wc60_30s,copts,cdp207,WC,15,60.0,3,588.2863,6588.2863,3,588.286321,6588.286321,0.0,TIE,0.85,72,21450,"{""stall_epochs"": 20}",Cdp207_copts_s15_20260916-012811_wc60_30s
wc60_30s,copts,cdp207,WC,16,60.0,3,588.2863,6588.2863,3,588.286321,6588.286321,0.0,TIE,0.85,72,21500,"{""stall_epochs"": 20}",Cdp207_copts_s16_20260916-012911_wc60_30s
wc60_30s,copts,cdp207,WC,17,60.0,3,588.2863,6588.2863,3,588.286321,6588.286321,0.0,TIE,0.85,72,21450,"{""stall_epochs"": 20}",Cdp207_copts_s17_20260916-013011_wc60_30s
wc60_30s,copts,cdp207,WC,18,60.0,3,588.2863,6588.2863,3,588.286321,6588.286321,0.0,TIE,0.86,72,21500,"{""stall_epochs"": 20}",Cdp207_copts_s18_20260916-013111_wc60_30s
wc60_30s,copts,cdp207,WC,19,60.0,3,588.2863,6588.2863,3,588.286321,6588.286321,0.0,TIE,0.85,72,21500,"{""stall_epochs"": 20}",Cdp207_copts_s19_20260916-013211_wc60_30s
wc60_30s,copts,cdp207,WC,20,60.0,3,588.2863,6588.2863,3,588.286321,6588.286321,0.0,TIE,0.85,72,21400,"{""stall_epochs"": 20}",Cdp207_copts_s20_20260916-013311_wc60_30s
wc60_30s,copts,cdp207,WC,21,60.0,3,588.2863,6588.2863,3,588.286321,6588.286321,0.0,TIE,0.86,72,21450,"{""stall_epochs"": 20}",Cdp207_copts_s21_20260916-013411_wc60_30s
wc60_30s,copts,cdp207,WC,22,60.0,3,588.2863,6588.2863,3,588.286321,6588.286321,0.0,TIE,0.84,72,21550,"{""stall_epochs"": 20}",Cdp207_copts_s22_20260916-013511_wc60_30s
wc60_30s,copts,cdp207,WC,23,60.0,3,588.2863,6588.2863,3,588.286321,6588.286321,0.0,TIE,0.85,72,21500,"{""stall_epochs"": 20}",Cdp207_copts_s23_20260916-013611_wc60_30s
wc60_30s,copts,cdp207,WC,24,60.0,3,588.2863,6588.2863,3,588.286321,6588.286321,0.0,TIE,0.85,72,21450,"{""stall_epochs"": 20}",Cdp207_copts_s24_20260916-013711_wc60_30s
wc60_30s,copts,cdp207,WC,25,60.0,3,588.2863,6588.2863,3,588.286321,6588.286321,0.0,TIE,0.85,72,21450,"{""stall_epochs"": 20}",Cdp207_copts_s25_20260916-013811_wc60_30s
wc60_30s,copts,cdp207,WC,26,60.0,3,588.2863,6588.2863,3,588.286321,6588.286321,0.0,TIE,0.87,72,21450,"{""stall_epochs"": 20}",Cdp207_copts_s26_20260916-013912_wc60_30s
wc60_30s,copts,cdp207,WC,27,60.0,3,588.2863,6588.2863,3,588.286321,6588.286321,0.0,TIE,0.86,72,21450,"{""stall_epochs"": 20}",Cdp207_copts_s27_20260916-014012_wc60_30s
wc60_30s,copts,cdp207,WC,28,60.0,3,588.2863,6588.2863,3,588.286321,6588.286321,0.0,TIE,0.85,72,21450,"{""stall_epochs"": 20}",Cdp207_copts_s28_20260916-014112_wc60_30s
wc60_30s,copts,cdp207,WC,29,60.0,3,588.2863,6588.2863,3,588.286321,6588.286321,0.0,TIE,0.86,72,21450,"{""stall_epochs"": 20}",Cdp207_copts_s29_20260916-014212_wc60_30s
wc60_30s,copts,cdp207,WC,30,60.0,3,588.2863,6588.2863,3,588.286321,6588.286321,0.0,TIE,0.88,72,21400,"{""stall_epochs"": 20}",Cdp207_copts_s30_20260916-014312_wc60_30s
wc60_30s,copts,cdp208,WC,1,60.0,3,588.3238,6588.3238,3,588.323801,6588.323801,-0.0,TIE,0.91,68,20300,"{""stall_epochs"": 20}",Cdp208_copts_s1_20260916-014412_wc60_30s
wc60_30s,copts,cdp208,WC,2,60.0,3,588.3238,6588.3238,3,588.323801,6588.323801,-0.0,TIE,0.92,68,20250,"{""stall_epochs"": 20}",Cdp208_copts_s2_20260916-014512_wc60_30s
wc60_30s,copts,cdp208,WC,3,60.0,3,588.3238,6588.3238,3,588.323801,6588.323801,-0.0,TIE,0.92,68,20300,"{""stall_epochs"": 20}",Cdp208_copts_s3_20260916-014612_wc60_30s
wc60_30s,copts,cdp208,WC,4,60.0,3,588.3238,6588.3238,3,588.323801,6588.323801,-0.0,TIE,0.92,68,20250,"{""stall_epochs"": 20}",Cdp208_copts_s4_20260916-014712_wc60_30s
wc60_30s,copts,cdp208,WC,5,60.0,3,588.3238,6588.3238,3,588.323801,6588.323801,-0.0,TIE,0.92,68,20300,"{""stall_epochs"": 20}",Cdp208_copts_s5_20260916-014812_wc60_30s
wc60_30s,copts,cdp208,WC,6,60.0,3,588.3238,6588.3238,3,588.323801,6588.323801,-0.0,TIE,0.92,68,20250,"{""stall_epochs"": 20}",Cdp208_copts_s6_20260916-014912_wc60_30s
wc60_30s,copts,cdp208,WC,7,60.0,3,588.3238,6588.3238,3,588.323801,6588.323801,-0.0,TIE,0.91,68,20300,"{""stall_epochs"": 20}",Cdp208_copts_s7_20260916-015012_wc60_30s
wc60_30s,copts,cdp208,WC,8,60.0,3,588.3238,6588.3238,3,588.323801,6588.323801,-0.0,TIE,0.9,68,20250,"{""stall_epochs"": 20}",Cdp208_copts_s8_20260916-015112_wc60_30s
wc60_30s,copts,cdp208,WC,9,60.0,3,588.3238,6588.3238,3,588.323801,6588.323801,-0.0,TIE,0.92,68,20350,"{""stall_epochs"": 20}",Cdp208_copts_s9_20260916-015213_wc60_30s
wc60_30s,copts,cdp208,WC,10,60.0,3,588.3238,6588.3238,3,588.323801,6588.323801,-0.0,TIE,0.92,68,20300,"{""stall_epochs"": 20}",Cdp208_copts_s10_20260916-015313_wc60_30s
wc60_30s,copts,cdp208,WC,11,60.0,3,588.3238,6588.3238,3,588.323801,6588.323801,-0.0,TIE,0.92,68,20300,"{""stall_epochs"": 20}",Cdp208_copts_s11_20260916-015413_wc60_30s
wc60_30s,copts,cdp208,WC,12,60.0,3,588.3238,6588.3238,3,588.323801,6588.323801,-0.0,TIE,0.91,68,20250,"{""stall_epochs"": 20}",Cdp208_copts_s12_20260916-015513_wc60_30s
wc60_30s,copts,cdp208,WC,13,60.0,3,588.3238,6588.3238,3,588.323801,6588.323801,-0.0,TIE,0.91,68,20300,"{""stall_epochs"": 20}",Cdp208_copts_s13_20260916-015613_wc60_30s
wc60_30s,copts,cdp208,WC,14,60.0,3,588.3238,6588.3238,3,588.323801,6588.323801,-0.0,TIE,0.91,68,20250,"{""stall_epochs"": 20}",Cdp208_copts_s14_20260916-015713_wc60_30s
wc60_30s,copts,cdp208,WC,15,60.0,3,588.3238,6588.3238,3,588.323801,6588.323801,-0.0,TIE,0.91,68,20300,"{""stall_epochs"": 20}",Cdp208_copts_s15_20260916-015813_wc60_30s
wc60_30s,copts,cdp208,WC,16,60.0,3,588.3238,6588.3238,3,588.323801,6588.323801,-0.0,TIE,0.92,68,20200,"{""stall_epochs"": 20}",Cdp208_copts_s16_20260916-015913_wc60_30s
wc60_30s,copts,cdp208,WC,17,60.0,3,588.3238,6588.3238,3,588.323801,6588.323801,-0.0,TIE,0.92,68,20350,"{""stall_epochs"": 20}",Cdp208_copts_s17_20260916-020014_wc60_30s
wc60_30s,copts,cdp208,WC,18,60.0,3,588.3238,6588.3238,3,588.323801,6588.323801,-0.0,TIE,0.92,68,20250,"{""stall_epochs"": 20}",Cdp208_copts_s18_20260916-020114_wc60_30s
wc60_30s,copts,cdp208,WC,19,60.0,3,588.3238,6588.3238,3,588.323801,6588.323801,-0.0,TIE,0.91,68,20250,"{""stall_epochs"": 20}",Cdp208_copts_s19_20260916-020214_wc60_30s
wc60_30s,copts,cdp208,WC,20,60.0,3,588.3238,6588.3238,3,588.323801,6588.323801,-0.0,TIE,0.91,68,20300,"{""stall_epochs"": 20}",Cdp208_copts_s20_20260916-020314_wc60_30s
wc60_30s,copts,cdp208,WC,21,60.0,3,588.3238,6588.3238,3,588.323801,6588.323801,-0.0,TIE,0.91,68,20150,"{""stall_epochs"": 20}",Cdp208_copts_s21_20260916-020414_wc60_30s
wc60_30s,copts,cdp208,WC,22,60.0,3,588.3238,6588.3238,3,588.323801,6588.323801,-0.0,TIE,0.9,68,20250,"{""stall_epochs"": 20}",Cdp208_copts_s22_20260916-020514_wc60_30s
wc60_30s,copts,cdp208,WC,23,60.0,3,588.3238,6588.3238,3,588.323801,6588.323801,-0.0,TIE,0.93,68,20150,"{""stall_epochs"": 20}",Cdp208_copts_s23_20260916-020614_wc60_30s
wc60_30s,copts,cdp208,WC,24,60.0,3,588.3238,6588.3238,3,588.323801,6588.323801,-0.0,TIE,0.92,68,20250,"{""stall_epochs"": 20}",Cdp208_copts_s24_20260916-020714_wc60_30s
wc60_30s,copts,cdp208,WC,25,60.0,3,588.3238,6588.3238,3,588.323801,6588.323801,-0.0,TIE,0.93,68,20200,"{""stall_epochs"": 20}",Cdp208_copts_s25_20260916-020814_wc60_30s
wc60_30s,copts,cdp208,WC,26,60.0,3,588.3238,6588.3238,3,588.323801,6588.323801,-0.0,TIE,0.91,68,20350,"{""stall_epochs"": 20}",Cdp208_copts_s26_20260916-020914_wc60_30s
wc60_30s,copts,cdp208,WC,27,60.0,3,588.3238,6588.3238,3,588.323801,6588.323801,-0.0,TIE,0.9,68,20200,"{""stall_epochs"": 20}",Cdp208_copts_s27_20260916-021014_wc60_30s
wc60_30s,copts,cdp208,WC,28,60.0,3,588.3238,6588.3238,3,588.323801,6588.323801,-0.0,TIE,0.91,68,20300,"{""stall_epochs"": 20}",Cdp208_copts_s28_20260916-021114_wc60_30s
wc60_30s,copts,cdp208,WC,29,60.0,3,588.3238,6588.3238,3,588.323801,6588.323801,-0.0,TIE,0.91,68,20250,"{""stall_epochs"": 20}",Cdp208_copts_s29_20260916-021214_wc60_30s
wc60_30s,copts,cdp208,WC,30,60.0,3,588.3238,6588.3238,3,588.323801,6588.323801,-0.0,TIE,0.92,68,20250,"{""stall_epochs"": 20}",Cdp208_copts_s30_20260916-021314_wc60_30s
wc60_30s,copts,rdp101,WC,1,60.0,19,1650.7992,39650.7992,19,1650.79924,39650.79924,-0.0,TIE,0.97,193,57850,"{""stall_epochs"": 20}",Rdp101_copts_s1_20260916-021414_wc60_30s
wc60_30s,copts,rdp101,WC,2,60.0,19,1650.7992,39650.7992,19,1650.79924,39650.79924,-0.0,TIE,1.28,193,57800,"{""stall_epochs"": 20}",Rdp101_copts_s2_20260916-021514_wc60_30s
wc60_30s,copts,rdp101,WC,3,60.0,19,1650.7992,39650.7992,19,1650.79924,39650.79924,-0.0,TIE,0.96,194,57950,"{""stall_epochs"": 20}",Rdp101_copts_s3_20260916-021615_wc60_30s
wc60_30s,copts,rdp101,WC,4,60.0,19,1650.7992,39650.7992,19,1650.79924,39650.79924,-0.0,TIE,0.96,193,57800,"{""stall_epochs"": 20}",Rdp101_copts_s4_20260916-021715_wc60_30s
wc60_30s,copts,rdp101,WC,5,60.0,19,1650.7992,39650.7992,19,1650.79924,39650.79924,-0.0,TIE,0.98,195,58250,"{""stall_epochs"": 20}",Rdp101_copts_s5_20260916-021815_wc60_30s
wc60_30s,copts,rdp101,WC,6,60.0,19,1650.7992,39650.7992,19,1650.79924,39650.79924,-0.0,TIE,0.97,194,58050,"{""stall_epochs"": 20}",Rdp101_copts_s6_20260916-021915_wc60_30s
wc60_30s,copts,rdp101,WC,7,60.0,19,1650.7992,39650.7992,19,1650.79924,39650.79924,-0.0,TIE,0.98,193,57900,"{""stall_epochs"": 20}",Rdp101_copts_s7_20260916-022015_wc60_30s
wc60_30s,copts,rdp101,WC,8,60.0,19,1650.7992,39650.7992,19,1650.79924,39650.79924,-0.0,TIE,1.29,194,58000,"{""stall_epochs"": 20}",Rdp101_copts_s8_20260916-022115_wc60_30s
wc60_30s,copts,rdp101,WC,9,60.0,19,1650.7992,39650.7992,19,1650.79924,39650.79924,-0.0,TIE,1.3,193,57850,"{""stall_epochs"": 20}",Rdp101_copts_s9_20260916-022215_wc60_30s
wc60_30s,copts,rdp101,WC,10,60.0,19,1650.7992,39650.7992,19,1650.79924,39650.79924,-0.0,TIE,1.3,193,57800,"{""stall_epochs"": 20}",Rdp101_copts_s10_20260916-022315_wc60_30s
wc60_30s,copts,rdp101,WC,11,60.0,19,1650.7992,39650.7992,19,1650.79924,39650.79924,-0.0,TIE,0.96,194,58200,"{""stall_epochs"": 20}",Rdp101_copts_s11_20260916-022415_wc60_30s
wc60_30s,copts,rdp101,WC,12,60.0,19,1650.7992,39650.7992,19,1650.79924,39650.79924,-0.0,TIE,1.6,194,57950,"{""stall_epochs"": 20}",Rdp101_copts_s12_20260916-022515_wc60_30s
wc60_30s,copts,rdp101,WC,13,60.0,19,1650.7992,39650.7992,19,1650.79924,39650.79924,-0.0,TIE,0.95,194,58050,"{""stall_epochs"": 20}",Rdp101_copts_s13_20260916-022615_wc60_30s
wc60_30s,copts,rdp101,WC,14,60.0,19,1650.7992,39650.7992,19,1650.79924,39650.79924,-0.0,TIE,1.3,194,58000,"{""stall_epochs"": 20}",Rdp101_copts_s14_20260916-022715_wc60_30s
wc60_30s,copts,rdp101,WC,15,60.0,19,1650.7992,39650.7992,19,1650.79924,39650.79924,-0.0,TIE,0.95,194,58000,"{""stall_epochs"": 20}",Rdp101_copts_s15_20260916-022815_wc60_30s
wc60_30s,copts,rdp101,WC,16,60.0,19,1650.7992,39650.7992,19,1650.79924,39650.79924,-0.0,TIE,0.95,193,57700,"{""stall_epochs"": 20}",Rdp101_copts_s16_20260916-022915_wc60_30s
wc60_30s,copts,rdp101,WC,17,60.0,19,1650.7992,39650.7992,19,1650.79924,39650.79924,-0.0,TIE,1.27,194,58100,"{""stall_epochs"": 20}",Rdp101_copts_s17_20260916-023015_wc60_30s
wc60_30s,copts,rdp101,WC,18,60.0,19,1650.7992,39650.7992,19,1650.79924,39650.79924,-0.0,TIE,0.96,194,58100,"{""stall_epochs"": 20}",Rdp101_copts_s18_20260916-023116_wc60_30s
wc60_30s,copts,rdp101,WC,19,60.0,19,1650.7992,39650.7992,19,1650.79924,39650.79924,-0.0,TIE,0.98,194,58000,"{""stall_epochs"": 20}",Rdp101_copts_s19_20260916-023216_wc60_30s
wc60_30s,copts,rdp101,WC,20,60.0,19,1650.7992,39650.7992,19,1650.79924,39650.79924,-0.0,TIE,1.27,194,58100,"{""stall_epochs"": 20}",Rdp101_copts_s20_20260916-023316_wc60_30s
wc60_30s,copts,rdp101,WC,21,60.0,19,1650.7992,39650.7992,19,1650.79924,39650.79924,-0.0,TIE,0.99,194,58050,"{""stall_epochs"": 20}",Rdp101_copts_s21_20260916-023416_wc60_30s
wc60_30s,copts,rdp101,WC,22,60.0,19,1650.7992,39650.7992,19,1650.79924,39650.79924,-0.0,TIE,0.99,194,57950,"{""stall_epochs"": 20}",Rdp101_copts_s22_20260916-023516_wc60_30s
wc60_30s,copts,rdp101,WC,23,60.0,19,1650.7992,39650.7992,19,1650.79924,39650.79924,-0.0,TIE,0.97,193,57850,"{""stall_epochs"": 20}",Rdp101_copts_s23_20260916-023616_wc60_30s
wc60_30s,copts,rdp101,WC,24,60.0,19,1650.7992,39650.7992,19,1650.79924,39650.79924,-0.0,TIE,0.96,193,57850,"{""stall_epochs"": 20}",Rdp101_copts_s24_20260916-023716_wc60_30s
wc60_30s,copts,rdp101,WC,25,60.0,19,1650.7992,39650.7992,19,1650.79924,39650.79924,-0.0,TIE,0.94,194,58150,"{""stall_epochs"": 20}",Rdp101_copts_s25_20260916-023816_wc60_30s
wc60_30s,copts,rdp101,WC,26,60.0,19,1650.7992,39650.7992,19,1650.79924,39650.79924,-0.0,TIE,0.64,194,58050,"{""stall_epochs"": 20}",Rdp101_copts_s26_20260916-023916_wc60_30s
wc60_30s,copts,rdp101,WC,27,60.0,19,1650.7992,39650.7992,19,1650.79924,39650.79924,-0.0,TIE,0.97,192,57600,"{""stall_epochs"": 20}",Rdp101_copts_s27_20260916-024016_wc60_30s
wc60_30s,copts,rdp101,WC,28,60.0,19,1650.7992,39650.7992,19,1650.79924,39650.79924,-0.0,TIE,0.95,194,58050,"{""stall_epochs"": 20}",Rdp101_copts_s28_20260916-024116_wc60_30s
wc60_30s,copts,rdp101,WC,29,60.0,19,1650.7992,39650.7992,19,1650.79924,39650.79924,-0.0,TIE,0.96,194,58050,"{""stall_epochs"": 20}",Rdp101_copts_s29_20260916-024216_wc60_30s
wc60_30s,copts,rdp101,WC,30,60.0,19,1650.7992,39650.7992,19,1650.79924,39650.79924,-0.0,TIE,1.24,194,58000,"{""stall_epochs"": 20}",Rdp101_copts_s30_20260916-024316_wc60_30s
wc60_30s,copts,rdp102,WC,1,60.0,17,1486.1195,35486.1195,17,1486.119471,35486.119471,0.0,TIE,1.91,94,27950,"{""stall_epochs"": 20}",Rdp102_copts_s1_20260916-024417_wc60_30s
wc60_30s,copts,rdp102,WC,2,60.0,17,1486.1195,35486.1195,17,1486.119471,35486.119471,0.0,TIE,1.91,94,28000,"{""stall_epochs"": 20}",Rdp102_copts_s2_20260916-024517_wc60_30s
wc60_30s,copts,rdp102,WC,3,60.0,17,1486.1195,35486.1195,17,1486.119471,35486.119471,0.0,TIE,1.28,94,28050,"{""stall_epochs"": 20}",Rdp102_copts_s3_20260916-024617_wc60_30s
wc60_30s,copts,rdp102,WC,4,60.0,17,1486.1195,35486.1195,17,1486.119471,35486.119471,0.0,TIE,1.94,94,28000,"{""stall_epochs"": 20}",Rdp102_copts_s4_20260916-024717_wc60_30s
wc60_30s,copts,rdp102,WC,5,60.0,17,1486.1195,35486.1195,17,1486.119471,35486.119471,0.0,TIE,1.91,94,27950,"{""stall_epochs"": 20}",Rdp102_copts_s5_20260916-024817_wc60_30s
wc60_30s,copts,rdp102,WC,6,60.0,17,1486.1195,35486.1195,17,1486.119471,35486.119471,0.0,TIE,1.91,94,27950,"{""stall_epochs"": 20}",Rdp102_copts_s6_20260916-024917_wc60_30s
wc60_30s,copts,rdp102,WC,7,60.0,17,1486.1195,35486.1195,17,1486.119471,35486.119471,0.0,TIE,1.93,94,28050,"{""stall_epochs"": 20}",Rdp102_copts_s7_20260916-025017_wc60_30s
wc60_30s,copts,rdp102,WC,8,60.0,17,1486.1195,35486.1195,17,1486.119471,35486.119471,0.0,TIE,1.29,94,28050,"{""stall_epochs"": 20}",Rdp102_copts_s8_20260916-025117_wc60_30s
wc60_30s,copts,rdp102,WC,9,60.0,17,1486.1195,35486.1195,17,1486.119471,35486.119471,0.0,TIE,1.9,94,27950,"{""stall_epochs"": 20}",Rdp102_copts_s9_20260916-025217_wc60_30s
wc60_30s,copts,rdp102,WC,10,60.0,17,1486.1195,35486.1195,17,1486.119471,35486.119471,0.0,TIE,1.28,94,28000,"{""stall_epochs"": 20}",Rdp102_copts_s10_20260916-025317_wc60_30s
wc60_30s,copts,rdp102,WC,11,60.0,17,1486.1195,35486.1195,17,1486.119471,35486.119471,0.0,TIE,1.92,94,28000,"{""stall_epochs"": 20}",Rdp102_copts_s11_20260916-025418_wc60_30s
wc60_30s,copts,rdp102,WC,12,60.0,17,1486.1195,35486.1195,17,1486.119471,35486.119471,0.0,TIE,1.95,93,27900,"{""stall_epochs"": 20}",Rdp102_copts_s12_20260916-025518_wc60_30s
wc60_30s,copts,rdp102,WC,13,60.0,17,1486.1195,35486.1195,17,1486.119471,35486.119471,0.0,TIE,1.28,94,28000,"{""stall_epochs"": 20}",Rdp102_copts_s13_20260916-025618_wc60_30s
wc60_30s,copts,rdp102,WC,14,60.0,17,1486.1195,35486.1195,17,1486.119471,35486.119471,0.0,TIE,1.29,94,28000,"{""stall_epochs"": 20}",Rdp102_copts_s14_20260916-025718_wc60_30s
wc60_30s,copts,rdp102,WC,15,60.0,17,1486.1195,35486.1195,17,1486.119471,35486.119471,0.0,TIE,1.95,94,28000,"{""stall_epochs"": 20}",Rdp102_copts_s15_20260916-025818_wc60_30s
wc60_30s,copts,rdp102,WC,16,60.0,17,1486.1195,35486.1195,17,1486.119471,35486.119471,0.0,TIE,1.89,94,28000,"{""stall_epochs"": 20}",Rdp102_copts_s16_20260916-025918_wc60_30s
wc60_30s,copts,rdp102,WC,17,60.0,17,1486.1195,35486.1195,17,1486.119471,35486.119471,0.0,TIE,1.93,94,28000,"{""stall_epochs"": 20}",Rdp102_copts_s17_20260916-030018_wc60_30s
wc60_30s,copts,rdp102,WC,18,60.0,17,1486.1195,35486.1195,17,1486.119471,35486.119471,0.0,TIE,1.93,94,28000,"{""stall_epochs"": 20}",Rdp102_copts_s18_20260916-030118_wc60_30s
wc60_30s,copts,rdp102,WC,19,60.0,17,1486.1195,35486.1195,17,1486.119471,35486.119471,0.0,TIE,1.31,94,28000,"{""stall_epochs"": 20}",Rdp102_copts_s19_20260916-030218_wc60_30s
wc60_30s,copts,rdp102,WC,20,60.0,17,1486.1195,35486.1195,17,1486.119471,35486.119471,0.0,TIE,1.27,94,28050,"{""stall_epochs"": 20}",Rdp102_copts_s20_20260916-030318_wc60_30s
wc60_30s,copts,rdp102,WC,21,60.0,17,1486.1195,35486.1195,17,1486.119471,35486.119471,0.0,TIE,1.28,94,27950,"{""stall_epochs"": 20}",Rdp102_copts_s21_20260916-030419_wc60_30s
wc60_30s,copts,rdp102,WC,22,60.0,17,1486.1195,35486.1195,17,1486.119471,35486.119471,0.0,TIE,1.93,94,27950,"{""stall_epochs"": 20}",Rdp102_copts_s22_20260916-030519_wc60_30s
wc60_30s,copts,rdp102,WC,23,60.0,17,1486.1195,35486.1195,17,1486.119471,35486.119471,0.0,TIE,1.94,94,28050,"{""stall_epochs"": 20}",Rdp102_copts_s23_20260916-030619_wc60_30s
wc60_30s,copts,rdp102,WC,24,60.0,17,1486.1195,35486.1195,17,1486.119471,35486.119471,0.0,TIE,1.89,94,27950,"{""stall_epochs"": 20}",Rdp102_copts_s24_20260916-030719_wc60_30s
wc60_30s,copts,rdp102,WC,25,60.0,17,1486.1195,35486.1195,17,1486.119471,35486.119471,0.0,TIE,1.92,94,28000,"{""stall_epochs"": 20}",Rdp102_copts_s25_20260916-030819_wc60_30s
wc60_30s,copts,rdp102,WC,26,60.0,17,1486.1195,35486.1195,17,1486.119471,35486.119471,0.0,TIE,1.27,94,28050,"{""stall_epochs"": 20}",Rdp102_copts_s26_20260916-030919_wc60_30s
wc60_30s,copts,rdp102,WC,27,60.0,17,1486.1195,35486.1195,17,1486.119471,35486.119471,0.0,TIE,1.28,94,28000,"{""stall_epochs"": 20}",Rdp102_copts_s27_20260916-031019_wc60_30s
wc60_30s,copts,rdp102,WC,28,60.0,17,1486.1195,35486.1195,17,1486.119471,35486.119471,0.0,TIE,1.89,93,27900,"{""stall_epochs"": 20}",Rdp102_copts_s28_20260916-031119_wc60_30s
wc60_30s,copts,rdp102,WC,29,60.0,17,1486.1195,35486.1195,17,1486.119471,35486.119471,0.0,TIE,1.94,94,27950,"{""stall_epochs"": 20}",Rdp102_copts_s29_20260916-031219_wc60_30s
wc60_30s,copts,rdp102,WC,30,60.0,17,1486.1195,35486.1195,17,1486.119471,35486.119471,0.0,TIE,1.92,93,27900,"{""stall_epochs"": 20}",Rdp102_copts_s30_20260916-031319_wc60_30s
wc60_30s,copts,rdp103,WC,1,60.0,13,1294.6398,27294.6398,13,1294.639843,27294.639843,0.0,TIE,2.81,64,19200,"{""stall_epochs"": 20}",Rdp103_copts_s1_20260916-031419_wc60_30s
wc60_30s,copts,rdp103,WC,2,60.0,13,1294.6398,27294.6398,13,1294.639843,27294.639843,0.0,TIE,3.76,65,19250,"{""stall_epochs"": 20}",Rdp103_copts_s2_20260916-031520_wc60_30s
wc60_30s,copts,rdp103,WC,3,60.0,13,1294.6398,27294.6398,13,1294.639843,27294.639843,0.0,TIE,27.61,64,19150,"{""stall_epochs"": 20}",Rdp103_copts_s3_20260916-031620_wc60_30s
wc60_30s,copts,rdp103,WC,4,60.0,13,1294.6398,27294.6398,13,1294.639843,27294.639843,0.0,TIE,3.72,65,19250,"{""stall_epochs"": 20}",Rdp103_copts_s4_20260916-031720_wc60_30s
wc60_30s,copts,rdp103,WC,5,60.0,13,1294.6398,27294.6398,13,1294.639843,27294.639843,0.0,TIE,14.31,64,19150,"{""stall_epochs"": 20}",Rdp103_copts_s5_20260916-031820_wc60_30s
wc60_30s,copts,rdp103,WC,6,60.0,13,1294.6398,27294.6398,13,1294.639843,27294.639843,0.0,TIE,6.64,64,19150,"{""stall_epochs"": 20}",Rdp103_copts_s6_20260916-031920_wc60_30s
wc60_30s,copts,rdp103,WC,7,60.0,13,1294.6398,27294.6398,13,1294.639843,27294.639843,0.0,TIE,2.83,64,19100,"{""stall_epochs"": 20}",Rdp103_copts_s7_20260916-032020_wc60_30s
wc60_30s,copts,rdp103,WC,8,60.0,13,1294.6398,27294.6398,13,1294.639843,27294.639843,0.0,TIE,3.79,64,19100,"{""stall_epochs"": 20}",Rdp103_copts_s8_20260916-032120_wc60_30s
wc60_30s,copts,rdp103,WC,9,60.0,13,1294.6398,27294.6398,13,1294.639843,27294.639843,0.0,TIE,3.77,65,19250,"{""stall_epochs"": 20}",Rdp103_copts_s9_20260916-032220_wc60_30s
wc60_30s,copts,rdp103,WC,10,60.0,13,1294.6398,27294.6398,13,1294.639843,27294.639843,0.0,TIE,3.77,64,19200,"{""stall_epochs"": 20}",Rdp103_copts_s10_20260916-032320_wc60_30s
wc60_30s,copts,rdp103,WC,11,60.0,13,1294.6398,27294.6398,13,1294.639843,27294.639843,0.0,TIE,2.84,64,19050,"{""stall_epochs"": 20}",Rdp103_copts_s11_20260916-032421_wc60_30s
wc60_30s,copts,rdp103,WC,12,60.0,13,1294.6398,27294.6398,13,1294.639843,27294.639843,0.0,TIE,19.06,64,19100,"{""stall_epochs"": 20}",Rdp103_copts_s12_20260916-032521_wc60_30s
wc60_30s,copts,rdp103,WC,13,60.0,13,1294.6398,27294.6398,13,1294.639843,27294.639843,0.0,TIE,3.82,64,19100,"{""stall_epochs"": 20}",Rdp103_copts_s13_20260916-032621_wc60_30s
wc60_30s,copts,rdp103,WC,14,60.0,13,1294.6398,27294.6398,13,1294.639843,27294.639843,0.0,TIE,2.84,64,19200,"{""stall_epochs"": 20}",Rdp103_copts_s14_20260916-032721_wc60_30s
wc60_30s,copts,rdp103,WC,15,60.0,13,1294.6398,27294.6398,13,1294.639843,27294.639843,0.0,TIE,2.84,64,19000,"{""stall_epochs"": 20}",Rdp103_copts_s15_20260916-032821_wc60_30s
wc60_30s,copts,rdp103,WC,16,60.0,13,1294.6398,27294.6398,13,1294.639843,27294.639843,0.0,TIE,14.27,64,19200,"{""stall_epochs"": 20}",Rdp103_copts_s16_20260916-032921_wc60_30s
wc60_30s,copts,rdp103,WC,17,60.0,13,1294.6398,27294.6398,13,1294.639843,27294.639843,0.0,TIE,3.76,64,19150,"{""stall_epochs"": 20}",Rdp103_copts_s17_20260916-033021_wc60_30s
wc60_30s,copts,rdp103,WC,18,60.0,13,1294.6398,27294.6398,13,1294.639843,27294.639843,0.0,TIE,3.75,65,19250,"{""stall_epochs"": 20}",Rdp103_copts_s18_20260916-033121_wc60_30s
wc60_30s,copts,rdp103,WC,19,60.0,13,1294.6398,27294.6398,13,1294.639843,27294.639843,0.0,TIE,4.76,64,19200,"{""stall_epochs"": 20}",Rdp103_copts_s19_20260916-033221_wc60_30s
wc60_30s,copts,rdp103,WC,20,60.0,13,1294.6398,27294.6398,13,1294.639843,27294.639843,0.0,TIE,3.77,64,19200,"{""stall_epochs"": 20}",Rdp103_copts_s20_20260916-033321_wc60_30s
wc60_30s,copts,rdp103,WC,21,60.0,13,1294.6398,27294.6398,13,1294.639843,27294.639843,0.0,TIE,4.76,64,19100,"{""stall_epochs"": 20}",Rdp103_copts_s21_20260916-033421_wc60_30s
wc60_30s,copts,rdp103,WC,22,60.0,13,1294.6398,27294.6398,13,1294.639843,27294.639843,0.0,TIE,4.69,64,19200,"{""stall_epochs"": 20}",Rdp103_copts_s22_20260916-033521_wc60_30s
wc60_30s,copts,rdp103,WC,23,60.0,13,1294.6398,27294.6398,13,1294.639843,27294.639843,0.0,TIE,3.79,64,19150,"{""stall_epochs"": 20}",Rdp103_copts_s23_20260916-033622_wc60_30s
wc60_30s,copts,rdp103,WC,24,60.0,13,1294.6398,27294.6398,13,1294.639843,27294.639843,0.0,TIE,2.85,64,19200,"{""stall_epochs"": 20}",Rdp103_copts_s24_20260916-033722_wc60_30s
wc60_30s,copts,rdp103,WC,25,60.0,13,1294.6398,27294.6398,13,1294.639843,27294.639843,0.0,TIE,3.8,64,19150,"{""stall_epochs"": 20}",Rdp103_copts_s25_20260916-033822_wc60_30s
wc60_30s,copts,rdp103,WC,26,60.0,13,1294.6398,27294.6398,13,1294.639843,27294.639843,0.0,TIE,1.87,64,19150,"{""stall_epochs"": 20}",Rdp103_copts_s26_20260916-033922_wc60_30s
wc60_30s,copts,rdp103,WC,27,60.0,13,1294.6398,27294.6398,13,1294.639843,27294.639843,0.0,TIE,4.7,65,19250,"{""stall_epochs"": 20}",Rdp103_copts_s27_20260916-034022_wc60_30s
wc60_30s,copts,rdp103,WC,28,60.0,13,1294.6398,27294.6398,13,1294.639843,27294.639843,0.0,TIE,3.8,64,19150,"{""stall_epochs"": 20}",Rdp103_copts_s28_20260916-034122_wc60_30s
wc60_30s,copts,rdp103,WC,29,60.0,13,1294.6398,27294.6398,13,1294.639843,27294.639843,0.0,TIE,2.79,64,19200,"{""stall_epochs"": 20}",Rdp103_copts_s29_20260916-034222_wc60_30s
wc60_30s,copts,rdp103,WC,30,60.0,13,1294.6398,27294.6398,13,1294.639843,27294.639843,0.0,TIE,3.74,64,19150,"{""stall_epochs"": 20}",Rdp103_copts_s30_20260916-034322_wc60_30s
wc60_30s,copts,rdp104,WC,1,60.0,9,1017.2215,19017.2215,9,1026.417258,19026.417258,-0.0483,NEW_BEST,3.94,46,13600,"{""stall_epochs"": 20}",Rdp104_copts_s1_20260916-034422_wc60_30s
wc60_30s,copts,rdp104,WC,2,60.0,9,1017.2215,19017.2215,9,1026.417258,19026.417258,-0.0483,NEW_BEST,5.22,46,13600,"{""stall_epochs"": 20}",Rdp104_copts_s2_20260916-034522_wc60_30s
wc60_30s,copts,rdp104,WC,3,60.0,9,1017.2215,19017.2215,9,1026.417258,19026.417258,-0.0483,NEW_BEST,7.8,46,13600,"{""stall_epochs"": 20}",Rdp104_copts_s3_20260916-034623_wc60_30s
wc60_30s,copts,rdp104,WC,4,60.0,9,1017.2215,19017.2215,9,1026.417258,19026.417258,-0.0483,NEW_BEST,7.81,46,13600,"{""stall_epochs"": 20}",Rdp104_copts_s4_20260916-034723_wc60_30s
wc60_30s,copts,rdp104,WC,5,60.0,9,1017.2215,19017.2215,9,1026.417258,19026.417258,-0.0483,NEW_BEST,21.14,46,13550,"{""stall_epochs"": 20}",Rdp104_copts_s5_20260916-034823_wc60_30s
wc60_30s,copts,rdp104,WC,6,60.0,9,1017.2215,19017.2215,9,1026.417258,19026.417258,-0.0483,NEW_BEST,5.23,46,13650,"{""stall_epochs"": 20}",Rdp104_copts_s6_20260916-034923_wc60_30s
wc60_30s,copts,rdp104,WC,7,60.0,9,1017.2215,19017.2215,9,1026.417258,19026.417258,-0.0483,NEW_BEST,10.56,46,13550,"{""stall_epochs"": 20}",Rdp104_copts_s7_20260916-035023_wc60_30s
wc60_30s,copts,rdp104,WC,8,60.0,9,1017.2215,19017.2215,9,1026.417258,19026.417258,-0.0483,NEW_BEST,3.94,46,13550,"{""stall_epochs"": 20}",Rdp104_copts_s8_20260916-035123_wc60_30s
wc60_30s,copts,rdp104,WC,9,60.0,9,1017.2215,19017.2215,9,1026.417258,19026.417258,-0.0483,NEW_BEST,9.11,46,13650,"{""stall_epochs"": 20}",Rdp104_copts_s9_20260916-035223_wc60_30s
wc60_30s,copts,rdp104,WC,10,60.0,9,1017.2215,19017.2215,9,1026.417258,19026.417258,-0.0483,NEW_BEST,7.84,46,13600,"{""stall_epochs"": 20}",Rdp104_copts_s10_20260916-035324_wc60_30s
wc60_30s,copts,rdp104,WC,11,60.0,9,1017.2215,19017.2215,9,1026.417258,19026.417258,-0.0483,NEW_BEST,7.88,46,13550,"{""stall_epochs"": 20}",Rdp104_copts_s11_20260916-035424_wc60_30s
wc60_30s,copts,rdp104,WC,12,60.0,9,1017.2215,19017.2215,9,1026.417258,19026.417258,-0.0483,NEW_BEST,6.48,46,13600,"{""stall_epochs"": 20}",Rdp104_copts_s12_20260916-035524_wc60_30s
wc60_30s,copts,rdp104,WC,13,60.0,9,1017.2215,19017.2215,9,1026.417258,19026.417258,-0.0483,NEW_BEST,6.61,45,13500,"{""stall_epochs"": 20}",Rdp104_copts_s13_20260916-035624_wc60_30s
wc60_30s,copts,rdp104,WC,14,60.0,9,1017.2215,19017.2215,9,1026.417258,19026.417258,-0.0483,NEW_BEST,6.55,46,13550,"{""stall_epochs"": 20}",Rdp104_copts_s14_20260916-035724_wc60_30s
wc60_30s,copts,rdp104,WC,15,60.0,9,1017.2215,19017.2215,9,1026.417258,19026.417258,-0.0483,NEW_BEST,7.87,46,13550,"{""stall_epochs"": 20}",Rdp104_copts_s15_20260916-035824_wc60_30s
wc60_30s,copts,rdp104,WC,16,60.0,9,1017.2215,19017.2215,9,1026.417258,19026.417258,-0.0483,NEW_BEST,9.1,46,13600,"{""stall_epochs"": 20}",Rdp104_copts_s16_20260916-035924_wc60_30s
wc60_30s,copts,rdp104,WC,17,60.0,9,1017.2215,19017.2215,9,1026.417258,19026.417258,-0.0483,NEW_BEST,5.24,46,13550,"{""stall_epochs"": 20}",Rdp104_copts_s17_20260916-040024_wc60_30s
wc60_30s,copts,rdp104,WC,18,60.0,9,1017.2215,19017.2215,9,1026.417258,19026.417258,-0.0483,NEW_BEST,3.91,46,13650,"{""stall_epochs"": 20}",Rdp104_copts_s18_20260916-040124_wc60_30s
wc60_30s,copts,rdp104,WC,19,60.0,9,1017.2215,19017.2215,9,1026.417258,19026.417258,-0.0483,NEW_BEST,9.11,46,13650,"{""stall_epochs"": 20}",Rdp104_copts_s19_20260916-040224_wc60_30s
wc60_30s,copts,rdp104,WC,20,60.0,9,1017.2215,19017.2215,9,1026.417258,19026.417258,-0.0483,NEW_BEST,6.58,46,13550,"{""stall_epochs"": 20}",Rdp104_copts_s20_20260916-040325_wc60_30s
wc60_30s,copts,rdp104,WC,21,60.0,9,1017.2215,19017.2215,9,1026.417258,19026.417258,-0.0483,NEW_BEST,13.11,46,13550,"{""stall_epochs"": 20}",Rdp104_copts_s21_20260916-040425_wc60_30s
wc60_30s,copts,rdp104,WC,22,60.0,9,1017.2215,19017.2215,9,1026.417258,19026.417258,-0.0483,NEW_BEST,9.13,46,13600,"{""stall_epochs"": 20}",Rdp104_copts_s22_20260916-040525_wc60_30s
wc60_30s,copts,rdp104,WC,23,60.0,9,1017.2215,19017.2215,9,1026.417258,19026.417258,-0.0483,NEW_BEST,9.17,46,13550,"{""stall_epochs"": 20}",Rdp104_copts_s23_20260916-040625_wc60_30s
wc60_30s,copts,rdp104,WC,24,60.0,9,1017.2215,19017.2215,9,1026.417258,19026.417258,-0.0483,NEW_BEST,2.63,46,13550,"{""stall_epochs"": 20}",Rdp104_copts_s24_20260916-040725_wc60_30s
wc60_30s,copts,rdp104,WC,25,60.0,9,1017.2215,19017.2215,9,1026.417258,19026.417258,-0.0483,NEW_BEST,7.82,46,13600,"{""stall_epochs"": 20}",Rdp104_copts_s25_20260916-040825_wc60_30s
wc60_30s,copts,rdp104,WC,26,60.0,9,1017.2215,19017.2215,9,1026.417258,19026.417258,-0.0483,NEW_BEST,7.94,46,13600,"{""stall_epochs"": 20}",Rdp104_copts_s26_20260916-040926_wc60_30s
wc60_30s,copts,rdp104,WC,27,60.0,9,1017.2215,19017.2215,9,1026.417258,19026.417258,-0.0483,NEW_BEST,6.6,46,13550,"{""stall_epochs"": 20}",Rdp104_copts_s27_20260916-041026_wc60_30s
wc60_30s,copts,rdp104,WC,28,60.0,9,1017.2215,19017.2215,9,1026.417258,19026.417258,-0.0483,NEW_BEST,7.87,45,13500,"{""stall_epochs"": 20}",Rdp104_copts_s28_20260916-041126_wc60_30s
wc60_30s,copts,rdp104,WC,29,60.0,9,1017.2215,19017.2215,9,1026.417258,19026.417258,-0.0483,NEW_BEST,10.46,46,13650,"{""stall_epochs"": 20}",Rdp104_copts_s29_20260916-041226_wc60_30s
wc60_30s,copts,rdp104,WC,30,60.0,9,1017.2215,19017.2215,9,1026.417258,19026.417258,-0.0483,NEW_BEST,7.86,46,13550,"{""stall_epochs"": 20}",Rdp104_copts_s30_20260916-041326_wc60_30s
wc60_30s,copts,rdp105,WC,1,60.0,14,1377.111,29377.111,14,1377.111018,29377.111018,-0.0,TIE,0.43,144,43050,"{""stall_epochs"": 20}",Rdp105_copts_s1_20260916-041426_wc60_30s
wc60_30s,copts,rdp105,WC,2,60.0,14,1377.111,29377.111,14,1377.111018,29377.111018,-0.0,TIE,0.43,144,43100,"{""stall_epochs"": 20}",Rdp105_copts_s2_20260916-041526_wc60_30s
wc60_30s,copts,rdp105,WC,3,60.0,14,1377.111,29377.111,14,1377.111018,29377.111018,-0.0,TIE,0.43,144,43000,"{""stall_epochs"": 20}",Rdp105_copts_s3_20260916-041627_wc60_30s
wc60_30s,copts,rdp105,WC,4,60.0,14,1377.111,29377.111,14,1377.111018,29377.111018,-0.0,TIE,0.44,144,43150,"{""stall_epochs"": 20}",Rdp105_copts_s4_20260916-041727_wc60_30s
wc60_30s,copts,rdp105,WC,5,60.0,14,1377.111,29377.111,14,1377.111018,29377.111018,-0.0,TIE,0.88,144,43150,"{""stall_epochs"": 20}",Rdp105_copts_s5_20260916-041827_wc60_30s
wc60_30s,copts,rdp105,WC,6,60.0,14,1377.111,29377.111,14,1377.111018,29377.111018,-0.0,TIE,0.89,144,43100,"{""stall_epochs"": 20}",Rdp105_copts_s6_20260916-041927_wc60_30s
wc60_30s,copts,rdp105,WC,7,60.0,14,1377.111,29377.111,14,1377.111018,29377.111018,-0.0,TIE,0.43,143,42850,"{""stall_epochs"": 20}",Rdp105_copts_s7_20260916-042027_wc60_30s
wc60_30s,copts,rdp105,WC,8,60.0,14,1377.111,29377.111,14,1377.111018,29377.111018,-0.0,TIE,0.45,144,43150,"{""stall_epochs"": 20}",Rdp105_copts_s8_20260916-042127_wc60_30s
wc60_30s,copts,rdp105,WC,9,60.0,14,1377.111,29377.111,14,1377.111018,29377.111018,-0.0,TIE,0.43,143,42800,"{""stall_epochs"": 20}",Rdp105_copts_s9_20260916-042227_wc60_30s
wc60_30s,copts,rdp105,WC,10,60.0,14,1377.111,29377.111,14,1377.111018,29377.111018,-0.0,TIE,0.43,144,43100,"{""stall_epochs"": 20}",Rdp105_copts_s10_20260916-042327_wc60_30s
wc60_30s,copts,rdp105,WC,11,60.0,14,1377.111,29377.111,14,1377.111018,29377.111018,-0.0,TIE,0.44,144,43050,"{""stall_epochs"": 20}",Rdp105_copts_s11_20260916-042427_wc60_30s
wc60_30s,copts,rdp105,WC,12,60.0,14,1377.111,29377.111,14,1377.111018,29377.111018,-0.0,TIE,0.86,144,43150,"{""stall_epochs"": 20}",Rdp105_copts_s12_20260916-042527_wc60_30s
wc60_30s,copts,rdp105,WC,13,60.0,14,1377.111,29377.111,14,1377.111018,29377.111018,-0.0,TIE,0.45,144,43050,"{""stall_epochs"": 20}",Rdp105_copts_s13_20260916-042627_wc60_30s
wc60_30s,copts,rdp105,WC,14,60.0,14,1377.111,29377.111,14,1377.111018,29377.111018,-0.0,TIE,0.86,144,43150,"{""stall_epochs"": 20}",Rdp105_copts_s14_20260916-042727_wc60_30s
wc60_30s,copts,rdp105,WC,15,60.0,14,1377.111,29377.111,14,1377.111018,29377.111018,-0.0,TIE,0.9,144,42950,"{""stall_epochs"": 20}",Rdp105_copts_s15_20260916-042827_wc60_30s
wc60_30s,copts,rdp105,WC,16,60.0,14,1377.111,29377.111,14,1377.111018,29377.111018,-0.0,TIE,0.87,144,43000,"{""stall_epochs"": 20}",Rdp105_copts_s16_20260916-042927_wc60_30s
wc60_30s,copts,rdp105,WC,17,60.0,14,1377.111,29377.111,14,1377.111018,29377.111018,-0.0,TIE,0.45,144,42950,"{""stall_epochs"": 20}",Rdp105_copts_s17_20260916-043028_wc60_30s
wc60_30s,copts,rdp105,WC,18,60.0,14,1377.111,29377.111,14,1377.111018,29377.111018,-0.0,TIE,0.43,144,43050,"{""stall_epochs"": 20}",Rdp105_copts_s18_20260916-043128_wc60_30s
wc60_30s,copts,rdp105,WC,19,60.0,14,1377.111,29377.111,14,1377.111018,29377.111018,-0.0,TIE,0.43,144,43150,"{""stall_epochs"": 20}",Rdp105_copts_s19_20260916-043228_wc60_30s
wc60_30s,copts,rdp105,WC,20,60.0,14,1377.111,29377.111,14,1377.111018,29377.111018,-0.0,TIE,0.9,144,43100,"{""stall_epochs"": 20}",Rdp105_copts_s20_20260916-043328_wc60_30s
wc60_30s,copts,rdp105,WC,21,60.0,14,1377.111,29377.111,14,1377.111018,29377.111018,-0.0,TIE,0.45,144,43000,"{""stall_epochs"": 20}",Rdp105_copts_s21_20260916-043428_wc60_30s
wc60_30s,copts,rdp105,WC,22,60.0,14,1377.111,29377.111,14,1377.111018,29377.111018,-0.0,TIE,0.44,144,43050,"{""stall_epochs"": 20}",Rdp105_copts_s22_20260916-043528_wc60_30s
wc60_30s,copts,rdp105,WC,23,60.0,14,1377.111,29377.111,14,1377.111018,29377.111018,-0.0,TIE,0.45,144,43050,"{""stall_epochs"": 20}",Rdp105_copts_s23_20260916-043628_wc60_30s
wc60_30s,copts,rdp105,WC,24,60.0,14,1377.111,29377.111,14,1377.111018,29377.111018,-0.0,TIE,0.46,144,43050,"{""stall_epochs"": 20}",Rdp105_copts_s24_20260916-043728_wc60_30s
wc60_30s,copts,rdp105,WC,25,60.0,14,1377.111,29377.111,14,1377.111018,29377.111018,-0.0,TIE,0.87,144,43000,"{""stall_epochs"": 20}",Rdp105_copts_s25_20260916-043828_wc60_30s
wc60_30s,copts,rdp105,WC,26,60.0,14,1377.111,29377.111,14,1377.111018,29377.111018,-0.0,TIE,0.88,144,43050,"{""stall_epochs"": 20}",Rdp105_copts_s26_20260916-043928_wc60_30s
wc60_30s,copts,rdp105,WC,27,60.0,14,1377.111,29377.111,14,1377.111018,29377.111018,-0.0,TIE,0.45,144,42950,"{""stall_epochs"": 20}",Rdp105_copts_s27_20260916-044028_wc60_30s
wc60_30s,copts,rdp105,WC,28,60.0,14,1377.111,29377.111,14,1377.111018,29377.111018,-0.0,TIE,0.85,144,43000,"{""stall_epochs"": 20}",Rdp105_copts_s28_20260916-044128_wc60_30s
wc60_30s,copts,rdp105,WC,29,60.0,14,1377.111,29377.111,14,1377.111018,29377.111018,-0.0,TIE,0.88,144,43100,"{""stall_epochs"": 20}",Rdp105_copts_s29_20260916-044228_wc60_30s
wc60_30s,copts,rdp105,WC,30,60.0,14,1377.111,29377.111,14,1377.111018,29377.111018,-0.0,TIE,0.88,144,42950,"{""stall_epochs"": 20}",Rdp105_copts_s30_20260916-044329_wc60_30s
wc60_30s,copts,rdp106,WC,1,60.0,12,1252.0307,25252.0307,12,1252.030746,25252.030746,-0.0,TIE,1.64,75,22300,"{""stall_epochs"": 20}",Rdp106_copts_s1_20260916-044429_wc60_30s
wc60_30s,copts,rdp106,WC,2,60.0,12,1252.0307,25252.0307,12,1252.030746,25252.030746,-0.0,TIE,0.82,75,22350,"{""stall_epochs"": 20}",Rdp106_copts_s2_20260916-044529_wc60_30s
wc60_30s,copts,rdp106,WC,3,60.0,12,1252.0307,25252.0307,12,1252.030746,25252.030746,-0.0,TIE,1.61,75,22400,"{""stall_epochs"": 20}",Rdp106_copts_s3_20260916-044629_wc60_30s
wc60_30s,copts,rdp106,WC,4,60.0,12,1252.0307,25252.0307,12,1252.030746,25252.030746,-0.0,TIE,1.62,75,22350,"{""stall_epochs"": 20}",Rdp106_copts_s4_20260916-044729_wc60_30s
wc60_30s,copts,rdp106,WC,5,60.0,12,1252.0307,25252.0307,12,1252.030746,25252.030746,-0.0,TIE,1.62,75,22350,"{""stall_epochs"": 20}",Rdp106_copts_s5_20260916-044829_wc60_30s
wc60_30s,copts,rdp106,WC,6,60.0,12,1252.0307,25252.0307,12,1252.030746,25252.030746,-0.0,TIE,0.83,75,22350,"{""stall_epochs"": 20}",Rdp106_copts_s6_20260916-044929_wc60_30s
wc60_30s,copts,rdp106,WC,7,60.0,12,1252.0307,25252.0307,12,1252.030746,25252.030746,-0.0,TIE,1.63,75,22300,"{""stall_epochs"": 20}",Rdp106_copts_s7_20260916-045029_wc60_30s
wc60_30s,copts,rdp106,WC,8,60.0,12,1252.0307,25252.0307,12,1252.030746,25252.030746,-0.0,TIE,1.63,75,22350,"{""stall_epochs"": 20}",Rdp106_copts_s8_20260916-045129_wc60_30s
wc60_30s,copts,rdp106,WC,9,60.0,12,1252.0307,25252.0307,12,1252.030746,25252.030746,-0.0,TIE,1.63,75,22300,"{""stall_epochs"": 20}",Rdp106_copts_s9_20260916-045229_wc60_30s
wc60_30s,copts,rdp106,WC,10,60.0,12,1252.0307,25252.0307,12,1252.030746,25252.030746,-0.0,TIE,1.62,75,22400,"{""stall_epochs"": 20}",Rdp106_copts_s10_20260916-045329_wc60_30s
wc60_30s,copts,rdp106,WC,11,60.0,12,1252.0307,25252.0307,12,1252.030746,25252.030746,-0.0,TIE,1.61,75,22250,"{""stall_epochs"": 20}",Rdp106_copts_s11_20260916-045429_wc60_30s
wc60_30s,copts,rdp106,WC,12,60.0,12,1252.0307,25252.0307,12,1252.030746,25252.030746,-0.0,TIE,1.63,75,22300,"{""stall_epochs"": 20}",Rdp106_copts_s12_20260916-045530_wc60_30s
wc60_30s,copts,rdp106,WC,13,60.0,12,1252.0307,25252.0307,12,1252.030746,25252.030746,-0.0,TIE,1.64,75,22300,"{""stall_epochs"": 20}",Rdp106_copts_s13_20260916-045630_wc60_30s
wc60_30s,copts,rdp106,WC,14,60.0,12,1252.0307,25252.0307,12,1252.030746,25252.030746,-0.0,TIE,1.63,75,22350,"{""stall_epochs"": 20}",Rdp106_copts_s14_20260916-045730_wc60_30s
wc60_30s,copts,rdp106,WC,15,60.0,12,1252.0307,25252.0307,12,1252.030746,25252.030746,-0.0,TIE,1.61,75,22250,"{""stall_epochs"": 20}",Rdp106_copts_s15_20260916-045830_wc60_30s
wc60_30s,copts,rdp106,WC,16,60.0,12,1252.0307,25252.0307,12,1252.030746,25252.030746,-0.0,TIE,3.25,75,22350,"{""stall_epochs"": 20}",Rdp106_copts_s16_20260916-045930_wc60_30s
wc60_30s,copts,rdp106,WC,17,60.0,12,1252.0307,25252.0307,12,1252.030746,25252.030746,-0.0,TIE,1.63,75,22350,"{""stall_epochs"": 20}",Rdp106_copts_s17_20260916-050030_wc60_30s
wc60_30s,copts,rdp106,WC,18,60.0,12,1252.0307,25252.0307,12,1252.030746,25252.030746,-0.0,TIE,1.62,75,22400,"{""stall_epochs"": 20}",Rdp106_copts_s18_20260916-050130_wc60_30s
wc60_30s,copts,rdp106,WC,19,60.0,12,1252.0307,25252.0307,12,1252.030746,25252.030746,-0.0,TIE,1.62,75,22350,"{""stall_epochs"": 20}",Rdp106_copts_s19_20260916-050230_wc60_30s
wc60_30s,copts,rdp106,WC,20,60.0,12,1252.0307,25252.0307,12,1252.030746,25252.030746,-0.0,TIE,1.59,75,22300,"{""stall_epochs"": 20}",Rdp106_copts_s20_20260916-050330_wc60_30s
wc60_30s,copts,rdp106,WC,21,60.0,12,1252.0307,25252.0307,12,1252.030746,25252.030746,-0.0,TIE,1.62,75,22300,"{""stall_epochs"": 20}",Rdp106_copts_s21_20260916-050430_wc60_30s
wc60_30s,copts,rdp106,WC,22,60.0,12,1252.0307,25252.0307,12,1252.030746,25252.030746,-0.0,TIE,1.62,75,22400,"{""stall_epochs"": 20}",Rdp106_copts_s22_20260916-050530_wc60_30s
wc60_30s,copts,rdp106,WC,23,60.0,12,1252.0307,25252.0307,12,1252.030746,25252.030746,-0.0,TIE,2.42,75,22300,"{""stall_epochs"": 20}",Rdp106_copts_s23_20260916-050631_wc60_30s
wc60_30s,copts,rdp106,WC,24,60.0,12,1252.0307,25252.0307,12,1252.030746,25252.030746,-0.0,TIE,1.63,75,22250,"{""stall_epochs"": 20}",Rdp106_copts_s24_20260916-050731_wc60_30s
wc60_30s,copts,rdp106,WC,25,60.0,12,1252.0307,25252.0307,12,1252.030746,25252.030746,-0.0,TIE,2.46,75,22250,"{""stall_epochs"": 20}",Rdp106_copts_s25_20260916-050831_wc60_30s
wc60_30s,copts,rdp106,WC,26,60.0,12,1252.0307,25252.0307,12,1252.030746,25252.030746,-0.0,TIE,1.62,75,22350,"{""stall_epochs"": 20}",Rdp106_copts_s26_20260916-050931_wc60_30s
wc60_30s,copts,rdp106,WC,27,60.0,12,1252.0307,25252.0307,12,1252.030746,25252.030746,-0.0,TIE,1.64,75,22400,"{""stall_epochs"": 20}",Rdp106_copts_s27_20260916-051031_wc60_30s
wc60_30s,copts,rdp106,WC,28,60.0,12,1252.0307,25252.0307,12,1252.030746,25252.030746,-0.0,TIE,1.63,75,22300,"{""stall_epochs"": 20}",Rdp106_copts_s28_20260916-051131_wc60_30s
wc60_30s,copts,rdp106,WC,29,60.0,12,1252.0307,25252.0307,12,1252.030746,25252.030746,-0.0,TIE,1.63,75,22300,"{""stall_epochs"": 20}",Rdp106_copts_s29_20260916-051231_wc60_30s
wc60_30s,copts,rdp106,WC,30,60.0,12,1252.0307,25252.0307,12,1252.030746,25252.030746,-0.0,TIE,1.68,75,22250,"{""stall_epochs"": 20}",Rdp106_copts_s30_20260916-051331_wc60_30s
wc60_30s,copts,rdp107,WC,1,60.0,10,1112.5512,21112.5512,10,1112.551177,21112.551177,0.0,TIE,20.84,52,15600,"{""stall_epochs"": 20}",Rdp107_copts_s1_20260916-051431_wc60_30s
wc60_30s,copts,rdp107,WC,2,60.0,10,1112.5512,21112.5512,10,1112.551177,21112.551177,0.0,TIE,37.25,52,15550,"{""stall_epochs"": 20}",Rdp107_copts_s2_20260916-051531_wc60_30s
wc60_30s,copts,rdp107,WC,3,60.0,10,1112.5512,21112.5512,10,1112.551177,21112.551177,0.0,TIE,12.71,52,15500,"{""stall_epochs"": 20}",Rdp107_copts_s3_20260916-051632_wc60_30s
wc60_30s,copts,rdp107,WC,4,60.0,10,1112.5512,21112.5512,10,1112.551177,21112.551177,0.0,TIE,11.5,52,15600,"{""stall_epochs"": 20}",Rdp107_copts_s4_20260916-051732_wc60_30s
wc60_30s,copts,rdp107,WC,5,60.0,10,1112.5512,21112.5512,10,1112.551177,21112.551177,0.0,TIE,8.16,52,15450,"{""stall_epochs"": 20}",Rdp107_copts_s5_20260916-051832_wc60_30s
wc60_30s,copts,rdp107,WC,6,60.0,10,1112.5512,21112.5512,10,1112.551177,21112.551177,0.0,TIE,19.69,52,15550,"{""stall_epochs"": 20}",Rdp107_copts_s6_20260916-051932_wc60_30s
wc60_30s,copts,rdp107,WC,7,60.0,10,1112.5512,21112.5512,10,1112.551177,21112.551177,0.0,TIE,24.39,52,15500,"{""stall_epochs"": 20}",Rdp107_copts_s7_20260916-052032_wc60_30s
wc60_30s,copts,rdp107,WC,8,60.0,10,1112.5512,21112.5512,10,1112.551177,21112.551177,0.0,TIE,15.09,52,15500,"{""stall_epochs"": 20}",Rdp107_copts_s8_20260916-052132_wc60_30s
wc60_30s,copts,rdp107,WC,9,60.0,10,1112.5512,21112.5512,10,1112.551177,21112.551177,0.0,TIE,5.74,52,15450,"{""stall_epochs"": 20}",Rdp107_copts_s9_20260916-052232_wc60_30s
wc60_30s,copts,rdp107,WC,10,60.0,10,1112.5512,21112.5512,10,1112.551177,21112.551177,0.0,TIE,6.87,52,15500,"{""stall_epochs"": 20}",Rdp107_copts_s10_20260916-052332_wc60_30s
wc60_30s,copts,rdp107,WC,11,60.0,10,1112.5512,21112.5512,10,1112.551177,21112.551177,0.0,TIE,11.51,52,15500,"{""stall_epochs"": 20}",Rdp107_copts_s11_20260916-052432_wc60_30s
wc60_30s,copts,rdp107,WC,12,60.0,10,1112.5512,21112.5512,10,1112.551177,21112.551177,0.0,TIE,6.96,52,15550,"{""stall_epochs"": 20}",Rdp107_copts_s12_20260916-052533_wc60_30s
wc60_30s,copts,rdp107,WC,13,60.0,10,1112.5512,21112.5512,10,1112.551177,21112.551177,0.0,TIE,13.89,52,15500,"{""stall_epochs"": 20}",Rdp107_copts_s13_20260916-052633_wc60_30s
wc60_30s,copts,rdp107,WC,14,60.0,10,1112.5512,21112.5512,10,1112.551177,21112.551177,0.0,TIE,15.12,52,15550,"{""stall_epochs"": 20}",Rdp107_copts_s14_20260916-052733_wc60_30s
wc60_30s,copts,rdp107,WC,15,60.0,10,1112.5512,21112.5512,10,1112.551177,21112.551177,0.0,TIE,16.33,52,15550,"{""stall_epochs"": 20}",Rdp107_copts_s15_20260916-052833_wc60_30s
wc60_30s,copts,rdp107,WC,16,60.0,10,1112.5512,21112.5512,10,1112.551177,21112.551177,0.0,TIE,8.1,52,15550,"{""stall_epochs"": 20}",Rdp107_copts_s16_20260916-052933_wc60_30s
wc60_30s,copts,rdp107,WC,17,60.0,10,1112.5512,21112.5512,10,1112.551177,21112.551177,0.0,TIE,10.41,52,15600,"{""stall_epochs"": 20}",Rdp107_copts_s17_20260916-053033_wc60_30s
wc60_30s,copts,rdp107,WC,18,60.0,10,1112.5512,21112.5512,10,1112.551177,21112.551177,0.0,TIE,11.56,52,15500,"{""stall_epochs"": 20}",Rdp107_copts_s18_20260916-053133_wc60_30s
wc60_30s,copts,rdp107,WC,19,60.0,10,1112.5512,21112.5512,10,1112.551177,21112.551177,0.0,TIE,16.19,52,15550,"{""stall_epochs"": 20}",Rdp107_copts_s19_20260916-053233_wc60_30s
wc60_30s,copts,rdp107,WC,20,60.0,10,1112.5512,21112.5512,10,1112.551177,21112.551177,0.0,TIE,15.18,52,15400,"{""stall_epochs"": 20}",Rdp107_copts_s20_20260916-053333_wc60_30s
wc60_30s,copts,rdp107,WC,21,60.0,10,1112.5512,21112.5512,10,1112.551177,21112.551177,0.0,TIE,11.61,52,15500,"{""stall_epochs"": 20}",Rdp107_copts_s21_20260916-053434_wc60_30s
wc60_30s,copts,rdp107,WC,22,60.0,10,1112.5512,21112.5512,10,1112.551177,21112.551177,0.0,TIE,15.05,52,15500,"{""stall_epochs"": 20}",Rdp107_copts_s22_20260916-053534_wc60_30s
wc60_30s,copts,rdp107,WC,23,60.0,10,1112.5512,21112.5512,10,1112.551177,21112.551177,0.0,TIE,12.71,52,15500,"{""stall_epochs"": 20}",Rdp107_copts_s23_20260916-053634_wc60_30s
wc60_30s,copts,rdp107,WC,24,60.0,10,1112.5512,21112.5512,10,1112.551177,21112.551177,0.0,TIE,18.48,52,15500,"{""stall_epochs"": 20}",Rdp107_copts_s24_20260916-053734_wc60_30s
wc60_30s,copts,rdp107,WC,25,60.0,10,1112.5512,21112.5512,10,1112.551177,21112.551177,0.0,TIE,20.94,52,15500,"{""stall_epochs"": 20}",Rdp107_copts_s25_20260916-053834_wc60_30s
wc60_30s,copts,rdp107,WC,26,60.0,10,1112.5512,21112.5512,10,1112.551177,21112.551177,0.0,TIE,10.39,52,15450,"{""stall_epochs"": 20}",Rdp107_copts_s26_20260916-053934_wc60_30s
wc60_30s,copts,rdp107,WC,27,60.0,10,1112.5512,21112.5512,10,1112.551177,21112.551177,0.0,TIE,8.07,52,15500,"{""stall_epochs"": 20}",Rdp107_copts_s27_20260916-054034_wc60_30s
wc60_30s,copts,rdp107,WC,28,60.0,10,1112.5512,21112.5512,10,1112.551177,21112.551177,0.0,TIE,11.53,52,15500,"{""stall_epochs"": 20}",Rdp107_copts_s28_20260916-054134_wc60_30s
wc60_30s,copts,rdp107,WC,29,60.0,10,1112.5512,21112.5512,10,1112.551177,21112.551177,0.0,TIE,16.24,52,15450,"{""stall_epochs"": 20}",Rdp107_copts_s29_20260916-054234_wc60_30s
wc60_30s,copts,rdp107,WC,30,60.0,10,1112.5512,21112.5512,10,1112.551177,21112.551177,0.0,TIE,39.53,52,15500,"{""stall_epochs"": 20}",Rdp107_copts_s30_20260916-054335_wc60_30s
wc60_30s,copts,rdp108,WC,1,60.0,9,965.2179,18965.2179,9,965.217944,18965.217944,-0.0,TIE,9.66,43,12750,"{""stall_epochs"": 20}",Rdp108_copts_s1_20260916-054435_wc60_30s
wc60_30s,copts,rdp108,WC,2,60.0,9,965.2179,18965.2179,9,965.217944,18965.217944,-0.0,TIE,12.45,43,12750,"{""stall_epochs"": 20}",Rdp108_copts_s2_20260916-054535_wc60_30s
wc60_30s,copts,rdp108,WC,3,60.0,9,965.2179,18965.2179,9,965.217944,18965.217944,-0.0,TIE,6.85,43,12800,"{""stall_epochs"": 20}",Rdp108_copts_s3_20260916-054635_wc60_30s
wc60_30s,copts,rdp108,WC,4,60.0,9,965.2179,18965.2179,9,965.217944,18965.217944,-0.0,TIE,6.88,43,12650,"{""stall_epochs"": 20}",Rdp108_copts_s4_20260916-054735_wc60_30s
wc60_30s,copts,rdp108,WC,5,60.0,9,965.2179,18965.2179,9,965.217944,18965.217944,-0.0,TIE,6.99,43,12650,"{""stall_epochs"": 20}",Rdp108_copts_s5_20260916-054835_wc60_30s
wc60_30s,copts,rdp108,WC,6,60.0,9,965.2179,18965.2179,9,965.217944,18965.217944,-0.0,TIE,6.88,43,12750,"{""stall_epochs"": 20}",Rdp108_copts_s6_20260916-054935_wc60_30s
wc60_30s,copts,rdp108,WC,7,60.0,9,965.2179,18965.2179,9,965.217944,18965.217944,-0.0,TIE,16.82,43,12700,"{""stall_epochs"": 20}",Rdp108_copts_s7_20260916-055035_wc60_30s
wc60_30s,copts,rdp108,WC,8,60.0,9,965.2179,18965.2179,9,965.217944,18965.217944,-0.0,TIE,9.68,43,12700,"{""stall_epochs"": 20}",Rdp108_copts_s8_20260916-055135_wc60_30s
wc60_30s,copts,rdp108,WC,9,60.0,9,965.2179,18965.2179,9,965.217944,18965.217944,-0.0,TIE,6.84,43,12750,"{""stall_epochs"": 20}",Rdp108_copts_s9_20260916-055236_wc60_30s
wc60_30s,copts,rdp108,WC,10,60.0,9,965.2179,18965.2179,9,965.217944,18965.217944,-0.0,TIE,6.93,43,12700,"{""stall_epochs"": 20}",Rdp108_copts_s10_20260916-055336_wc60_30s
wc60_30s,copts,rdp108,WC,11,60.0,9,965.2179,18965.2179,9,965.217944,18965.217944,-0.0,TIE,9.8,43,12650,"{""stall_epochs"": 20}",Rdp108_copts_s11_20260916-055436_wc60_30s
wc60_30s,copts,rdp108,WC,12,60.0,9,965.2179,18965.2179,9,965.217944,18965.217944,-0.0,TIE,8.29,43,12650,"{""stall_epochs"": 20}",Rdp108_copts_s12_20260916-055536_wc60_30s
wc60_30s,copts,rdp108,WC,13,60.0,9,965.2179,18965.2179,9,965.217944,18965.217944,-0.0,TIE,6.92,43,12650,"{""stall_epochs"": 20}",Rdp108_copts_s13_20260916-055636_wc60_30s
wc60_30s,copts,rdp108,WC,14,60.0,9,965.2179,18965.2179,9,965.217944,18965.217944,-0.0,TIE,6.92,43,12700,"{""stall_epochs"": 20}",Rdp108_copts_s14_20260916-055736_wc60_30s
wc60_30s,copts,rdp108,WC,15,60.0,9,965.2179,18965.2179,9,965.217944,18965.217944,-0.0,TIE,8.31,43,12650,"{""stall_epochs"": 20}",Rdp108_copts_s15_20260916-055836_wc60_30s
wc60_30s,copts,rdp108,WC,16,60.0,9,965.2179,18965.2179,9,965.217944,18965.217944,-0.0,TIE,9.64,43,12750,"{""stall_epochs"": 20}",Rdp108_copts_s16_20260916-055936_wc60_30s
wc60_30s,copts,rdp108,WC,17,60.0,9,965.2179,18965.2179,9,965.217944,18965.217944,-0.0,TIE,8.27,43,12750,"{""stall_epochs"": 20}",Rdp108_copts_s17_20260916-060036_wc60_30s
wc60_30s,copts,rdp108,WC,18,60.0,9,965.2179,18965.2179,9,965.217944,18965.217944,-0.0,TIE,11.02,43,12700,"{""stall_epochs"": 20}",Rdp108_copts_s18_20260916-060136_wc60_30s
wc60_30s,copts,rdp108,WC,19,60.0,9,965.2179,18965.2179,9,965.217944,18965.217944,-0.0,TIE,9.72,43,12750,"{""stall_epochs"": 20}",Rdp108_copts_s19_20260916-060237_wc60_30s
wc60_30s,copts,rdp108,WC,20,60.0,9,965.2179,18965.2179,9,965.217944,18965.217944,-0.0,TIE,11.1,43,12650,"{""stall_epochs"": 20}",Rdp108_copts_s20_20260916-060337_wc60_30s
wc60_30s,copts,rdp108,WC,21,60.0,9,965.2179,18965.2179,9,965.217944,18965.217944,-0.0,TIE,6.98,43,12650,"{""stall_epochs"": 20}",Rdp108_copts_s21_20260916-060437_wc60_30s
wc60_30s,copts,rdp108,WC,22,60.0,9,965.2179,18965.2179,9,965.217944,18965.217944,-0.0,TIE,12.48,43,12750,"{""stall_epochs"": 20}",Rdp108_copts_s22_20260916-060537_wc60_30s
wc60_30s,copts,rdp108,WC,23,60.0,9,965.2179,18965.2179,9,965.217944,18965.217944,-0.0,TIE,15.56,43,12650,"{""stall_epochs"": 20}",Rdp108_copts_s23_20260916-060637_wc60_30s
wc60_30s,copts,rdp108,WC,24,60.0,9,965.2179,18965.2179,9,965.217944,18965.217944,-0.0,TIE,9.66,43,12700,"{""stall_epochs"": 20}",Rdp108_copts_s24_20260916-060737_wc60_30s
wc60_30s,copts,rdp108,WC,25,60.0,9,965.2179,18965.2179,9,965.217944,18965.217944,-0.0,TIE,11.17,43,12700,"{""stall_epochs"": 20}",Rdp108_copts_s25_20260916-060839_wc60_30s
wc60_30s,copts,rdp108,WC,26,60.0,9,965.2179,18965.2179,9,965.217944,18965.217944,-0.0,TIE,12.53,43,12700,"{""stall_epochs"": 20}",Rdp108_copts_s26_20260916-060939_wc60_30s
wc60_30s,copts,rdp108,WC,27,60.0,9,965.2179,18965.2179,9,965.217944,18965.217944,-0.0,TIE,12.59,43,12700,"{""stall_epochs"": 20}",Rdp108_copts_s27_20260916-061039_wc60_30s
wc60_30s,copts,rdp108,WC,28,60.0,9,965.2179,18965.2179,9,965.217944,18965.217944,-0.0,TIE,11.08,43,12650,"{""stall_epochs"": 20}",Rdp108_copts_s28_20260916-061139_wc60_30s
wc60_30s,copts,rdp108,WC,29,60.0,9,965.2179,18965.2179,9,965.217944,18965.217944,-0.0,TIE,9.68,43,12750,"{""stall_epochs"": 20}",Rdp108_copts_s29_20260916-061239_wc60_30s
wc60_30s,copts,rdp108,WC,30,60.0,9,965.2179,18965.2179,9,965.217944,18965.217944,-0.0,TIE,6.89,42,12600,"{""stall_epochs"": 20}",Rdp108_copts_s30_20260916-061339_wc60_30s
wc60_30s,copts,rdp109,WC,1,60.0,11,1194.7341,23194.7341,11,1194.734098,23194.734098,-0.0,TIE,4.03,89,26650,"{""stall_epochs"": 20}",Rdp109_copts_s1_20260916-061440_wc60_30s
wc60_30s,copts,rdp109,WC,2,60.0,11,1194.7341,23194.7341,11,1194.734098,23194.734098,-0.0,TIE,2.68,89,26600,"{""stall_epochs"": 20}",Rdp109_copts_s2_20260916-061540_wc60_30s
wc60_30s,copts,rdp109,WC,3,60.0,11,1194.7341,23194.7341,11,1194.734098,23194.734098,-0.0,TIE,3.38,90,26750,"{""stall_epochs"": 20}",Rdp109_copts_s3_20260916-061640_wc60_30s
wc60_30s,copts,rdp109,WC,4,60.0,11,1194.7341,23194.7341,11,1194.734098,23194.734098,-0.0,TIE,2.01,89,26650,"{""stall_epochs"": 20}",Rdp109_copts_s4_20260916-061740_wc60_30s
wc60_30s,copts,rdp109,WC,5,60.0,11,1194.7341,23194.7341,11,1194.734098,23194.734098,-0.0,TIE,4.06,89,26650,"{""stall_epochs"": 20}",Rdp109_copts_s5_20260916-061840_wc60_30s
wc60_30s,copts,rdp109,WC,6,60.0,11,1194.7341,23194.7341,11,1194.734098,23194.734098,-0.0,TIE,3.39,89,26600,"{""stall_epochs"": 20}",Rdp109_copts_s6_20260916-061940_wc60_30s
wc60_30s,copts,rdp109,WC,7,60.0,11,1194.7341,23194.7341,11,1194.734098,23194.734098,-0.0,TIE,3.37,89,26550,"{""stall_epochs"": 20}",Rdp109_copts_s7_20260916-062040_wc60_30s
wc60_30s,copts,rdp109,WC,8,60.0,11,1194.7341,23194.7341,11,1194.734098,23194.734098,-0.0,TIE,4.06,89,26550,"{""stall_epochs"": 20}",Rdp109_copts_s8_20260916-062140_wc60_30s
wc60_30s,copts,rdp109,WC,9,60.0,11,1194.7341,23194.7341,11,1194.734098,23194.734098,-0.0,TIE,2.68,89,26700,"{""stall_epochs"": 20}",Rdp109_copts_s9_20260916-062240_wc60_30s
wc60_30s,copts,rdp109,WC,10,60.0,11,1194.7341,23194.7341,11,1194.734098,23194.734098,-0.0,TIE,4.07,89,26700,"{""stall_epochs"": 20}",Rdp109_copts_s10_20260916-062341_wc60_30s
wc60_30s,copts,rdp109,WC,11,60.0,11,1194.7341,23194.7341,11,1194.734098,23194.734098,-0.0,TIE,4.07,89,26700,"{""stall_epochs"": 20}",Rdp109_copts_s11_20260916-062441_wc60_30s
wc60_30s,copts,rdp109,WC,12,60.0,11,1194.7341,23194.7341,11,1194.734098,23194.734098,-0.0,TIE,2.69,89,26600,"{""stall_epochs"": 20}",Rdp109_copts_s12_20260916-062541_wc60_30s
wc60_30s,copts,rdp109,WC,13,60.0,11,1194.7341,23194.7341,11,1194.734098,23194.734098,-0.0,TIE,2.7,89,26600,"{""stall_epochs"": 20}",Rdp109_copts_s13_20260916-062641_wc60_30s
wc60_30s,copts,rdp109,WC,14,60.0,11,1194.7341,23194.7341,11,1194.734098,23194.734098,-0.0,TIE,4.05,89,26650,"{""stall_epochs"": 20}",Rdp109_copts_s14_20260916-062741_wc60_30s
wc60_30s,copts,rdp109,WC,15,60.0,11,1194.7341,23194.7341,11,1194.734098,23194.734098,-0.0,TIE,3.36,89,26650,"{""stall_epochs"": 20}",Rdp109_copts_s15_20260916-062841_wc60_30s
wc60_30s,copts,rdp109,WC,16,60.0,11,1194.7341,23194.7341,11,1194.734098,23194.734098,-0.0,TIE,3.37,89,26650,"{""stall_epochs"": 20}",Rdp109_copts_s16_20260916-062941_wc60_30s
wc60_30s,copts,rdp109,WC,17,60.0,11,1194.7341,23194.7341,11,1194.734098,23194.734098,-0.0,TIE,4.72,89,26600,"{""stall_epochs"": 20}",Rdp109_copts_s17_20260916-063041_wc60_30s
wc60_30s,copts,rdp109,WC,18,60.0,11,1194.7341,23194.7341,11,1194.734098,23194.734098,-0.0,TIE,2.73,89,26600,"{""stall_epochs"": 20}",Rdp109_copts_s18_20260916-063141_wc60_30s
wc60_30s,copts,rdp109,WC,19,60.0,11,1194.7341,23194.7341,11,1194.734098,23194.734098,-0.0,TIE,3.43,89,26550,"{""stall_epochs"": 20}",Rdp109_copts_s19_20260916-063241_wc60_30s
wc60_30s,copts,rdp109,WC,20,60.0,11,1194.7341,23194.7341,11,1194.734098,23194.734098,-0.0,TIE,3.38,89,26650,"{""stall_epochs"": 20}",Rdp109_copts_s20_20260916-063341_wc60_30s
wc60_30s,copts,rdp109,WC,21,60.0,11,1194.7341,23194.7341,11,1194.734098,23194.734098,-0.0,TIE,2.67,89,26600,"{""stall_epochs"": 20}",Rdp109_copts_s21_20260916-063441_wc60_30s
wc60_30s,copts,rdp109,WC,22,60.0,11,1194.7341,23194.7341,11,1194.734098,23194.734098,-0.0,TIE,3.34,89,26650,"{""stall_epochs"": 20}",Rdp109_copts_s22_20260916-063542_wc60_30s
wc60_30s,copts,rdp109,WC,23,60.0,11,1194.7341,23194.7341,11,1194.734098,23194.734098,-0.0,TIE,4.75,89,26450,"{""stall_epochs"": 20}",Rdp109_copts_s23_20260916-063642_wc60_30s
wc60_30s,copts,rdp109,WC,24,60.0,11,1194.7341,23194.7341,11,1194.734098,23194.734098,-0.0,TIE,2.74,89,26550,"{""stall_epochs"": 20}",Rdp109_copts_s24_20260916-063742_wc60_30s
wc60_30s,copts,rdp109,WC,25,60.0,11,1194.7341,23194.7341,11,1194.734098,23194.734098,-0.0,TIE,1.34,89,26600,"{""stall_epochs"": 20}",Rdp109_copts_s25_20260916-063842_wc60_30s
wc60_30s,copts,rdp109,WC,26,60.0,11,1194.7341,23194.7341,11,1194.734098,23194.734098,-0.0,TIE,3.37,89,26600,"{""stall_epochs"": 20}",Rdp109_copts_s26_20260916-063942_wc60_30s
wc60_30s,copts,rdp109,WC,27,60.0,11,1194.7341,23194.7341,11,1194.734098,23194.734098,-0.0,TIE,2.75,89,26500,"{""stall_epochs"": 20}",Rdp109_copts_s27_20260916-064042_wc60_30s
wc60_30s,copts,rdp109,WC,28,60.0,11,1194.7341,23194.7341,11,1194.734098,23194.734098,-0.0,TIE,4.01,89,26600,"{""stall_epochs"": 20}",Rdp109_copts_s28_20260916-064142_wc60_30s
wc60_30s,copts,rdp109,WC,29,60.0,11,1194.7341,23194.7341,11,1194.734098,23194.734098,-0.0,TIE,1.35,89,26700,"{""stall_epochs"": 20}",Rdp109_copts_s29_20260916-064242_wc60_30s
wc60_30s,copts,rdp109,WC,30,60.0,11,1194.7341,23194.7341,11,1194.734098,23194.734098,-0.0,TIE,3.4,89,26550,"{""stall_epochs"": 20}",Rdp109_copts_s30_20260916-064342_wc60_30s
wc60_30s,copts,rdp110,WC,1,60.0,10,1121.457,21121.457,10,1121.456956,21121.456956,0.0,TIE,15.46,59,17500,"{""stall_epochs"": 20}",Rdp110_copts_s1_20260916-064442_wc60_30s
wc60_30s,copts,rdp110,WC,2,60.0,10,1121.457,21121.457,10,1121.456956,21121.456956,0.0,TIE,10.36,58,17400,"{""stall_epochs"": 20}",Rdp110_copts_s2_20260916-064542_wc60_30s
wc60_30s,copts,rdp110,WC,3,60.0,10,1121.457,21121.457,10,1121.456956,21121.456956,0.0,TIE,13.46,59,17500,"{""stall_epochs"": 20}",Rdp110_copts_s3_20260916-064642_wc60_30s
wc60_30s,copts,rdp110,WC,4,60.0,10,1121.457,21121.457,10,1121.456956,21121.456956,0.0,TIE,14.47,59,17500,"{""stall_epochs"": 20}",Rdp110_copts_s4_20260916-064743_wc60_30s
wc60_30s,copts,rdp110,WC,5,60.0,10,1121.457,21121.457,10,1121.456956,21121.456956,0.0,TIE,16.59,59,17450,"{""stall_epochs"": 20}",Rdp110_copts_s5_20260916-064843_wc60_30s
wc60_30s,copts,rdp110,WC,6,60.0,10,1123.9156,21123.9156,10,1121.456956,21121.456956,0.0116,worse,5.17,58,17400,"{""stall_epochs"": 20}",Rdp110_copts_s6_20260916-064943_wc60_30s
wc60_30s,copts,rdp110,WC,7,60.0,10,1121.457,21121.457,10,1121.456956,21121.456956,0.0,TIE,17.62,59,17450,"{""stall_epochs"": 20}",Rdp110_copts_s7_20260916-065043_wc60_30s
wc60_30s,copts,rdp110,WC,8,60.0,10,1121.457,21121.457,10,1121.456956,21121.456956,0.0,TIE,12.41,59,17500,"{""stall_epochs"": 20}",Rdp110_copts_s8_20260916-065143_wc60_30s
wc60_30s,copts,rdp110,WC,9,60.0,10,1121.457,21121.457,10,1121.456956,21121.456956,0.0,TIE,5.15,59,17500,"{""stall_epochs"": 20}",Rdp110_copts_s9_20260916-065243_wc60_30s
wc60_30s,copts,rdp110,WC,10,60.0,10,1121.457,21121.457,10,1121.456956,21121.456956,0.0,TIE,8.34,59,17450,"{""stall_epochs"": 20}",Rdp110_copts_s10_20260916-065343_wc60_30s
wc60_30s,copts,rdp110,WC,11,60.0,10,1121.457,21121.457,10,1121.456956,21121.456956,0.0,TIE,46.62,58,17400,"{""stall_epochs"": 20}",Rdp110_copts_s11_20260916-065443_wc60_30s
wc60_30s,copts,rdp110,WC,12,60.0,10,1121.457,21121.457,10,1121.456956,21121.456956,0.0,TIE,11.47,58,17400,"{""stall_epochs"": 20}",Rdp110_copts_s12_20260916-065544_wc60_30s
wc60_30s,copts,rdp110,WC,13,60.0,10,1121.457,21121.457,10,1121.456956,21121.456956,0.0,TIE,20.71,58,17350,"{""stall_epochs"": 20}",Rdp110_copts_s13_20260916-065644_wc60_30s
wc60_30s,copts,rdp110,WC,14,60.0,10,1121.457,21121.457,10,1121.456956,21121.456956,0.0,TIE,34.12,58,17400,"{""stall_epochs"": 20}",Rdp110_copts_s14_20260916-065744_wc60_30s
wc60_30s,copts,rdp110,WC,15,60.0,10,1121.457,21121.457,10,1121.456956,21121.456956,0.0,TIE,13.51,59,17450,"{""stall_epochs"": 20}",Rdp110_copts_s15_20260916-065844_wc60_30s
wc60_30s,copts,rdp110,WC,16,60.0,10,1121.457,21121.457,10,1121.456956,21121.456956,0.0,TIE,13.49,59,17450,"{""stall_epochs"": 20}",Rdp110_copts_s16_20260916-065944_wc60_30s
wc60_30s,copts,rdp110,WC,17,60.0,10,1121.457,21121.457,10,1121.456956,21121.456956,0.0,TIE,5.23,58,17400,"{""stall_epochs"": 20}",Rdp110_copts_s17_20260916-070044_wc60_30s
wc60_30s,copts,rdp110,WC,18,60.0,10,1121.457,21121.457,10,1121.456956,21121.456956,0.0,TIE,20.64,59,17450,"{""stall_epochs"": 20}",Rdp110_copts_s18_20260916-070144_wc60_30s
wc60_30s,copts,rdp110,WC,19,60.0,10,1121.457,21121.457,10,1121.456956,21121.456956,0.0,TIE,7.25,59,17450,"{""stall_epochs"": 20}",Rdp110_copts_s19_20260916-070244_wc60_30s
wc60_30s,copts,rdp110,WC,20,60.0,10,1121.457,21121.457,10,1121.456956,21121.456956,0.0,TIE,13.42,59,17500,"{""stall_epochs"": 20}",Rdp110_copts_s20_20260916-070344_wc60_30s
wc60_30s,copts,rdp110,WC,21,60.0,10,1121.457,21121.457,10,1121.456956,21121.456956,0.0,TIE,12.44,58,17350,"{""stall_epochs"": 20}",Rdp110_copts_s21_20260916-070444_wc60_30s
wc60_30s,copts,rdp110,WC,22,60.0,10,1121.457,21121.457,10,1121.456956,21121.456956,0.0,TIE,14.47,58,17400,"{""stall_epochs"": 20}",Rdp110_copts_s22_20260916-070544_wc60_30s
wc60_30s,copts,rdp110,WC,23,60.0,10,1121.457,21121.457,10,1121.456956,21121.456956,0.0,TIE,15.56,59,17450,"{""stall_epochs"": 20}",Rdp110_copts_s23_20260916-070645_wc60_30s
wc60_30s,copts,rdp110,WC,24,60.0,10,1121.457,21121.457,10,1121.456956,21121.456956,0.0,TIE,5.25,58,17400,"{""stall_epochs"": 20}",Rdp110_copts_s24_20260916-070745_wc60_30s
wc60_30s,copts,rdp110,WC,25,60.0,10,1121.457,21121.457,10,1121.456956,21121.456956,0.0,TIE,11.48,58,17350,"{""stall_epochs"": 20}",Rdp110_copts_s25_20260916-070845_wc60_30s
wc60_30s,copts,rdp110,WC,26,60.0,10,1121.457,21121.457,10,1121.456956,21121.456956,0.0,TIE,15.65,58,17350,"{""stall_epochs"": 20}",Rdp110_copts_s26_20260916-070945_wc60_30s
wc60_30s,copts,rdp110,WC,27,60.0,10,1121.457,21121.457,10,1121.456956,21121.456956,0.0,TIE,12.45,58,17400,"{""stall_epochs"": 20}",Rdp110_copts_s27_20260916-071045_wc60_30s
wc60_30s,copts,rdp110,WC,28,60.0,10,1121.457,21121.457,10,1121.456956,21121.456956,0.0,TIE,16.68,58,17350,"{""stall_epochs"": 20}",Rdp110_copts_s28_20260916-071145_wc60_30s
wc60_30s,copts,rdp110,WC,29,60.0,10,1121.457,21121.457,10,1121.456956,21121.456956,0.0,TIE,4.14,59,17500,"{""stall_epochs"": 20}",Rdp110_copts_s29_20260916-071245_wc60_30s
wc60_30s,copts,rdp110,WC,30,60.0,10,1121.457,21121.457,10,1121.456956,21121.456956,0.0,TIE,14.55,59,17450,"{""stall_epochs"": 20}",Rdp110_copts_s30_20260916-071345_wc60_30s
wc60_30s,copts,rdp111,WC,1,60.0,10,1098.8443,21098.8443,10,1098.844288,21098.844288,0.0,TIE,15.24,54,16100,"{""stall_epochs"": 20}",Rdp111_copts_s1_20260916-071445_wc60_30s
wc60_30s,copts,rdp111,WC,2,60.0,10,1098.8443,21098.8443,10,1098.844288,21098.844288,0.0,TIE,6.54,54,16000,"{""stall_epochs"": 20}",Rdp111_copts_s2_20260916-071545_wc60_30s
wc60_30s,copts,rdp111,WC,3,60.0,10,1098.8443,21098.8443,10,1098.844288,21098.844288,0.0,TIE,7.58,54,16050,"{""stall_epochs"": 20}",Rdp111_copts_s3_20260916-071646_wc60_30s
wc60_30s,copts,rdp111,WC,4,60.0,10,1098.8443,21098.8443,10,1098.844288,21098.844288,0.0,TIE,8.75,54,16000,"{""stall_epochs"": 20}",Rdp111_copts_s4_20260916-071746_wc60_30s
wc60_30s,copts,rdp111,WC,5,60.0,10,1098.8443,21098.8443,10,1098.844288,21098.844288,0.0,TIE,9.85,54,16050,"{""stall_epochs"": 20}",Rdp111_copts_s5_20260916-071846_wc60_30s
wc60_30s,copts,rdp111,WC,6,60.0,10,1098.8443,21098.8443,10,1098.844288,21098.844288,0.0,TIE,7.6,54,16050,"{""stall_epochs"": 20}",Rdp111_copts_s6_20260916-071946_wc60_30s
wc60_30s,copts,rdp111,WC,7,60.0,10,1098.8443,21098.8443,10,1098.844288,21098.844288,0.0,TIE,10.99,54,16000,"{""stall_epochs"": 20}",Rdp111_copts_s7_20260916-072046_wc60_30s
wc60_30s,copts,rdp111,WC,8,60.0,10,1098.8443,21098.8443,10,1098.844288,21098.844288,0.0,TIE,10.95,54,16100,"{""stall_epochs"": 20}",Rdp111_copts_s8_20260916-072146_wc60_30s
wc60_30s,copts,rdp111,WC,9,60.0,10,1098.8443,21098.8443,10,1098.844288,21098.844288,0.0,TIE,7.64,54,16050,"{""stall_epochs"": 20}",Rdp111_copts_s9_20260916-072247_wc60_30s
wc60_30s,copts,rdp111,WC,10,60.0,10,1098.8443,21098.8443,10,1098.844288,21098.844288,0.0,TIE,7.58,53,15900,"{""stall_epochs"": 20}",Rdp111_copts_s10_20260916-072347_wc60_30s
wc60_30s,copts,rdp111,WC,11,60.0,10,1098.8443,21098.8443,10,1098.844288,21098.844288,0.0,TIE,10.97,54,16050,"{""stall_epochs"": 20}",Rdp111_copts_s11_20260916-072447_wc60_30s
wc60_30s,copts,rdp111,WC,12,60.0,10,1098.8443,21098.8443,10,1098.844288,21098.844288,0.0,TIE,12.0,54,16100,"{""stall_epochs"": 20}",Rdp111_copts_s12_20260916-072547_wc60_30s
wc60_30s,copts,rdp111,WC,13,60.0,10,1098.8443,21098.8443,10,1098.844288,21098.844288,0.0,TIE,8.71,53,15900,"{""stall_epochs"": 20}",Rdp111_copts_s13_20260916-072647_wc60_30s
wc60_30s,copts,rdp111,WC,14,60.0,10,1098.8443,21098.8443,10,1098.844288,21098.844288,0.0,TIE,9.84,54,15950,"{""stall_epochs"": 20}",Rdp111_copts_s14_20260916-072747_wc60_30s
wc60_30s,copts,rdp111,WC,15,60.0,10,1098.8443,21098.8443,10,1098.844288,21098.844288,0.0,TIE,8.77,54,16050,"{""stall_epochs"": 20}",Rdp111_copts_s15_20260916-072848_wc60_30s
wc60_30s,copts,rdp111,WC,16,60.0,10,1098.8443,21098.8443,10,1098.844288,21098.844288,0.0,TIE,13.11,54,16150,"{""stall_epochs"": 20}",Rdp111_copts_s16_20260916-072948_wc60_30s
wc60_30s,copts,rdp111,WC,17,60.0,10,1098.8443,21098.8443,10,1098.844288,21098.844288,0.0,TIE,9.83,54,16100,"{""stall_epochs"": 20}",Rdp111_copts_s17_20260916-073048_wc60_30s
wc60_30s,copts,rdp111,WC,18,60.0,10,1098.8443,21098.8443,10,1098.844288,21098.844288,0.0,TIE,12.94,54,16150,"{""stall_epochs"": 20}",Rdp111_copts_s18_20260916-073148_wc60_30s
wc60_30s,copts,rdp111,WC,19,60.0,10,1098.8443,21098.8443,10,1098.844288,21098.844288,0.0,TIE,9.82,54,16050,"{""stall_epochs"": 20}",Rdp111_copts_s19_20260916-073248_wc60_30s
wc60_30s,copts,rdp111,WC,20,60.0,10,1098.8443,21098.8443,10,1098.844288,21098.844288,0.0,TIE,7.63,54,16050,"{""stall_epochs"": 20}",Rdp111_copts_s20_20260916-073348_wc60_30s
wc60_30s,copts,rdp111,WC,21,60.0,10,1098.8443,21098.8443,10,1098.844288,21098.844288,0.0,TIE,12.06,54,16050,"{""stall_epochs"": 20}",Rdp111_copts_s21_20260916-073448_wc60_30s
wc60_30s,copts,rdp111,WC,22,60.0,10,1098.8443,21098.8443,10,1098.844288,21098.844288,0.0,TIE,7.56,54,16100,"{""stall_epochs"": 20}",Rdp111_copts_s22_20260916-073548_wc60_30s
wc60_30s,copts,rdp111,WC,23,60.0,10,1098.8443,21098.8443,10,1098.844288,21098.844288,0.0,TIE,8.76,54,16100,"{""stall_epochs"": 20}",Rdp111_copts_s23_20260916-073649_wc60_30s
wc60_30s,copts,rdp111,WC,24,60.0,10,1098.8443,21098.8443,10,1098.844288,21098.844288,0.0,TIE,7.58,54,16000,"{""stall_epochs"": 20}",Rdp111_copts_s24_20260916-073749_wc60_30s
wc60_30s,copts,rdp111,WC,25,60.0,10,1098.8443,21098.8443,10,1098.844288,21098.844288,0.0,TIE,9.84,54,16000,"{""stall_epochs"": 20}",Rdp111_copts_s25_20260916-073849_wc60_30s
wc60_30s,copts,rdp111,WC,26,60.0,10,1098.8443,21098.8443,10,1098.844288,21098.844288,0.0,TIE,12.08,54,16000,"{""stall_epochs"": 20}",Rdp111_copts_s26_20260916-073949_wc60_30s
wc60_30s,copts,rdp111,WC,27,60.0,10,1098.8443,21098.8443,10,1098.844288,21098.844288,0.0,TIE,10.93,54,16050,"{""stall_epochs"": 20}",Rdp111_copts_s27_20260916-074049_wc60_30s
wc60_30s,copts,rdp111,WC,28,60.0,10,1098.8443,21098.8443,10,1098.844288,21098.844288,0.0,TIE,10.96,54,16000,"{""stall_epochs"": 20}",Rdp111_copts_s28_20260916-074149_wc60_30s
wc60_30s,copts,rdp111,WC,29,60.0,10,1098.8443,21098.8443,10,1098.844288,21098.844288,0.0,TIE,13.18,54,15950,"{""stall_epochs"": 20}",Rdp111_copts_s29_20260916-074249_wc60_30s
wc60_30s,copts,rdp111,WC,30,60.0,10,1098.8443,21098.8443,10,1098.844288,21098.844288,0.0,TIE,9.76,54,16100,"{""stall_epochs"": 20}",Rdp111_copts_s30_20260916-074349_wc60_30s
wc60_30s,copts,rdp112,WC,1,60.0,9,997.2648,18997.2648,9,997.264803,18997.264803,0.0,TIE,52.91,42,12600,"{""stall_epochs"": 20}",Rdp112_copts_s1_20260916-074449_wc60_30s
wc60_30s,copts,rdp112,WC,2,60.0,9,999.435,18999.435,9,997.264803,18997.264803,0.0114,worse,18.57,43,12650,"{""stall_epochs"": 20}",Rdp112_copts_s2_20260916-074550_wc60_30s
wc60_30s,copts,rdp112,WC,3,60.0,9,999.4422,18999.4422,9,997.264803,18997.264803,0.0115,worse,47.0,43,12650,"{""stall_epochs"": 20}",Rdp112_copts_s3_20260916-074650_wc60_30s
wc60_30s,copts,rdp112,WC,4,60.0,9,999.435,18999.435,9,997.264803,18997.264803,0.0114,worse,27.27,42,12550,"{""stall_epochs"": 20}",Rdp112_copts_s4_20260916-074750_wc60_30s
wc60_30s,copts,rdp112,WC,5,60.0,9,999.435,18999.435,9,997.264803,18997.264803,0.0114,worse,40.21,42,12550,"{""stall_epochs"": 20}",Rdp112_copts_s5_20260916-074850_wc60_30s
wc60_30s,copts,rdp112,WC,6,60.0,9,999.435,18999.435,9,997.264803,18997.264803,0.0114,worse,25.64,43,12650,"{""stall_epochs"": 20}",Rdp112_copts_s6_20260916-074950_wc60_30s
wc60_30s,copts,rdp112,WC,7,60.0,9,999.435,18999.435,9,997.264803,18997.264803,0.0114,worse,14.36,42,12550,"{""stall_epochs"": 20}",Rdp112_copts_s7_20260916-075050_wc60_30s
wc60_30s,copts,rdp112,WC,8,60.0,9,997.2648,18997.2648,9,997.264803,18997.264803,0.0,TIE,25.69,43,12650,"{""stall_epochs"": 20}",Rdp112_copts_s8_20260916-075150_wc60_30s
wc60_30s,copts,rdp112,WC,9,60.0,9,999.4422,18999.4422,9,997.264803,18997.264803,0.0115,worse,48.61,42,12600,"{""stall_epochs"": 20}",Rdp112_copts_s9_20260916-075251_wc60_30s
wc60_30s,copts,rdp112,WC,10,60.0,9,999.435,18999.435,9,997.264803,18997.264803,0.0114,worse,18.57,42,12600,"{""stall_epochs"": 20}",Rdp112_copts_s10_20260916-075351_wc60_30s
wc60_30s,copts,rdp112,WC,11,60.0,9,999.435,18999.435,9,997.264803,18997.264803,0.0114,worse,47.4,42,12550,"{""stall_epochs"": 20}",Rdp112_copts_s11_20260916-075451_wc60_30s
wc60_30s,copts,rdp112,WC,12,60.0,9,997.2648,18997.2648,9,997.264803,18997.264803,0.0,TIE,21.41,43,12650,"{""stall_epochs"": 20}",Rdp112_copts_s12_20260916-075551_wc60_30s
wc60_30s,copts,rdp112,WC,13,60.0,9,999.435,18999.435,9,997.264803,18997.264803,0.0114,worse,41.53,42,12600,"{""stall_epochs"": 20}",Rdp112_copts_s13_20260916-075651_wc60_30s
wc60_30s,copts,rdp112,WC,14,60.0,9,999.435,18999.435,9,997.264803,18997.264803,0.0114,worse,60.09,42,12550,"{""stall_epochs"": 20}",Rdp112_copts_s14_20260916-075751_wc60_30s
wc60_30s,copts,rdp112,WC,15,60.0,9,999.435,18999.435,9,997.264803,18997.264803,0.0114,worse,28.75,42,12550,"{""stall_epochs"": 20}",Rdp112_copts_s15_20260916-075851_wc60_30s
wc60_30s,copts,rdp112,WC,16,60.0,9,999.435,18999.435,9,997.264803,18997.264803,0.0114,worse,19.94,43,12650,"{""stall_epochs"": 20}",Rdp112_copts_s16_20260916-075952_wc60_30s
wc60_30s,copts,rdp112,WC,17,60.0,9,999.435,18999.435,9,997.264803,18997.264803,0.0114,worse,32.81,43,12650,"{""stall_epochs"": 20}",Rdp112_copts_s17_20260916-080052_wc60_30s
wc60_30s,copts,rdp112,WC,18,60.0,9,999.435,18999.435,9,997.264803,18997.264803,0.0114,worse,17.13,42,12600,"{""stall_epochs"": 20}",Rdp112_copts_s18_20260916-080152_wc60_30s
wc60_30s,copts,rdp112,WC,19,60.0,9,999.435,18999.435,9,997.264803,18997.264803,0.0114,worse,25.75,42,12600,"{""stall_epochs"": 20}",Rdp112_copts_s19_20260916-080252_wc60_30s
wc60_30s,copts,rdp112,WC,20,60.0,9,999.435,18999.435,9,997.264803,18997.264803,0.0114,worse,18.72,42,12550,"{""stall_epochs"": 20}",Rdp112_copts_s20_20260916-080352_wc60_30s
wc60_30s,copts,rdp112,WC,21,60.0,9,999.4422,18999.4422,9,997.264803,18997.264803,0.0115,worse,24.46,42,12600,"{""stall_epochs"": 20}",Rdp112_copts_s21_20260916-080452_wc60_30s
wc60_30s,copts,rdp112,WC,22,60.0,9,999.435,18999.435,9,997.264803,18997.264803,0.0114,worse,45.85,42,12600,"{""stall_epochs"": 20}",Rdp112_copts_s22_20260916-080553_wc60_30s
wc60_30s,copts,rdp112,WC,23,60.0,9,999.435,18999.435,9,997.264803,18997.264803,0.0114,worse,35.89,42,12550,"{""stall_epochs"": 20}",Rdp112_copts_s23_20260916-080653_wc60_30s
wc60_30s,copts,rdp112,WC,24,60.0,9,999.435,18999.435,9,997.264803,18997.264803,0.0114,worse,25.88,42,12550,"{""stall_epochs"": 20}",Rdp112_copts_s24_20260916-080753_wc60_30s
wc60_30s,copts,rdp112,WC,25,60.0,9,999.8085,18999.8085,9,997.264803,18997.264803,0.0134,worse,49.19,42,12400,"{""stall_epochs"": 20}",Rdp112_copts_s25_20260916-080853_wc60_30s
wc60_30s,copts,rdp112,WC,26,60.0,9,999.435,18999.435,9,997.264803,18997.264803,0.0114,worse,30.16,42,12550,"{""stall_epochs"": 20}",Rdp112_copts_s26_20260916-080953_wc60_30s
wc60_30s,copts,rdp112,WC,27,60.0,9,999.435,18999.435,9,997.264803,18997.264803,0.0114,worse,17.31,42,12550,"{""stall_epochs"": 20}",Rdp112_copts_s27_20260916-081053_wc60_30s
wc60_30s,copts,rdp112,WC,28,60.0,9,999.435,18999.435,9,997.264803,18997.264803,0.0114,worse,23.01,42,12550,"{""stall_epochs"": 20}",Rdp112_copts_s28_20260916-081153_wc60_30s
wc60_30s,copts,rdp112,WC,29,60.0,9,999.435,18999.435,9,997.264803,18997.264803,0.0114,worse,18.55,42,12600,"{""stall_epochs"": 20}",Rdp112_copts_s29_20260916-081253_wc60_30s
wc60_30s,copts,rdp112,WC,30,60.0,9,999.435,18999.435,9,997.264803,18997.264803,0.0114,worse,20.08,42,12600,"{""stall_epochs"": 20}",Rdp112_copts_s30_20260916-081354_wc60_30s
wc60_30s,copts,rdp201,WC,1,60.0,4,1252.3712,9252.3712,4,1252.371222,9252.371222,-0.0,TIE,3.06,94,28150,"{""stall_epochs"": 20}",Rdp201_copts_s1_20260916-081454_wc60_30s
wc60_30s,copts,rdp201,WC,2,60.0,4,1252.3712,9252.3712,4,1252.371222,9252.371222,-0.0,TIE,3.07,94,28100,"{""stall_epochs"": 20}",Rdp201_copts_s2_20260916-081554_wc60_30s
wc60_30s,copts,rdp201,WC,3,60.0,4,1252.3712,9252.3712,4,1252.371222,9252.371222,-0.0,TIE,3.07,94,28150,"{""stall_epochs"": 20}",Rdp201_copts_s3_20260916-081654_wc60_30s
wc60_30s,copts,rdp201,WC,4,60.0,4,1252.3712,9252.3712,4,1252.371222,9252.371222,-0.0,TIE,5.07,94,28100,"{""stall_epochs"": 20}",Rdp201_copts_s4_20260916-081754_wc60_30s
wc60_30s,copts,rdp201,WC,5,60.0,4,1252.3712,9252.3712,4,1252.371222,9252.371222,-0.0,TIE,1.84,94,28150,"{""stall_epochs"": 20}",Rdp201_copts_s5_20260916-081854_wc60_30s
wc60_30s,copts,rdp201,WC,6,60.0,4,1252.3712,9252.3712,4,1252.371222,9252.371222,-0.0,TIE,3.78,94,28100,"{""stall_epochs"": 20}",Rdp201_copts_s6_20260916-081954_wc60_30s
wc60_30s,copts,rdp201,WC,7,60.0,4,1252.3712,9252.3712,4,1252.371222,9252.371222,-0.0,TIE,2.49,94,27950,"{""stall_epochs"": 20}",Rdp201_copts_s7_20260916-082054_wc60_30s
wc60_30s,copts,rdp201,WC,8,60.0,4,1252.3712,9252.3712,4,1252.371222,9252.371222,-0.0,TIE,5.71,94,27950,"{""stall_epochs"": 20}",Rdp201_copts_s8_20260916-082154_wc60_30s
wc60_30s,copts,rdp201,WC,9,60.0,4,1252.3712,9252.3712,4,1252.371222,9252.371222,-0.0,TIE,3.11,94,28050,"{""stall_epochs"": 20}",Rdp201_copts_s9_20260916-082255_wc60_30s
wc60_30s,copts,rdp201,WC,10,60.0,4,1252.3712,9252.3712,4,1252.371222,9252.371222,-0.0,TIE,2.53,94,28050,"{""stall_epochs"": 20}",Rdp201_copts_s10_20260916-082355_wc60_30s
wc60_30s,copts,rdp201,WC,11,60.0,4,1252.3712,9252.3712,4,1252.371222,9252.371222,-0.0,TIE,3.74,94,28100,"{""stall_epochs"": 20}",Rdp201_copts_s11_20260916-082455_wc60_30s
wc60_30s,copts,rdp201,WC,12,60.0,4,1252.3712,9252.3712,4,1252.371222,9252.371222,-0.0,TIE,3.1,94,28100,"{""stall_epochs"": 20}",Rdp201_copts_s12_20260916-082555_wc60_30s
wc60_30s,copts,rdp201,WC,13,60.0,4,1252.3712,9252.3712,4,1252.371222,9252.371222,-0.0,TIE,3.75,94,28150,"{""stall_epochs"": 20}",Rdp201_copts_s13_20260916-082655_wc60_30s
wc60_30s,copts,rdp201,WC,14,60.0,4,1252.3712,9252.3712,4,1252.371222,9252.371222,-0.0,TIE,3.09,94,28150,"{""stall_epochs"": 20}",Rdp201_copts_s14_20260916-082755_wc60_30s
wc60_30s,copts,rdp201,WC,15,60.0,4,1252.3712,9252.3712,4,1252.371222,9252.371222,-0.0,TIE,3.08,94,28100,"{""stall_epochs"": 20}",Rdp201_copts_s15_20260916-082855_wc60_30s
wc60_30s,copts,rdp201,WC,16,60.0,4,1252.3712,9252.3712,4,1252.371222,9252.371222,-0.0,TIE,3.79,94,28150,"{""stall_epochs"": 20}",Rdp201_copts_s16_20260916-082955_wc60_30s
wc60_30s,copts,rdp201,WC,17,60.0,4,1252.3712,9252.3712,4,1252.371222,9252.371222,-0.0,TIE,3.76,94,28150,"{""stall_epochs"": 20}",Rdp201_copts_s17_20260916-083055_wc60_30s
wc60_30s,copts,rdp201,WC,18,60.0,4,1252.3712,9252.3712,4,1252.371222,9252.371222,-0.0,TIE,3.16,94,28050,"{""stall_epochs"": 20}",Rdp201_copts_s18_20260916-083155_wc60_30s
wc60_30s,copts,rdp201,WC,19,60.0,4,1252.3712,9252.3712,4,1252.371222,9252.371222,-0.0,TIE,2.47,94,27950,"{""stall_epochs"": 20}",Rdp201_copts_s19_20260916-083255_wc60_30s
wc60_30s,copts,rdp201,WC,20,60.0,4,1252.3712,9252.3712,4,1252.371222,9252.371222,-0.0,TIE,2.41,94,28100,"{""stall_epochs"": 20}",Rdp201_copts_s20_20260916-083355_wc60_30s
wc60_30s,copts,rdp201,WC,21,60.0,4,1252.3712,9252.3712,4,1252.371222,9252.371222,-0.0,TIE,3.73,94,28000,"{""stall_epochs"": 20}",Rdp201_copts_s21_20260916-083456_wc60_30s
wc60_30s,copts,rdp201,WC,22,60.0,4,1252.3712,9252.3712,4,1252.371222,9252.371222,-0.0,TIE,3.74,94,28200,"{""stall_epochs"": 20}",Rdp201_copts_s22_20260916-083556_wc60_30s
wc60_30s,copts,rdp201,WC,23,60.0,4,1252.3712,9252.3712,4,1252.371222,9252.371222,-0.0,TIE,3.73,94,28050,"{""stall_epochs"": 20}",Rdp201_copts_s23_20260916-083656_wc60_30s
wc60_30s,copts,rdp201,WC,24,60.0,4,1252.3712,9252.3712,4,1252.371222,9252.371222,-0.0,TIE,3.73,94,27950,"{""stall_epochs"": 20}",Rdp201_copts_s24_20260916-083756_wc60_30s
wc60_30s,copts,rdp201,WC,25,60.0,4,1252.3712,9252.3712,4,1252.371222,9252.371222,-0.0,TIE,3.75,95,28250,"{""stall_epochs"": 20}",Rdp201_copts_s25_20260916-083856_wc60_30s
wc60_30s,copts,rdp201,WC,26,60.0,4,1252.3712,9252.3712,4,1252.371222,9252.371222,-0.0,TIE,2.49,94,28100,"{""stall_epochs"": 20}",Rdp201_copts_s26_20260916-083956_wc60_30s
wc60_30s,copts,rdp201,WC,27,60.0,4,1252.3712,9252.3712,4,1252.371222,9252.371222,-0.0,TIE,3.08,93,27900,"{""stall_epochs"": 20}",Rdp201_copts_s27_20260916-084056_wc60_30s
wc60_30s,copts,rdp201,WC,28,60.0,4,1252.3712,9252.3712,4,1252.371222,9252.371222,-0.0,TIE,3.77,93,27750,"{""stall_epochs"": 20}",Rdp201_copts_s28_20260916-084156_wc60_30s
wc60_30s,copts,rdp201,WC,29,60.0,4,1252.3712,9252.3712,4,1252.371222,9252.371222,-0.0,TIE,3.79,94,28150,"{""stall_epochs"": 20}",Rdp201_copts_s29_20260916-084256_wc60_30s
wc60_30s,copts,rdp201,WC,30,60.0,4,1252.3712,9252.3712,4,1252.371222,9252.371222,-0.0,TIE,3.1,94,28050,"{""stall_epochs"": 20}",Rdp201_copts_s30_20260916-084356_wc60_30s
wc60_30s,copts,rdp202,WC,1,60.0,3,1191.703,7191.703,3,1191.702969,7191.702969,-0.0,TIE,3.14,36,10550,"{""stall_epochs"": 20}",Rdp202_copts_s1_20260916-084457_wc60_30s
wc60_30s,copts,rdp202,WC,2,60.0,3,1191.703,7191.703,3,1191.702969,7191.702969,-0.0,TIE,3.17,35,10500,"{""stall_epochs"": 20}",Rdp202_copts_s2_20260916-084557_wc60_30s
wc60_30s,copts,rdp202,WC,3,60.0,3,1191.703,7191.703,3,1191.702969,7191.702969,-0.0,TIE,4.87,35,10450,"{""stall_epochs"": 20}",Rdp202_copts_s3_20260916-084657_wc60_30s
wc60_30s,copts,rdp202,WC,4,60.0,3,1191.703,7191.703,3,1191.702969,7191.702969,-0.0,TIE,4.83,35,10500,"{""stall_epochs"": 20}",Rdp202_copts_s4_20260916-084757_wc60_30s
wc60_30s,copts,rdp202,WC,5,60.0,3,1191.703,7191.703,3,1191.702969,7191.702969,-0.0,TIE,3.19,35,10450,"{""stall_epochs"": 20}",Rdp202_copts_s5_20260916-084858_wc60_30s
wc60_30s,copts,rdp202,WC,6,60.0,3,1191.703,7191.703,3,1191.702969,7191.702969,-0.0,TIE,3.14,35,10500,"{""stall_epochs"": 20}",Rdp202_copts_s6_20260916-084958_wc60_30s
wc60_30s,copts,rdp202,WC,7,60.0,3,1191.703,7191.703,3,1191.702969,7191.702969,-0.0,TIE,4.85,35,10450,"{""stall_epochs"": 20}",Rdp202_copts_s7_20260916-085058_wc60_30s
wc60_30s,copts,rdp202,WC,8,60.0,3,1191.703,7191.703,3,1191.702969,7191.702969,-0.0,TIE,3.15,35,10250,"{""stall_epochs"": 20}",Rdp202_copts_s8_20260916-085158_wc60_30s
wc60_30s,copts,rdp202,WC,9,60.0,3,1191.703,7191.703,3,1191.702969,7191.702969,-0.0,TIE,3.15,35,10350,"{""stall_epochs"": 20}",Rdp202_copts_s9_20260916-085258_wc60_30s
wc60_30s,copts,rdp202,WC,10,60.0,3,1191.703,7191.703,3,1191.702969,7191.702969,-0.0,TIE,5.03,35,10350,"{""stall_epochs"": 20}",Rdp202_copts_s10_20260916-085358_wc60_30s
wc60_30s,copts,rdp202,WC,11,60.0,3,1191.703,7191.703,3,1191.702969,7191.702969,-0.0,TIE,4.85,35,10450,"{""stall_epochs"": 20}",Rdp202_copts_s11_20260916-085458_wc60_30s
wc60_30s,copts,rdp202,WC,12,60.0,3,1191.703,7191.703,3,1191.702969,7191.702969,-0.0,TIE,4.76,35,10450,"{""stall_epochs"": 20}",Rdp202_copts_s12_20260916-085558_wc60_30s
wc60_30s,copts,rdp202,WC,13,60.0,3,1191.703,7191.703,3,1191.702969,7191.702969,-0.0,TIE,6.75,34,10150,"{""stall_epochs"": 20}",Rdp202_copts_s13_20260916-085659_wc60_30s
wc60_30s,copts,rdp202,WC,14,60.0,3,1191.703,7191.703,3,1191.702969,7191.702969,-0.0,TIE,5.02,34,10050,"{""stall_epochs"": 20}",Rdp202_copts_s14_20260916-085759_wc60_30s
wc60_30s,copts,rdp202,WC,15,60.0,3,1191.703,7191.703,3,1191.702969,7191.702969,-0.0,TIE,5.08,34,10000,"{""stall_epochs"": 20}",Rdp202_copts_s15_20260916-085859_wc60_30s
wc60_30s,copts,rdp202,WC,16,60.0,3,1191.703,7191.703,3,1191.702969,7191.702969,-0.0,TIE,6.83,34,10050,"{""stall_epochs"": 20}",Rdp202_copts_s16_20260916-085959_wc60_30s
wc60_30s,copts,rdp202,WC,17,60.0,3,1191.703,7191.703,3,1191.702969,7191.702969,-0.0,TIE,3.23,34,10100,"{""stall_epochs"": 20}",Rdp202_copts_s17_20260916-090059_wc60_30s
wc60_30s,copts,rdp202,WC,18,60.0,3,1191.703,7191.703,3,1191.702969,7191.702969,-0.0,TIE,6.74,34,10100,"{""stall_epochs"": 20}",Rdp202_copts_s18_20260916-090159_wc60_30s
wc60_30s,copts,rdp202,WC,19,60.0,3,1191.703,7191.703,3,1191.702969,7191.702969,-0.0,TIE,5.03,34,10050,"{""stall_epochs"": 20}",Rdp202_copts_s19_20260916-090259_wc60_30s
wc60_30s,copts,rdp202,WC,20,60.0,3,1191.703,7191.703,3,1191.702969,7191.702969,-0.0,TIE,3.26,34,10150,"{""stall_epochs"": 20}",Rdp202_copts_s20_20260916-090400_wc60_30s
wc60_30s,copts,rdp202,WC,21,60.0,3,1191.703,7191.703,3,1191.702969,7191.702969,-0.0,TIE,3.18,35,10450,"{""stall_epochs"": 20}",Rdp202_copts_s21_20260916-090500_wc60_30s
wc60_30s,copts,rdp202,WC,22,60.0,3,1191.703,7191.703,3,1191.702969,7191.702969,-0.0,TIE,3.16,35,10500,"{""stall_epochs"": 20}",Rdp202_copts_s22_20260916-090600_wc60_30s
wc60_30s,copts,rdp202,WC,23,60.0,3,1191.703,7191.703,3,1191.702969,7191.702969,-0.0,TIE,6.65,35,10400,"{""stall_epochs"": 20}",Rdp202_copts_s23_20260916-090700_wc60_30s
wc60_30s,copts,rdp202,WC,24,60.0,3,1191.703,7191.703,3,1191.702969,7191.702969,-0.0,TIE,3.17,35,10450,"{""stall_epochs"": 20}",Rdp202_copts_s24_20260916-090800_wc60_30s
wc60_30s,copts,rdp202,WC,25,60.0,3,1191.703,7191.703,3,1191.702969,7191.702969,-0.0,TIE,4.83,35,10450,"{""stall_epochs"": 20}",Rdp202_copts_s25_20260916-090900_wc60_30s
wc60_30s,copts,rdp202,WC,26,60.0,3,1191.703,7191.703,3,1191.702969,7191.702969,-0.0,TIE,3.15,35,10450,"{""stall_epochs"": 20}",Rdp202_copts_s26_20260916-091000_wc60_30s
wc60_30s,copts,rdp202,WC,27,60.0,3,1191.703,7191.703,3,1191.702969,7191.702969,-0.0,TIE,6.6,35,10500,"{""stall_epochs"": 20}",Rdp202_copts_s27_20260916-091100_wc60_30s
wc60_30s,copts,rdp202,WC,28,60.0,3,1191.703,7191.703,3,1191.702969,7191.702969,-0.0,TIE,4.81,35,10400,"{""stall_epochs"": 20}",Rdp202_copts_s28_20260916-091200_wc60_30s
wc60_30s,copts,rdp202,WC,29,60.0,3,1191.703,7191.703,3,1191.702969,7191.702969,-0.0,TIE,3.13,35,10500,"{""stall_epochs"": 20}",Rdp202_copts_s29_20260916-091301_wc60_30s
wc60_30s,copts,rdp202,WC,30,60.0,3,1191.703,7191.703,3,1191.702969,7191.702969,-0.0,TIE,3.17,35,10450,"{""stall_epochs"": 20}",Rdp202_copts_s30_20260916-091401_wc60_30s
wc60_30s,copts,rdp203,WC,1,60.0,3,939.8843,6939.8843,3,939.50332,6939.50332,0.0055,worse,57.88,28,8400,"{""stall_epochs"": 20}",Rdp203_copts_s1_20260916-091501_wc60_30s
wc60_30s,copts,rdp203,WC,2,60.0,3,939.5033,6939.5033,3,939.50332,6939.50332,-0.0,TIE,8.76,28,8200,"{""stall_epochs"": 20}",Rdp203_copts_s2_20260916-091601_wc60_30s
wc60_30s,copts,rdp203,WC,3,60.0,3,939.7272,6939.7272,3,939.50332,6939.50332,0.0032,worse,55.76,28,8400,"{""stall_epochs"": 20}",Rdp203_copts_s3_20260916-091701_wc60_30s
wc60_30s,copts,rdp203,WC,4,60.0,3,939.5033,6939.5033,3,939.50332,6939.50332,-0.0,TIE,40.9,28,8350,"{""stall_epochs"": 20}",Rdp203_copts_s4_20260916-091801_wc60_30s
wc60_30s,copts,rdp203,WC,5,60.0,3,939.581,6939.581,3,939.50332,6939.50332,0.0011,worse,60.21,28,8350,"{""stall_epochs"": 20}",Rdp203_copts_s5_20260916-091902_wc60_30s
wc60_30s,copts,rdp203,WC,6,60.0,3,939.5033,6939.5033,3,939.50332,6939.50332,-0.0,TIE,6.54,28,8350,"{""stall_epochs"": 20}",Rdp203_copts_s6_20260916-092002_wc60_30s
wc60_30s,copts,rdp203,WC,7,60.0,3,939.5033,6939.5033,3,939.50332,6939.50332,-0.0,TIE,17.29,28,8300,"{""stall_epochs"": 20}",Rdp203_copts_s7_20260916-092102_wc60_30s
wc60_30s,copts,rdp203,WC,8,60.0,3,939.5033,6939.5033,3,939.50332,6939.50332,-0.0,TIE,23.92,28,8200,"{""stall_epochs"": 20}",Rdp203_copts_s8_20260916-092202_wc60_30s
wc60_30s,copts,rdp203,WC,9,60.0,3,939.5033,6939.5033,3,939.50332,6939.50332,-0.0,TIE,51.42,29,8450,"{""stall_epochs"": 20}",Rdp203_copts_s9_20260916-092302_wc60_30s
wc60_30s,copts,rdp203,WC,10,60.0,3,939.5033,6939.5033,3,939.50332,6939.50332,-0.0,TIE,23.69,28,8350,"{""stall_epochs"": 20}",Rdp203_copts_s10_20260916-092403_wc60_30s
wc60_30s,copts,rdp203,WC,11,60.0,3,939.5033,6939.5033,3,939.50332,6939.50332,-0.0,TIE,43.09,28,8300,"{""stall_epochs"": 20}",Rdp203_copts_s11_20260916-092503_wc60_30s
wc60_30s,copts,rdp203,WC,12,60.0,3,939.5033,6939.5033,3,939.50332,6939.50332,-0.0,TIE,8.69,28,8250,"{""stall_epochs"": 20}",Rdp203_copts_s12_20260916-092603_wc60_30s
wc60_30s,copts,rdp203,WC,13,60.0,3,941.6238,6941.6238,3,939.50332,6939.50332,0.0306,worse,10.92,28,8300,"{""stall_epochs"": 20}",Rdp203_copts_s13_20260916-092703_wc60_30s
wc60_30s,copts,rdp203,WC,14,60.0,3,941.0832,6941.0832,3,939.50332,6939.50332,0.0228,worse,15.88,28,8300,"{""stall_epochs"": 20}",Rdp203_copts_s14_20260916-092804_wc60_30s
wc60_30s,copts,rdp203,WC,15,60.0,3,939.5033,6939.5033,3,939.50332,6939.50332,-0.0,TIE,21.91,28,8200,"{""stall_epochs"": 20}",Rdp203_copts_s15_20260916-092904_wc60_30s
wc60_30s,copts,rdp203,WC,16,60.0,3,941.0832,6941.0832,3,939.50332,6939.50332,0.0228,worse,6.5,28,8350,"{""stall_epochs"": 20}",Rdp203_copts_s16_20260916-093004_wc60_30s
wc60_30s,copts,rdp203,WC,17,60.0,3,939.5033,6939.5033,3,939.50332,6939.50332,-0.0,TIE,25.99,28,8350,"{""stall_epochs"": 20}",Rdp203_copts_s17_20260916-093104_wc60_30s
wc60_30s,copts,rdp203,WC,18,60.0,3,939.5033,6939.5033,3,939.50332,6939.50332,-0.0,TIE,36.69,28,8350,"{""stall_epochs"": 20}",Rdp203_copts_s18_20260916-093204_wc60_30s
wc60_30s,copts,rdp203,WC,19,60.0,3,939.7272,6939.7272,3,939.50332,6939.50332,0.0032,worse,6.56,29,8450,"{""stall_epochs"": 20}",Rdp203_copts_s19_20260916-093305_wc60_30s
wc60_30s,copts,rdp203,WC,20,60.0,3,939.5033,6939.5033,3,939.50332,6939.50332,-0.0,TIE,51.82,28,8350,"{""stall_epochs"": 20}",Rdp203_copts_s20_20260916-093405_wc60_30s
wc60_30s,copts,rdp203,WC,21,60.0,3,941.6238,6941.6238,3,939.50332,6939.50332,0.0306,worse,8.83,28,8300,"{""stall_epochs"": 20}",Rdp203_copts_s21_20260916-093505_wc60_30s
wc60_30s,copts,rdp203,WC,22,60.0,3,941.0832,6941.0832,3,939.50332,6939.50332,0.0228,worse,4.37,28,8400,"{""stall_epochs"": 20}",Rdp203_copts_s22_20260916-093605_wc60_30s
wc60_30s,copts,rdp203,WC,23,60.0,3,939.5033,6939.5033,3,939.50332,6939.50332,-0.0,TIE,8.83,28,8200,"{""stall_epochs"": 20}",Rdp203_copts_s23_20260916-093706_wc60_30s
wc60_30s,copts,rdp203,WC,24,60.0,3,941.6238,6941.6238,3,939.50332,6939.50332,0.0306,worse,6.63,28,8400,"{""stall_epochs"": 20}",Rdp203_copts_s24_20260916-093806_wc60_30s
wc60_30s,copts,rdp203,WC,25,60.0,3,941.0832,6941.0832,3,939.50332,6939.50332,0.0228,worse,21.72,28,8350,"{""stall_epochs"": 20}",Rdp203_copts_s25_20260916-093906_wc60_30s
wc60_30s,copts,rdp203,WC,26,60.0,3,939.5033,6939.5033,3,939.50332,6939.50332,-0.0,TIE,21.7,28,8300,"{""stall_epochs"": 20}",Rdp203_copts_s26_20260916-094006_wc60_30s
wc60_30s,copts,rdp203,WC,27,60.0,3,939.581,6939.581,3,939.50332,6939.50332,0.0011,worse,4.36,28,8350,"{""stall_epochs"": 20}",Rdp203_copts_s27_20260916-094106_wc60_30s
wc60_30s,copts,rdp203,WC,28,60.0,3,939.7272,6939.7272,3,939.50332,6939.50332,0.0032,worse,6.63,28,8350,"{""stall_epochs"": 20}",Rdp203_copts_s28_20260916-094207_wc60_30s
wc60_30s,copts,rdp203,WC,29,60.0,3,941.0832,6941.0832,3,939.50332,6939.50332,0.0228,worse,10.89,28,8400,"{""stall_epochs"": 20}",Rdp203_copts_s29_20260916-094307_wc60_30s
wc60_30s,copts,rdp203,WC,30,60.0,3,941.6238,6941.6238,3,939.50332,6939.50332,0.0306,worse,15.22,28,8350,"{""stall_epochs"": 20}",Rdp203_copts_s30_20260916-094407_wc60_30s
wc60_30s,copts,rdp204,WC,1,60.0,2,825.5193,4825.5193,2,825.519293,4825.519293,0.0,TIE,8.19,21,6300,"{""stall_epochs"": 20}",Rdp204_copts_s1_20260916-094507_wc60_30s
wc60_30s,copts,rdp204,WC,2,60.0,2,825.5193,4825.5193,2,825.519293,4825.519293,0.0,TIE,25.7,21,6300,"{""stall_epochs"": 20}",Rdp204_copts_s2_20260916-094608_wc60_30s
wc60_30s,copts,rdp204,WC,3,60.0,2,825.5193,4825.5193,2,825.519293,4825.519293,0.0,TIE,10.99,22,6350,"{""stall_epochs"": 20}",Rdp204_copts_s3_20260916-094708_wc60_30s
wc60_30s,copts,rdp204,WC,4,60.0,2,825.5193,4825.5193,2,825.519293,4825.519293,0.0,TIE,11.11,21,6300,"{""stall_epochs"": 20}",Rdp204_copts_s4_20260916-094808_wc60_30s
wc60_30s,copts,rdp204,WC,5,60.0,2,825.5193,4825.5193,2,825.519293,4825.519293,0.0,TIE,20.07,21,6250,"{""stall_epochs"": 20}",Rdp204_copts_s5_20260916-094908_wc60_30s
wc60_30s,copts,rdp204,WC,6,60.0,2,825.5193,4825.5193,2,825.519293,4825.519293,0.0,TIE,14.03,21,6300,"{""stall_epochs"": 20}",Rdp204_copts_s6_20260916-095009_wc60_30s
wc60_30s,copts,rdp204,WC,7,60.0,2,825.5193,4825.5193,2,825.519293,4825.519293,0.0,TIE,31.59,21,6250,"{""stall_epochs"": 20}",Rdp204_copts_s7_20260916-095109_wc60_30s
wc60_30s,copts,rdp204,WC,8,60.0,2,825.5193,4825.5193,2,825.519293,4825.519293,0.0,TIE,19.92,21,6300,"{""stall_epochs"": 20}",Rdp204_copts_s8_20260916-095209_wc60_30s
wc60_30s,copts,rdp204,WC,9,60.0,2,825.5193,4825.5193,2,825.519293,4825.519293,0.0,TIE,19.7,21,6300,"{""stall_epochs"": 20}",Rdp204_copts_s9_20260916-095309_wc60_30s
wc60_30s,copts,rdp204,WC,10,60.0,2,825.5193,4825.5193,2,825.519293,4825.519293,0.0,TIE,16.98,21,6300,"{""stall_epochs"": 20}",Rdp204_copts_s10_20260916-095410_wc60_30s
wc60_30s,copts,rdp204,WC,11,60.0,2,825.5193,4825.5193,2,825.519293,4825.519293,0.0,TIE,25.7,21,6250,"{""stall_epochs"": 20}",Rdp204_copts_s11_20260916-095510_wc60_30s
wc60_30s,copts,rdp204,WC,12,60.0,2,825.5193,4825.5193,2,825.519293,4825.519293,0.0,TIE,25.74,21,6300,"{""stall_epochs"": 20}",Rdp204_copts_s12_20260916-095610_wc60_30s
wc60_30s,copts,rdp204,WC,13,60.0,2,825.5193,4825.5193,2,825.519293,4825.519293,0.0,TIE,13.97,21,6250,"{""stall_epochs"": 20}",Rdp204_copts_s13_20260916-095711_wc60_30s
wc60_30s,copts,rdp204,WC,14,60.0,2,825.5193,4825.5193,2,825.519293,4825.519293,0.0,TIE,40.66,21,6200,"{""stall_epochs"": 20}",Rdp204_copts_s14_20260916-095811_wc60_30s
wc60_30s,copts,rdp204,WC,15,60.0,2,825.5193,4825.5193,2,825.519293,4825.519293,0.0,TIE,17.12,21,6200,"{""stall_epochs"": 20}",Rdp204_copts_s15_20260916-095911_wc60_30s
wc60_30s,copts,rdp204,WC,16,60.0,2,825.5193,4825.5193,2,825.519293,4825.519293,0.0,TIE,14.07,21,6300,"{""stall_epochs"": 20}",Rdp204_copts_s16_20260916-100011_wc60_30s
wc60_30s,copts,rdp204,WC,17,60.0,2,825.5193,4825.5193,2,825.519293,4825.519293,0.0,TIE,19.85,21,6300,"{""stall_epochs"": 20}",Rdp204_copts_s17_20260916-100111_wc60_30s
wc60_30s,copts,rdp204,WC,18,60.0,2,825.5193,4825.5193,2,825.519293,4825.519293,0.0,TIE,16.86,21,6300,"{""stall_epochs"": 20}",Rdp204_copts_s18_20260916-100211_wc60_30s
wc60_30s,copts,rdp204,WC,19,60.0,2,827.0787,4827.0787,2,825.519293,4825.519293,0.0323,worse,60.36,21,6200,"{""stall_epochs"": 20}",Rdp204_copts_s19_20260916-100312_wc60_30s
wc60_30s,copts,rdp204,WC,20,60.0,2,825.5193,4825.5193,2,825.519293,4825.519293,0.0,TIE,16.9,21,6300,"{""stall_epochs"": 20}",Rdp204_copts_s20_20260916-100412_wc60_30s
wc60_30s,copts,rdp204,WC,21,60.0,2,825.5193,4825.5193,2,825.519293,4825.519293,0.0,TIE,22.93,21,6250,"{""stall_epochs"": 20}",Rdp204_copts_s21_20260916-100512_wc60_30s
wc60_30s,copts,rdp204,WC,22,60.0,2,825.5193,4825.5193,2,825.519293,4825.519293,0.0,TIE,13.81,22,6350,"{""stall_epochs"": 20}",Rdp204_copts_s22_20260916-100613_wc60_30s
wc60_30s,copts,rdp204,WC,23,60.0,2,825.5193,4825.5193,2,825.519293,4825.519293,0.0,TIE,22.99,21,6250,"{""stall_epochs"": 20}",Rdp204_copts_s23_20260916-100713_wc60_30s
wc60_30s,copts,rdp204,WC,24,60.0,2,825.5193,4825.5193,2,825.519293,4825.519293,0.0,TIE,28.76,21,6250,"{""stall_epochs"": 20}",Rdp204_copts_s24_20260916-100814_wc60_30s
wc60_30s,copts,rdp204,WC,25,60.0,2,825.5193,4825.5193,2,825.519293,4825.519293,0.0,TIE,22.94,21,6250,"{""stall_epochs"": 20}",Rdp204_copts_s25_20260916-100914_wc60_30s
wc60_30s,copts,rdp204,WC,26,60.0,2,825.5193,4825.5193,2,825.519293,4825.519293,0.0,TIE,22.81,21,6250,"{""stall_epochs"": 20}",Rdp204_copts_s26_20260916-101014_wc60_30s
wc60_30s,copts,rdp204,WC,27,60.0,2,825.5193,4825.5193,2,825.519293,4825.519293,0.0,TIE,13.96,21,6300,"{""stall_epochs"": 20}",Rdp204_copts_s27_20260916-101114_wc60_30s
wc60_30s,copts,rdp204,WC,28,60.0,2,825.5193,4825.5193,2,825.519293,4825.519293,0.0,TIE,17.05,21,6250,"{""stall_epochs"": 20}",Rdp204_copts_s28_20260916-101215_wc60_30s
wc60_30s,copts,rdp204,WC,29,60.0,2,825.5193,4825.5193,2,825.519293,4825.519293,0.0,TIE,8.19,22,6350,"{""stall_epochs"": 20}",Rdp204_copts_s29_20260916-101315_wc60_30s
wc60_30s,copts,rdp204,WC,30,60.0,2,825.5193,4825.5193,2,825.519293,4825.519293,0.0,TIE,17.1,21,6250,"{""stall_epochs"": 20}",Rdp204_copts_s30_20260916-101415_wc60_30s
wc60_30s,copts,rdp205,WC,1,60.0,3,994.4277,6994.4277,3,994.427657,6994.427657,-0.0,TIE,8.79,50,15000,"{""stall_epochs"": 20}",Rdp205_copts_s1_20260916-101515_wc60_30s
wc60_30s,copts,rdp205,WC,2,60.0,3,994.4277,6994.4277,3,994.427657,6994.427657,-0.0,TIE,9.88,51,15050,"{""stall_epochs"": 20}",Rdp205_copts_s2_20260916-101616_wc60_30s
wc60_30s,copts,rdp205,WC,3,60.0,3,994.4277,6994.4277,3,994.427657,6994.427657,-0.0,TIE,7.38,50,14900,"{""stall_epochs"": 20}",Rdp205_copts_s3_20260916-101716_wc60_30s
wc60_30s,copts,rdp205,WC,4,60.0,3,994.4277,6994.4277,3,994.427657,6994.427657,-0.0,TIE,8.52,51,15250,"{""stall_epochs"": 20}",Rdp205_copts_s4_20260916-101816_wc60_30s
wc60_30s,copts,rdp205,WC,5,60.0,3,994.4277,6994.4277,3,994.427657,6994.427657,-0.0,TIE,8.77,50,14950,"{""stall_epochs"": 20}",Rdp205_copts_s5_20260916-101916_wc60_30s
wc60_30s,copts,rdp205,WC,6,60.0,3,994.4277,6994.4277,3,994.427657,6994.427657,-0.0,TIE,5.97,51,15100,"{""stall_epochs"": 20}",Rdp205_copts_s6_20260916-102016_wc60_30s
wc60_30s,copts,rdp205,WC,7,60.0,3,994.4277,6994.4277,3,994.427657,6994.427657,-0.0,TIE,12.58,50,15000,"{""stall_epochs"": 20}",Rdp205_copts_s7_20260916-102116_wc60_30s
wc60_30s,copts,rdp205,WC,8,60.0,3,994.4277,6994.4277,3,994.427657,6994.427657,-0.0,TIE,7.32,51,15250,"{""stall_epochs"": 20}",Rdp205_copts_s8_20260916-102216_wc60_30s
wc60_30s,copts,rdp205,WC,9,60.0,3,994.4277,6994.4277,3,994.427657,6994.427657,-0.0,TIE,9.92,51,15100,"{""stall_epochs"": 20}",Rdp205_copts_s9_20260916-102317_wc60_30s
wc60_30s,copts,rdp205,WC,10,60.0,3,994.4277,6994.4277,3,994.427657,6994.427657,-0.0,TIE,9.75,51,15150,"{""stall_epochs"": 20}",Rdp205_copts_s10_20260916-102417_wc60_30s
wc60_30s,copts,rdp205,WC,11,60.0,3,994.4277,6994.4277,3,994.427657,6994.427657,-0.0,TIE,7.49,50,14750,"{""stall_epochs"": 20}",Rdp205_copts_s11_20260916-102517_wc60_30s
wc60_30s,copts,rdp205,WC,12,60.0,3,994.4277,6994.4277,3,994.427657,6994.427657,-0.0,TIE,7.31,51,15100,"{""stall_epochs"": 20}",Rdp205_copts_s12_20260916-102617_wc60_30s
wc60_30s,copts,rdp205,WC,13,60.0,3,994.4277,6994.4277,3,994.427657,6994.427657,-0.0,TIE,7.28,50,14850,"{""stall_epochs"": 20}",Rdp205_copts_s13_20260916-102717_wc60_30s
wc60_30s,copts,rdp205,WC,14,60.0,3,994.4277,6994.4277,3,994.427657,6994.427657,-0.0,TIE,7.7,48,14400,"{""stall_epochs"": 20}",Rdp205_copts_s14_20260916-102817_wc60_30s
wc60_30s,copts,rdp205,WC,15,60.0,3,994.4277,6994.4277,3,994.427657,6994.427657,-0.0,TIE,8.96,49,14600,"{""stall_epochs"": 20}",Rdp205_copts_s15_20260916-102918_wc60_30s
wc60_30s,copts,rdp205,WC,16,60.0,3,994.4277,6994.4277,3,994.427657,6994.427657,-0.0,TIE,6.3,49,14650,"{""stall_epochs"": 20}",Rdp205_copts_s16_20260916-103018_wc60_30s
wc60_30s,copts,rdp205,WC,17,60.0,3,994.4277,6994.4277,3,994.427657,6994.427657,-0.0,TIE,6.23,51,15050,"{""stall_epochs"": 20}",Rdp205_copts_s17_20260916-103118_wc60_30s
wc60_30s,copts,rdp205,WC,18,60.0,3,994.4277,6994.4277,3,994.427657,6994.427657,-0.0,TIE,7.25,51,15250,"{""stall_epochs"": 20}",Rdp205_copts_s18_20260916-103218_wc60_30s
wc60_30s,copts,rdp205,WC,19,60.0,3,994.4277,6994.4277,3,994.427657,6994.427657,-0.0,TIE,8.67,51,15100,"{""stall_epochs"": 20}",Rdp205_copts_s19_20260916-103318_wc60_30s
wc60_30s,copts,rdp205,WC,20,60.0,3,994.4277,6994.4277,3,994.427657,6994.427657,-0.0,TIE,6.02,51,15050,"{""stall_epochs"": 20}",Rdp205_copts_s20_20260916-103418_wc60_30s
wc60_30s,copts,rdp205,WC,21,60.0,3,994.4277,6994.4277,3,994.427657,6994.427657,-0.0,TIE,8.65,51,15050,"{""stall_epochs"": 20}",Rdp205_copts_s21_20260916-103518_wc60_30s
wc60_30s,copts,rdp205,WC,22,60.0,3,994.4277,6994.4277,3,994.427657,6994.427657,-0.0,TIE,6.0,51,15150,"{""stall_epochs"": 20}",Rdp205_copts_s22_20260916-103619_wc60_30s
wc60_30s,copts,rdp205,WC,23,60.0,3,994.4277,6994.4277,3,994.427657,6994.427657,-0.0,TIE,5.93,51,15300,"{""stall_epochs"": 20}",Rdp205_copts_s23_20260916-103719_wc60_30s
wc60_30s,copts,rdp205,WC,24,60.0,3,994.4277,6994.4277,3,994.427657,6994.427657,-0.0,TIE,8.7,50,14950,"{""stall_epochs"": 20}",Rdp205_copts_s24_20260916-103819_wc60_30s
wc60_30s,copts,rdp205,WC,25,60.0,3,994.4277,6994.4277,3,994.427657,6994.427657,-0.0,TIE,8.6,50,15000,"{""stall_epochs"": 20}",Rdp205_copts_s25_20260916-103919_wc60_30s
wc60_30s,copts,rdp205,WC,26,60.0,3,994.4277,6994.4277,3,994.427657,6994.427657,-0.0,TIE,9.71,51,15250,"{""stall_epochs"": 20}",Rdp205_copts_s26_20260916-104019_wc60_30s
wc60_30s,copts,rdp205,WC,27,60.0,3,994.4277,6994.4277,3,994.427657,6994.427657,-0.0,TIE,11.23,51,15050,"{""stall_epochs"": 20}",Rdp205_copts_s27_20260916-104119_wc60_30s
wc60_30s,copts,rdp205,WC,28,60.0,3,994.4277,6994.4277,3,994.427657,6994.427657,-0.0,TIE,4.8,51,15050,"{""stall_epochs"": 20}",Rdp205_copts_s28_20260916-104219_wc60_30s
wc60_30s,copts,rdp205,WC,29,60.0,3,994.4277,6994.4277,3,994.427657,6994.427657,-0.0,TIE,8.57,51,15300,"{""stall_epochs"": 20}",Rdp205_copts_s29_20260916-104320_wc60_30s
wc60_30s,copts,rdp205,WC,30,60.0,3,994.4277,6994.4277,3,994.427657,6994.427657,-0.0,TIE,10.11,51,15050,"{""stall_epochs"": 20}",Rdp205_copts_s30_20260916-104420_wc60_30s
wc60_30s,copts,rdp206,WC,1,60.0,3,906.1421,6906.1421,3,906.142079,6906.142079,0.0,TIE,12.42,30,9000,"{""stall_epochs"": 20}",Rdp206_copts_s1_20260916-104520_wc60_30s
wc60_30s,copts,rdp206,WC,2,60.0,3,906.1421,6906.1421,3,906.142079,6906.142079,0.0,TIE,16.37,30,9000,"{""stall_epochs"": 20}",Rdp206_copts_s2_20260916-104620_wc60_30s
wc60_30s,copts,rdp206,WC,3,60.0,3,906.1421,6906.1421,3,906.142079,6906.142079,0.0,TIE,12.28,30,8950,"{""stall_epochs"": 20}",Rdp206_copts_s3_20260916-104721_wc60_30s
wc60_30s,copts,rdp206,WC,4,60.0,3,906.1421,6906.1421,3,906.142079,6906.142079,0.0,TIE,14.5,30,9000,"{""stall_epochs"": 20}",Rdp206_copts_s4_20260916-104821_wc60_30s
wc60_30s,copts,rdp206,WC,5,60.0,3,906.1421,6906.1421,3,906.142079,6906.142079,0.0,TIE,14.52,30,8950,"{""stall_epochs"": 20}",Rdp206_copts_s5_20260916-104921_wc60_30s
wc60_30s,copts,rdp206,WC,6,60.0,3,906.1421,6906.1421,3,906.142079,6906.142079,0.0,TIE,20.33,31,9050,"{""stall_epochs"": 20}",Rdp206_copts_s6_20260916-105021_wc60_30s
wc60_30s,copts,rdp206,WC,7,60.0,3,906.1421,6906.1421,3,906.142079,6906.142079,0.0,TIE,28.32,30,9000,"{""stall_epochs"": 20}",Rdp206_copts_s7_20260916-105121_wc60_30s
wc60_30s,copts,rdp206,WC,8,60.0,3,906.1421,6906.1421,3,906.142079,6906.142079,0.0,TIE,20.28,31,9050,"{""stall_epochs"": 20}",Rdp206_copts_s8_20260916-105221_wc60_30s
wc60_30s,copts,rdp206,WC,9,60.0,3,906.1421,6906.1421,3,906.142079,6906.142079,0.0,TIE,20.21,31,9050,"{""stall_epochs"": 20}",Rdp206_copts_s9_20260916-105322_wc60_30s
wc60_30s,copts,rdp206,WC,10,60.0,3,906.1421,6906.1421,3,906.142079,6906.142079,0.0,TIE,14.32,31,9050,"{""stall_epochs"": 20}",Rdp206_copts_s10_20260916-105422_wc60_30s
wc60_30s,copts,rdp206,WC,11,60.0,3,906.1421,6906.1421,3,906.142079,6906.142079,0.0,TIE,20.27,30,9000,"{""stall_epochs"": 20}",Rdp206_copts_s11_20260916-105522_wc60_30s
wc60_30s,copts,rdp206,WC,12,60.0,3,906.1421,6906.1421,3,906.142079,6906.142079,0.0,TIE,16.23,31,9050,"{""stall_epochs"": 20}",Rdp206_copts_s12_20260916-105623_wc60_30s
wc60_30s,copts,rdp206,WC,13,60.0,3,906.1421,6906.1421,3,906.142079,6906.142079,0.0,TIE,22.43,30,9000,"{""stall_epochs"": 20}",Rdp206_copts_s13_20260916-105723_wc60_30s
wc60_30s,copts,rdp206,WC,14,60.0,3,906.1421,6906.1421,3,906.142079,6906.142079,0.0,TIE,14.39,30,8950,"{""stall_epochs"": 20}",Rdp206_copts_s14_20260916-105823_wc60_30s
wc60_30s,copts,rdp206,WC,15,60.0,3,906.1421,6906.1421,3,906.142079,6906.142079,0.0,TIE,16.46,30,8950,"{""stall_epochs"": 20}",Rdp206_copts_s15_20260916-105923_wc60_30s
wc60_30s,copts,rdp206,WC,16,60.0,3,906.1421,6906.1421,3,906.142079,6906.142079,0.0,TIE,22.33,31,9050,"{""stall_epochs"": 20}",Rdp206_copts_s16_20260916-110023_wc60_30s
wc60_30s,copts,rdp206,WC,17,60.0,3,906.1421,6906.1421,3,906.142079,6906.142079,0.0,TIE,18.26,31,9050,"{""stall_epochs"": 20}",Rdp206_copts_s17_20260916-110124_wc60_30s
wc60_30s,copts,rdp206,WC,18,60.0,3,906.1421,6906.1421,3,906.142079,6906.142079,0.0,TIE,16.46,30,9000,"{""stall_epochs"": 20}",Rdp206_copts_s18_20260916-110224_wc60_30s
wc60_30s,copts,rdp206,WC,19,60.0,3,906.1421,6906.1421,3,906.142079,6906.142079,0.0,TIE,16.48,30,9000,"{""stall_epochs"": 20}",Rdp206_copts_s19_20260916-110324_wc60_30s
wc60_30s,copts,rdp206,WC,20,60.0,3,906.1421,6906.1421,3,906.142079,6906.142079,0.0,TIE,12.4,30,9000,"{""stall_epochs"": 20}",Rdp206_copts_s20_20260916-110424_wc60_30s
wc60_30s,copts,rdp206,WC,21,60.0,3,906.1421,6906.1421,3,906.142079,6906.142079,0.0,TIE,18.37,30,9000,"{""stall_epochs"": 20}",Rdp206_copts_s21_20260916-110525_wc60_30s
wc60_30s,copts,rdp206,WC,22,60.0,3,906.1421,6906.1421,3,906.142079,6906.142079,0.0,TIE,16.4,30,9000,"{""stall_epochs"": 20}",Rdp206_copts_s22_20260916-110625_wc60_30s
wc60_30s,copts,rdp206,WC,23,60.0,3,906.1421,6906.1421,3,906.142079,6906.142079,0.0,TIE,24.47,30,8900,"{""stall_epochs"": 20}",Rdp206_copts_s23_20260916-110725_wc60_30s
wc60_30s,copts,rdp206,WC,24,60.0,3,906.1421,6906.1421,3,906.142079,6906.142079,0.0,TIE,24.42,30,9000,"{""stall_epochs"": 20}",Rdp206_copts_s24_20260916-110825_wc60_30s
wc60_30s,copts,rdp206,WC,25,60.0,3,906.1421,6906.1421,3,906.142079,6906.142079,0.0,TIE,14.46,30,9000,"{""stall_epochs"": 20}",Rdp206_copts_s25_20260916-110925_wc60_30s
wc60_30s,copts,rdp206,WC,26,60.0,3,906.1421,6906.1421,3,906.142079,6906.142079,0.0,TIE,18.49,30,9000,"{""stall_epochs"": 20}",Rdp206_copts_s26_20260916-111026_wc60_30s
wc60_30s,copts,rdp206,WC,27,60.0,3,906.1421,6906.1421,3,906.142079,6906.142079,0.0,TIE,22.28,31,9050,"{""stall_epochs"": 20}",Rdp206_copts_s27_20260916-111126_wc60_30s
wc60_30s,copts,rdp206,WC,28,60.0,3,906.1421,6906.1421,3,906.142079,6906.142079,0.0,TIE,20.36,30,9000,"{""stall_epochs"": 20}",Rdp206_copts_s28_20260916-111226_wc60_30s
wc60_30s,copts,rdp206,WC,29,60.0,3,906.1421,6906.1421,3,906.142079,6906.142079,0.0,TIE,22.2,31,9050,"{""stall_epochs"": 20}",Rdp206_copts_s29_20260916-111326_wc60_30s
wc60_30s,copts,rdp206,WC,30,60.0,3,906.1421,6906.1421,3,906.142079,6906.142079,0.0,TIE,16.53,30,8950,"{""stall_epochs"": 20}",Rdp206_copts_s30_20260916-111427_wc60_30s
wc60_30s,copts,rdp207,WC,1,60.0,2,890.6083,4890.6083,2,890.608295,4890.608295,0.0,TIE,14.93,24,7000,"{""stall_epochs"": 20}",Rdp207_copts_s1_20260916-111527_wc60_30s
wc60_30s,copts,rdp207,WC,2,60.0,2,890.6083,4890.6083,2,890.608295,4890.608295,0.0,TIE,15.0,24,6950,"{""stall_epochs"": 20}",Rdp207_copts_s2_20260916-111627_wc60_30s
wc60_30s,copts,rdp207,WC,3,60.0,2,890.6083,4890.6083,2,890.608295,4890.608295,0.0,TIE,14.84,24,7050,"{""stall_epochs"": 20}",Rdp207_copts_s3_20260916-111727_wc60_30s
wc60_30s,copts,rdp207,WC,4,60.0,2,890.6083,4890.6083,2,890.608295,4890.608295,0.0,TIE,7.34,24,7000,"{""stall_epochs"": 20}",Rdp207_copts_s4_20260916-111827_wc60_30s
wc60_30s,copts,rdp207,WC,5,60.0,2,890.6083,4890.6083,2,890.608295,4890.608295,0.0,TIE,12.49,24,6950,"{""stall_epochs"": 20}",Rdp207_copts_s5_20260916-111928_wc60_30s
wc60_30s,copts,rdp207,WC,6,60.0,2,890.6083,4890.6083,2,890.608295,4890.608295,0.0,TIE,14.97,24,7000,"{""stall_epochs"": 20}",Rdp207_copts_s6_20260916-112028_wc60_30s
wc60_30s,copts,rdp207,WC,7,60.0,2,890.6083,4890.6083,2,890.608295,4890.608295,0.0,TIE,9.89,24,6950,"{""stall_epochs"": 20}",Rdp207_copts_s7_20260916-112128_wc60_30s
wc60_30s,copts,rdp207,WC,8,60.0,2,890.6083,4890.6083,2,890.608295,4890.608295,0.0,TIE,17.51,24,7000,"{""stall_epochs"": 20}",Rdp207_copts_s8_20260916-112228_wc60_30s
wc60_30s,copts,rdp207,WC,9,60.0,2,890.6083,4890.6083,2,890.608295,4890.608295,0.0,TIE,12.34,24,7000,"{""stall_epochs"": 20}",Rdp207_copts_s9_20260916-112328_wc60_30s
wc60_30s,copts,rdp207,WC,10,60.0,2,890.6083,4890.6083,2,890.608295,4890.608295,0.0,TIE,12.41,24,7000,"{""stall_epochs"": 20}",Rdp207_copts_s10_20260916-112429_wc60_30s
wc60_30s,copts,rdp207,WC,11,60.0,2,890.6083,4890.6083,2,890.608295,4890.608295,0.0,TIE,15.08,24,6950,"{""stall_epochs"": 20}",Rdp207_copts_s11_20260916-112529_wc60_30s
wc60_30s,copts,rdp207,WC,12,60.0,2,890.6083,4890.6083,2,890.608295,4890.608295,0.0,TIE,17.37,24,7000,"{""stall_epochs"": 20}",Rdp207_copts_s12_20260916-112629_wc60_30s
wc60_30s,copts,rdp207,WC,13,60.0,2,890.6083,4890.6083,2,890.608295,4890.608295,0.0,TIE,12.47,24,6950,"{""stall_epochs"": 20}",Rdp207_copts_s13_20260916-112729_wc60_30s
wc60_30s,copts,rdp207,WC,14,60.0,2,890.6083,4890.6083,2,890.608295,4890.608295,0.0,TIE,15.04,24,6950,"{""stall_epochs"": 20}",Rdp207_copts_s14_20260916-112829_wc60_30s
wc60_30s,copts,rdp207,WC,15,60.0,2,890.6083,4890.6083,2,890.608295,4890.608295,0.0,TIE,12.51,24,6950,"{""stall_epochs"": 20}",Rdp207_copts_s15_20260916-112930_wc60_30s
wc60_30s,copts,rdp207,WC,16,60.0,2,890.6083,4890.6083,2,890.608295,4890.608295,0.0,TIE,15.42,23,6900,"{""stall_epochs"": 20}",Rdp207_copts_s16_20260916-113030_wc60_30s
wc60_30s,copts,rdp207,WC,17,60.0,2,890.6083,4890.6083,2,890.608295,4890.608295,0.0,TIE,12.39,24,7000,"{""stall_epochs"": 20}",Rdp207_copts_s17_20260916-113130_wc60_30s
wc60_30s,copts,rdp207,WC,18,60.0,2,890.6083,4890.6083,2,890.608295,4890.608295,0.0,TIE,17.62,24,6950,"{""stall_epochs"": 20}",Rdp207_copts_s18_20260916-113230_wc60_30s
wc60_30s,copts,rdp207,WC,19,60.0,2,890.6083,4890.6083,2,890.608295,4890.608295,0.0,TIE,12.61,24,6950,"{""stall_epochs"": 20}",Rdp207_copts_s19_20260916-113331_wc60_30s
wc60_30s,copts,rdp207,WC,20,60.0,2,890.6083,4890.6083,2,890.608295,4890.608295,0.0,TIE,12.36,24,7000,"{""stall_epochs"": 20}",Rdp207_copts_s20_20260916-113431_wc60_30s
wc60_30s,copts,rdp207,WC,21,60.0,2,890.6083,4890.6083,2,890.608295,4890.608295,0.0,TIE,18.03,23,6900,"{""stall_epochs"": 20}",Rdp207_copts_s21_20260916-113531_wc60_30s
wc60_30s,copts,rdp207,WC,22,60.0,2,890.6083,4890.6083,2,890.608295,4890.608295,0.0,TIE,14.89,24,7000,"{""stall_epochs"": 20}",Rdp207_copts_s22_20260916-113631_wc60_30s
wc60_30s,copts,rdp207,WC,23,60.0,2,890.6083,4890.6083,2,890.608295,4890.608295,0.0,TIE,12.5,24,6950,"{""stall_epochs"": 20}",Rdp207_copts_s23_20260916-113732_wc60_30s
wc60_30s,copts,rdp207,WC,24,60.0,2,890.6083,4890.6083,2,890.608295,4890.608295,0.0,TIE,12.56,24,6950,"{""stall_epochs"": 20}",Rdp207_copts_s24_20260916-113832_wc60_30s
wc60_30s,copts,rdp207,WC,25,60.0,2,890.6083,4890.6083,2,890.608295,4890.608295,0.0,TIE,15.03,24,6950,"{""stall_epochs"": 20}",Rdp207_copts_s25_20260916-113932_wc60_30s
wc60_30s,copts,rdp207,WC,26,60.0,2,890.6083,4890.6083,2,890.608295,4890.608295,0.0,TIE,15.03,24,6950,"{""stall_epochs"": 20}",Rdp207_copts_s26_20260916-114032_wc60_30s
wc60_30s,copts,rdp207,WC,27,60.0,2,890.6083,4890.6083,2,890.608295,4890.608295,0.0,TIE,20.25,24,7000,"{""stall_epochs"": 20}",Rdp207_copts_s27_20260916-114132_wc60_30s
wc60_30s,copts,rdp207,WC,28,60.0,2,890.6083,4890.6083,2,890.608295,4890.608295,0.0,TIE,20.34,24,6950,"{""stall_epochs"": 20}",Rdp207_copts_s28_20260916-114233_wc60_30s
wc60_30s,copts,rdp207,WC,29,60.0,2,890.6083,4890.6083,2,890.608295,4890.608295,0.0,TIE,15.0,24,7000,"{""stall_epochs"": 20}",Rdp207_copts_s29_20260916-114333_wc60_30s
wc60_30s,copts,rdp207,WC,30,60.0,2,890.6083,4890.6083,2,890.608295,4890.608295,0.0,TIE,15.01,24,6950,"{""stall_epochs"": 20}",Rdp207_copts_s30_20260916-114433_wc60_30s
wc60_30s,copts,rdp208,WC,1,60.0,2,726.8228,4726.8228,2,726.822786,4726.822786,-0.0,TIE,12.55,20,5750,"{""stall_epochs"": 20}",Rdp208_copts_s1_20260916-114533_wc60_30s
wc60_30s,copts,rdp208,WC,2,60.0,2,726.8228,4726.8228,2,726.822786,4726.822786,-0.0,TIE,15.74,20,5750,"{""stall_epochs"": 20}",Rdp208_copts_s2_20260916-114634_wc60_30s
wc60_30s,copts,rdp208,WC,3,60.0,2,726.8228,4726.8228,2,726.822786,4726.822786,-0.0,TIE,9.3,20,5800,"{""stall_epochs"": 20}",Rdp208_copts_s3_20260916-114734_wc60_30s
wc60_30s,copts,rdp208,WC,4,60.0,2,726.8228,4726.8228,2,726.822786,4726.822786,-0.0,TIE,9.36,20,5750,"{""stall_epochs"": 20}",Rdp208_copts_s4_20260916-114835_wc60_30s
wc60_30s,copts,rdp208,WC,5,60.0,2,726.8228,4726.8228,2,726.822786,4726.822786,-0.0,TIE,9.37,20,5750,"{""stall_epochs"": 20}",Rdp208_copts_s5_20260916-114935_wc60_30s
wc60_30s,copts,rdp208,WC,6,60.0,2,726.8228,4726.8228,2,726.822786,4726.822786,-0.0,TIE,9.35,20,5750,"{""stall_epochs"": 20}",Rdp208_copts_s6_20260916-115035_wc60_30s
wc60_30s,copts,rdp208,WC,7,60.0,2,726.8228,4726.8228,2,726.822786,4726.822786,-0.0,TIE,9.35,20,5750,"{""stall_epochs"": 20}",Rdp208_copts_s7_20260916-115136_wc60_30s
wc60_30s,copts,rdp208,WC,8,60.0,2,726.8228,4726.8228,2,726.822786,4726.822786,-0.0,TIE,9.32,20,5750,"{""stall_epochs"": 20}",Rdp208_copts_s8_20260916-115236_wc60_30s
wc60_30s,copts,rdp208,WC,9,60.0,2,726.8228,4726.8228,2,726.822786,4726.822786,-0.0,TIE,9.28,20,5750,"{""stall_epochs"": 20}",Rdp208_copts_s9_20260916-115336_wc60_30s
wc60_30s,copts,rdp208,WC,10,60.0,2,726.8228,4726.8228,2,726.822786,4726.822786,-0.0,TIE,15.66,20,5750,"{""stall_epochs"": 20}",Rdp208_copts_s10_20260916-115436_wc60_30s
wc60_30s,copts,rdp208,WC,11,60.0,2,726.8228,4726.8228,2,726.822786,4726.822786,-0.0,TIE,12.71,19,5700,"{""stall_epochs"": 20}",Rdp208_copts_s11_20260916-115537_wc60_30s
wc60_30s,copts,rdp208,WC,12,60.0,2,726.8228,4726.8228,2,726.822786,4726.822786,-0.0,TIE,12.54,20,5750,"{""stall_epochs"": 20}",Rdp208_copts_s12_20260916-115637_wc60_30s
wc60_30s,copts,rdp208,WC,13,60.0,2,726.8228,4726.8228,2,726.822786,4726.822786,-0.0,TIE,9.41,19,5650,"{""stall_epochs"": 20}",Rdp208_copts_s13_20260916-115737_wc60_30s
wc60_30s,copts,rdp208,WC,14,60.0,2,726.8228,4726.8228,2,726.822786,4726.822786,-0.0,TIE,12.63,19,5700,"{""stall_epochs"": 20}",Rdp208_copts_s14_20260916-115837_wc60_30s
wc60_30s,copts,rdp208,WC,15,60.0,2,726.8228,4726.8228,2,726.822786,4726.822786,-0.0,TIE,9.47,19,5700,"{""stall_epochs"": 20}",Rdp208_copts_s15_20260916-115938_wc60_30s
wc60_30s,copts,rdp208,WC,16,60.0,2,726.8228,4726.8228,2,726.822786,4726.822786,-0.0,TIE,12.57,20,5750,"{""stall_epochs"": 20}",Rdp208_copts_s16_20260916-120038_wc60_30s
wc60_30s,copts,rdp208,WC,17,60.0,2,726.8228,4726.8228,2,726.822786,4726.822786,-0.0,TIE,9.35,20,5750,"{""stall_epochs"": 20}",Rdp208_copts_s17_20260916-120139_wc60_30s
wc60_30s,copts,rdp208,WC,18,60.0,2,726.8228,4726.8228,2,726.822786,4726.822786,-0.0,TIE,12.58,20,5750,"{""stall_epochs"": 20}",Rdp208_copts_s18_20260916-120239_wc60_30s
wc60_30s,copts,rdp208,WC,19,60.0,2,726.8228,4726.8228,2,726.822786,4726.822786,-0.0,TIE,9.44,20,5750,"{""stall_epochs"": 20}",Rdp208_copts_s19_20260916-120340_wc60_30s
wc60_30s,copts,rdp208,WC,20,60.0,2,726.8228,4726.8228,2,726.822786,4726.822786,-0.0,TIE,12.62,19,5700,"{""stall_epochs"": 20}",Rdp208_copts_s20_20260916-120440_wc60_30s
wc60_30s,copts,rdp208,WC,21,60.0,2,726.8228,4726.8228,2,726.822786,4726.822786,-0.0,TIE,9.44,19,5700,"{""stall_epochs"": 20}",Rdp208_copts_s21_20260916-120540_wc60_30s
wc60_30s,copts,rdp208,WC,22,60.0,2,726.8228,4726.8228,2,726.822786,4726.822786,-0.0,TIE,9.39,20,5750,"{""stall_epochs"": 20}",Rdp208_copts_s22_20260916-120640_wc60_30s
wc60_30s,copts,rdp208,WC,23,60.0,2,726.8228,4726.8228,2,726.822786,4726.822786,-0.0,TIE,9.45,19,5700,"{""stall_epochs"": 20}",Rdp208_copts_s23_20260916-120741_wc60_30s
wc60_30s,copts,rdp208,WC,24,60.0,2,726.8228,4726.8228,2,726.822786,4726.822786,-0.0,TIE,12.71,19,5700,"{""stall_epochs"": 20}",Rdp208_copts_s24_20260916-120841_wc60_30s
wc60_30s,copts,rdp208,WC,25,60.0,2,726.8228,4726.8228,2,726.822786,4726.822786,-0.0,TIE,6.24,19,5700,"{""stall_epochs"": 20}",Rdp208_copts_s25_20260916-120941_wc60_30s
wc60_30s,copts,rdp208,WC,26,60.0,2,726.8228,4726.8228,2,726.822786,4726.822786,-0.0,TIE,9.34,20,5750,"{""stall_epochs"": 20}",Rdp208_copts_s26_20260916-121042_wc60_30s
wc60_30s,copts,rdp208,WC,27,60.0,2,726.8228,4726.8228,2,726.822786,4726.822786,-0.0,TIE,12.66,19,5700,"{""stall_epochs"": 20}",Rdp208_copts_s27_20260916-121142_wc60_30s
wc60_30s,copts,rdp208,WC,28,60.0,2,726.8228,4726.8228,2,726.822786,4726.822786,-0.0,TIE,12.63,19,5700,"{""stall_epochs"": 20}",Rdp208_copts_s28_20260916-121242_wc60_30s
wc60_30s,copts,rdp208,WC,29,60.0,2,726.8228,4726.8228,2,726.822786,4726.822786,-0.0,TIE,12.52,20,5750,"{""stall_epochs"": 20}",Rdp208_copts_s29_20260916-121342_wc60_30s
wc60_30s,copts,rdp208,WC,30,60.0,2,726.8228,4726.8228,2,726.822786,4726.822786,-0.0,TIE,12.63,19,5700,"{""stall_epochs"": 20}",Rdp208_copts_s30_20260916-121442_wc60_30s
wc60_30s,copts,rdp209,WC,1,60.0,3,909.1634,6909.1634,3,909.163356,6909.163356,0.0,TIE,23.78,33,9900,"{""stall_epochs"": 20}",Rdp209_copts_s1_20260916-121543_wc60_30s
wc60_30s,copts,rdp209,WC,2,60.0,3,909.1634,6909.1634,3,909.163356,6909.163356,0.0,TIE,18.34,33,9900,"{""stall_epochs"": 20}",Rdp209_copts_s2_20260916-121643_wc60_30s
wc60_30s,copts,rdp209,WC,3,60.0,3,909.1634,6909.1634,3,909.163356,6909.163356,0.0,TIE,38.34,34,9950,"{""stall_epochs"": 20}",Rdp209_copts_s3_20260916-121743_wc60_30s
wc60_30s,copts,rdp209,WC,4,60.0,3,909.1634,6909.1634,3,909.163356,6909.163356,0.0,TIE,42.11,33,9900,"{""stall_epochs"": 20}",Rdp209_copts_s4_20260916-121843_wc60_30s
wc60_30s,copts,rdp209,WC,5,60.0,3,909.1634,6909.1634,3,909.163356,6909.163356,0.0,TIE,9.16,33,9900,"{""stall_epochs"": 20}",Rdp209_copts_s5_20260916-121943_wc60_30s
wc60_30s,copts,rdp209,WC,6,60.0,3,909.1634,6909.1634,3,909.163356,6909.163356,0.0,TIE,16.39,34,9950,"{""stall_epochs"": 20}",Rdp209_copts_s6_20260916-122044_wc60_30s
wc60_30s,copts,rdp209,WC,7,60.0,3,909.1634,6909.1634,3,909.163356,6909.163356,0.0,TIE,18.36,33,9900,"{""stall_epochs"": 20}",Rdp209_copts_s7_20260916-122144_wc60_30s
wc60_30s,copts,rdp209,WC,8,60.0,3,909.6566,6909.6566,3,909.163356,6909.163356,0.0071,worse,36.96,33,9750,"{""stall_epochs"": 20}",Rdp209_copts_s8_20260916-122244_wc60_30s
wc60_30s,copts,rdp209,WC,9,60.0,3,909.6566,6909.6566,3,909.163356,6909.163356,0.0071,worse,16.52,33,9850,"{""stall_epochs"": 20}",Rdp209_copts_s9_20260916-122344_wc60_30s
wc60_30s,copts,rdp209,WC,10,60.0,3,909.1634,6909.1634,3,909.163356,6909.163356,0.0,TIE,23.67,34,9950,"{""stall_epochs"": 20}",Rdp209_copts_s10_20260916-122444_wc60_30s
wc60_30s,copts,rdp209,WC,11,60.0,3,909.1634,6909.1634,3,909.163356,6909.163356,0.0,TIE,14.69,34,9950,"{""stall_epochs"": 20}",Rdp209_copts_s11_20260916-122544_wc60_30s
wc60_30s,copts,rdp209,WC,12,60.0,3,909.1634,6909.1634,3,909.163356,6909.163356,0.0,TIE,11.03,33,9900,"{""stall_epochs"": 20}",Rdp209_copts_s12_20260916-122645_wc60_30s
wc60_30s,copts,rdp209,WC,13,60.0,3,909.1634,6909.1634,3,909.163356,6909.163356,0.0,TIE,20.49,33,9650,"{""stall_epochs"": 20}",Rdp209_copts_s13_20260916-122745_wc60_30s
wc60_30s,copts,rdp209,WC,14,60.0,3,909.1634,6909.1634,3,909.163356,6909.163356,0.0,TIE,20.07,34,9950,"{""stall_epochs"": 20}",Rdp209_copts_s14_20260916-122845_wc60_30s
wc60_30s,copts,rdp209,WC,15,60.0,3,909.1634,6909.1634,3,909.163356,6909.163356,0.0,TIE,22.08,33,9850,"{""stall_epochs"": 20}",Rdp209_copts_s15_20260916-122945_wc60_30s
wc60_30s,copts,rdp209,WC,16,60.0,3,909.6566,6909.6566,3,909.163356,6909.163356,0.0071,worse,12.86,33,9850,"{""stall_epochs"": 20}",Rdp209_copts_s16_20260916-123045_wc60_30s
wc60_30s,copts,rdp209,WC,17,60.0,3,909.1634,6909.1634,3,909.163356,6909.163356,0.0,TIE,25.87,33,9750,"{""stall_epochs"": 20}",Rdp209_copts_s17_20260916-123145_wc60_30s
wc60_30s,copts,rdp209,WC,18,60.0,3,909.1634,6909.1634,3,909.163356,6909.163356,0.0,TIE,18.15,34,10000,"{""stall_epochs"": 20}",Rdp209_copts_s18_20260916-123246_wc60_30s
wc60_30s,copts,rdp209,WC,19,60.0,3,909.1634,6909.1634,3,909.163356,6909.163356,0.0,TIE,16.43,33,9900,"{""stall_epochs"": 20}",Rdp209_copts_s19_20260916-123346_wc60_30s
wc60_30s,copts,rdp209,WC,20,60.0,3,909.1634,6909.1634,3,909.163356,6909.163356,0.0,TIE,20.21,33,9850,"{""stall_epochs"": 20}",Rdp209_copts_s20_20260916-123446_wc60_30s
wc60_30s,copts,rdp209,WC,21,60.0,3,909.1634,6909.1634,3,909.163356,6909.163356,0.0,TIE,5.53,33,9900,"{""stall_epochs"": 20}",Rdp209_copts_s21_20260916-123546_wc60_30s
wc60_30s,copts,rdp209,WC,22,60.0,3,909.1634,6909.1634,3,909.163356,6909.163356,0.0,TIE,16.32,34,10000,"{""stall_epochs"": 20}",Rdp209_copts_s22_20260916-123646_wc60_30s
wc60_30s,copts,rdp209,WC,23,60.0,3,909.1634,6909.1634,3,909.163356,6909.163356,0.0,TIE,16.57,33,9900,"{""stall_epochs"": 20}",Rdp209_copts_s23_20260916-123747_wc60_30s
wc60_30s,copts,rdp209,WC,24,60.0,3,909.1634,6909.1634,3,909.163356,6909.163356,0.0,TIE,42.16,33,9900,"{""stall_epochs"": 20}",Rdp209_copts_s24_20260916-123847_wc60_30s
wc60_30s,copts,rdp209,WC,25,60.0,3,909.1634,6909.1634,3,909.163356,6909.163356,0.0,TIE,42.22,33,9850,"{""stall_epochs"": 20}",Rdp209_copts_s25_20260916-123947_wc60_30s
wc60_30s,copts,rdp209,WC,26,60.0,3,909.1634,6909.1634,3,909.163356,6909.163356,0.0,TIE,11.02,34,9950,"{""stall_epochs"": 20}",Rdp209_copts_s26_20260916-124047_wc60_30s
wc60_30s,copts,rdp209,WC,27,60.0,3,909.1634,6909.1634,3,909.163356,6909.163356,0.0,TIE,11.02,33,9850,"{""stall_epochs"": 20}",Rdp209_copts_s27_20260916-124147_wc60_30s
wc60_30s,copts,rdp209,WC,28,60.0,3,910.5538,6910.5538,3,909.163356,6909.163356,0.0201,worse,7.35,33,9650,"{""stall_epochs"": 20}",Rdp209_copts_s28_20260916-124247_wc60_30s
wc60_30s,copts,rdp209,WC,29,60.0,3,909.1634,6909.1634,3,909.163356,6909.163356,0.0,TIE,40.39,33,9850,"{""stall_epochs"": 20}",Rdp209_copts_s29_20260916-124348_wc60_30s
wc60_30s,copts,rdp209,WC,30,60.0,3,909.1634,6909.1634,3,909.163356,6909.163356,0.0,TIE,20.11,33,9900,"{""stall_epochs"": 20}",Rdp209_copts_s30_20260916-124448_wc60_30s
wc60_30s,copts,rdp210,WC,1,60.0,3,939.3727,6939.3727,3,939.37268,6939.37268,0.0,TIE,4.01,32,9350,"{""stall_epochs"": 20}",Rdp210_copts_s1_20260916-124548_wc60_30s
wc60_30s,copts,rdp210,WC,2,60.0,3,939.3727,6939.3727,3,939.37268,6939.37268,0.0,TIE,12.09,31,9250,"{""stall_epochs"": 20}",Rdp210_copts_s2_20260916-124648_wc60_30s
wc60_30s,copts,rdp210,WC,3,60.0,3,939.3727,6939.3727,3,939.37268,6939.37268,0.0,TIE,3.99,32,9400,"{""stall_epochs"": 20}",Rdp210_copts_s3_20260916-124749_wc60_30s
wc60_30s,copts,rdp210,WC,4,60.0,3,939.3727,6939.3727,3,939.37268,6939.37268,0.0,TIE,35.28,31,9200,"{""stall_epochs"": 20}",Rdp210_copts_s4_20260916-124849_wc60_30s
wc60_30s,copts,rdp210,WC,5,60.0,3,939.3727,6939.3727,3,939.37268,6939.37268,0.0,TIE,4.15,31,9250,"{""stall_epochs"": 20}",Rdp210_copts_s5_20260916-124949_wc60_30s
wc60_30s,copts,rdp210,WC,6,60.0,3,939.3727,6939.3727,3,939.37268,6939.37268,0.0,TIE,6.01,32,9350,"{""stall_epochs"": 20}",Rdp210_copts_s6_20260916-125049_wc60_30s
wc60_30s,copts,rdp210,WC,7,60.0,3,939.3727,6939.3727,3,939.37268,6939.37268,0.0,TIE,4.05,31,9250,"{""stall_epochs"": 20}",Rdp210_copts_s7_20260916-125149_wc60_30s
wc60_30s,copts,rdp210,WC,8,60.0,3,939.3727,6939.3727,3,939.37268,6939.37268,0.0,TIE,10.06,32,9350,"{""stall_epochs"": 20}",Rdp210_copts_s8_20260916-125250_wc60_30s
wc60_30s,copts,rdp210,WC,9,60.0,3,939.3727,6939.3727,3,939.37268,6939.37268,0.0,TIE,5.98,32,9350,"{""stall_epochs"": 20}",Rdp210_copts_s9_20260916-125350_wc60_30s
wc60_30s,copts,rdp210,WC,10,60.0,3,939.3727,6939.3727,3,939.37268,6939.37268,0.0,TIE,12.01,31,9300,"{""stall_epochs"": 20}",Rdp210_copts_s10_20260916-125450_wc60_30s
wc60_30s,copts,rdp210,WC,11,60.0,3,939.3727,6939.3727,3,939.37268,6939.37268,0.0,TIE,10.08,31,9250,"{""stall_epochs"": 20}",Rdp210_copts_s11_20260916-125550_wc60_30s
wc60_30s,copts,rdp210,WC,12,60.0,3,939.3727,6939.3727,3,939.37268,6939.37268,0.0,TIE,9.99,32,9350,"{""stall_epochs"": 20}",Rdp210_copts_s12_20260916-125650_wc60_30s
wc60_30s,copts,rdp210,WC,13,60.0,3,939.3727,6939.3727,3,939.37268,6939.37268,0.0,TIE,4.04,31,9150,"{""stall_epochs"": 20}",Rdp210_copts_s13_20260916-125750_wc60_30s
wc60_30s,copts,rdp210,WC,14,60.0,3,939.3727,6939.3727,3,939.37268,6939.37268,0.0,TIE,4.01,31,9300,"{""stall_epochs"": 20}",Rdp210_copts_s14_20260916-125851_wc60_30s
wc60_30s,copts,rdp210,WC,15,60.0,3,939.3727,6939.3727,3,939.37268,6939.37268,0.0,TIE,12.12,31,9200,"{""stall_epochs"": 20}",Rdp210_copts_s15_20260916-125951_wc60_30s
wc60_30s,copts,rdp210,WC,16,60.0,3,939.3727,6939.3727,3,939.37268,6939.37268,0.0,TIE,6.02,31,9300,"{""stall_epochs"": 20}",Rdp210_copts_s16_20260916-130051_wc60_30s
wc60_30s,copts,rdp210,WC,17,60.0,3,939.3727,6939.3727,3,939.37268,6939.37268,0.0,TIE,6.06,31,9300,"{""stall_epochs"": 20}",Rdp210_copts_s17_20260916-130151_wc60_30s
wc60_30s,copts,rdp210,WC,18,60.0,3,939.3727,6939.3727,3,939.37268,6939.37268,0.0,TIE,4.03,31,9250,"{""stall_epochs"": 20}",Rdp210_copts_s18_20260916-130251_wc60_30s
wc60_30s,copts,rdp210,WC,19,60.0,3,939.3727,6939.3727,3,939.37268,6939.37268,0.0,TIE,3.99,31,9300,"{""stall_epochs"": 20}",Rdp210_copts_s19_20260916-130352_wc60_30s
wc60_30s,copts,rdp210,WC,20,60.0,3,939.3727,6939.3727,3,939.37268,6939.37268,0.0,TIE,4.01,31,9300,"{""stall_epochs"": 20}",Rdp210_copts_s20_20260916-130452_wc60_30s
wc60_30s,copts,rdp210,WC,21,60.0,3,939.3727,6939.3727,3,939.37268,6939.37268,0.0,TIE,6.05,31,9200,"{""stall_epochs"": 20}",Rdp210_copts_s21_20260916-130552_wc60_30s
wc60_30s,copts,rdp210,WC,22,60.0,3,939.3727,6939.3727,3,939.37268,6939.37268,0.0,TIE,15.91,31,9300,"{""stall_epochs"": 20}",Rdp210_copts_s22_20260916-130652_wc60_30s
wc60_30s,copts,rdp210,WC,23,60.0,3,939.3727,6939.3727,3,939.37268,6939.37268,0.0,TIE,4.02,31,9250,"{""stall_epochs"": 20}",Rdp210_copts_s23_20260916-130752_wc60_30s
wc60_30s,copts,rdp210,WC,24,60.0,3,939.3727,6939.3727,3,939.37268,6939.37268,0.0,TIE,4.02,31,9250,"{""stall_epochs"": 20}",Rdp210_copts_s24_20260916-130852_wc60_30s
wc60_30s,copts,rdp210,WC,25,60.0,3,939.3727,6939.3727,3,939.37268,6939.37268,0.0,TIE,6.07,31,9250,"{""stall_epochs"": 20}",Rdp210_copts_s25_20260916-130953_wc60_30s
wc60_30s,copts,rdp210,WC,26,60.0,3,939.3727,6939.3727,3,939.37268,6939.37268,0.0,TIE,6.05,31,9300,"{""stall_epochs"": 20}",Rdp210_copts_s26_20260916-131053_wc60_30s
wc60_30s,copts,rdp210,WC,27,60.0,3,939.3727,6939.3727,3,939.37268,6939.37268,0.0,TIE,4.01,31,9300,"{""stall_epochs"": 20}",Rdp210_copts_s27_20260916-131153_wc60_30s
wc60_30s,copts,rdp210,WC,28,60.0,3,939.3727,6939.3727,3,939.37268,6939.37268,0.0,TIE,8.15,31,9250,"{""stall_epochs"": 20}",Rdp210_copts_s28_20260916-131253_wc60_30s
wc60_30s,copts,rdp210,WC,29,60.0,3,939.3727,6939.3727,3,939.37268,6939.37268,0.0,TIE,3.99,32,9350,"{""stall_epochs"": 20}",Rdp210_copts_s29_20260916-131354_wc60_30s
wc60_30s,copts,rdp210,WC,30,60.0,3,939.3727,6939.3727,3,939.37268,6939.37268,0.0,TIE,8.05,31,9250,"{""stall_epochs"": 20}",Rdp210_copts_s30_20260916-131454_wc60_30s
wc60_30s,copts,rdp211,WC,1,60.0,2,890.9343,4890.9343,2,885.71139,4885.71139,0.1069,worse,42.57,23,6800,"{""stall_epochs"": 20}",Rdp211_copts_s1_20260916-131554_wc60_30s
wc60_30s,copts,rdp211,WC,2,60.0,2,899.9658,4899.9658,2,885.71139,4885.71139,0.2918,worse,60.12,23,6700,"{""stall_epochs"": 20}",Rdp211_copts_s2_20260916-131654_wc60_30s
wc60_30s,copts,rdp211,WC,3,60.0,2,898.1501,4898.1501,2,885.71139,4885.71139,0.2546,worse,10.69,23,6800,"{""stall_epochs"": 20}",Rdp211_copts_s3_20260916-131754_wc60_30s
wc60_30s,copts,rdp211,WC,4,60.0,2,892.9897,4892.9897,2,885.71139,4885.71139,0.149,worse,44.16,22,6500,"{""stall_epochs"": 20}",Rdp211_copts_s4_20260916-131855_wc60_30s
wc60_30s,copts,rdp211,WC,5,60.0,2,893.1439,4893.1439,2,885.71139,4885.71139,0.1521,worse,16.24,22,6550,"{""stall_epochs"": 20}",Rdp211_copts_s5_20260916-131955_wc60_30s
wc60_30s,copts,rdp211,WC,6,60.0,2,898.1501,4898.1501,2,885.71139,4885.71139,0.2546,worse,16.23,23,6700,"{""stall_epochs"": 20}",Rdp211_copts_s6_20260916-132055_wc60_30s
wc60_30s,copts,rdp211,WC,7,60.0,2,898.1501,4898.1501,2,885.71139,4885.71139,0.2546,worse,35.19,23,6650,"{""stall_epochs"": 20}",Rdp211_copts_s7_20260916-132156_wc60_30s
wc60_30s,copts,rdp211,WC,8,60.0,2,898.1501,4898.1501,2,885.71139,4885.71139,0.2546,worse,27.18,22,6550,"{""stall_epochs"": 20}",Rdp211_copts_s8_20260916-132256_wc60_30s
wc60_30s,copts,rdp211,WC,9,60.0,2,898.1501,4898.1501,2,885.71139,4885.71139,0.2546,worse,40.57,23,6700,"{""stall_epochs"": 20}",Rdp211_copts_s9_20260916-132357_wc60_30s
wc60_30s,copts,rdp211,WC,10,60.0,2,892.7241,4892.7241,2,885.71139,4885.71139,0.1435,worse,27.31,22,6550,"{""stall_epochs"": 20}",Rdp211_copts_s10_20260916-132457_wc60_30s
wc60_30s,copts,rdp211,WC,11,60.0,2,894.735,4894.735,2,885.71139,4885.71139,0.1847,worse,58.72,23,6750,"{""stall_epochs"": 20}",Rdp211_copts_s11_20260916-132557_wc60_30s
wc60_30s,copts,rdp211,WC,12,60.0,2,899.2779,4899.2779,2,885.71139,4885.71139,0.2777,worse,48.49,23,6650,"{""stall_epochs"": 20}",Rdp211_copts_s12_20260916-132657_wc60_30s
wc60_30s,copts,rdp211,WC,13,60.0,2,891.8932,4891.8932,2,885.71139,4885.71139,0.1265,worse,27.3,22,6600,"{""stall_epochs"": 20}",Rdp211_copts_s13_20260916-132757_wc60_30s
wc60_30s,copts,rdp211,WC,14,60.0,2,898.1501,4898.1501,2,885.71139,4885.71139,0.2546,worse,45.58,23,6700,"{""stall_epochs"": 20}",Rdp211_copts_s14_20260916-132858_wc60_30s
wc60_30s,copts,rdp211,WC,15,60.0,2,893.1439,4893.1439,2,885.71139,4885.71139,0.1521,worse,10.72,23,6650,"{""stall_epochs"": 20}",Rdp211_copts_s15_20260916-132958_wc60_30s
wc60_30s,copts,rdp211,WC,16,60.0,2,899.6915,4899.6915,2,885.71139,4885.71139,0.2861,worse,8.03,23,6700,"{""stall_epochs"": 20}",Rdp211_copts_s16_20260916-133058_wc60_30s
wc60_30s,copts,rdp211,WC,17,60.0,2,895.9364,4895.9364,2,885.71139,4885.71139,0.2093,worse,34.98,23,6700,"{""stall_epochs"": 20}",Rdp211_copts_s17_20260916-133158_wc60_30s
wc60_30s,copts,rdp211,WC,18,60.0,2,898.1501,4898.1501,2,885.71139,4885.71139,0.2546,worse,45.23,23,6800,"{""stall_epochs"": 20}",Rdp211_copts_s18_20260916-133259_wc60_30s
wc60_30s,copts,rdp211,WC,19,60.0,2,898.1501,4898.1501,2,885.71139,4885.71139,0.2546,worse,24.26,23,6700,"{""stall_epochs"": 20}",Rdp211_copts_s19_20260916-133359_wc60_30s
wc60_30s,copts,rdp211,WC,20,60.0,2,898.1501,4898.1501,2,885.71139,4885.71139,0.2546,worse,35.08,23,6700,"{""stall_epochs"": 20}",Rdp211_copts_s20_20260916-133459_wc60_30s
wc60_30s,copts,rdp211,WC,21,60.0,2,898.1501,4898.1501,2,885.71139,4885.71139,0.2546,worse,40.33,23,6700,"{""stall_epochs"": 20}",Rdp211_copts_s21_20260916-133559_wc60_30s
wc60_30s,copts,rdp211,WC,22,60.0,2,899.2779,4899.2779,2,885.71139,4885.71139,0.2777,worse,29.14,23,6750,"{""stall_epochs"": 20}",Rdp211_copts_s22_20260916-133700_wc60_30s
wc60_30s,copts,rdp211,WC,23,60.0,2,898.1501,4898.1501,2,885.71139,4885.71139,0.2546,worse,40.85,23,6650,"{""stall_epochs"": 20}",Rdp211_copts_s23_20260916-133800_wc60_30s
wc60_30s,copts,rdp211,WC,24,60.0,2,885.7114,4885.7114,2,885.71139,4885.71139,0.0,TIE,51.86,22,6600,"{""stall_epochs"": 20}",Rdp211_copts_s24_20260916-133900_wc60_30s
wc60_30s,copts,rdp211,WC,25,60.0,2,898.1501,4898.1501,2,885.71139,4885.71139,0.2546,worse,49.82,22,6500,"{""stall_epochs"": 20}",Rdp211_copts_s25_20260916-134000_wc60_30s
wc60_30s,copts,rdp211,WC,26,60.0,2,898.1501,4898.1501,2,885.71139,4885.71139,0.2546,worse,51.15,23,6700,"{""stall_epochs"": 20}",Rdp211_copts_s26_20260916-134101_wc60_30s
wc60_30s,copts,rdp211,WC,27,60.0,2,895.9364,4895.9364,2,885.71139,4885.71139,0.2093,worse,34.83,23,6700,"{""stall_epochs"": 20}",Rdp211_copts_s27_20260916-134201_wc60_30s
wc60_30s,copts,rdp211,WC,28,60.0,2,898.1501,4898.1501,2,885.71139,4885.71139,0.2546,worse,45.82,23,6700,"{""stall_epochs"": 20}",Rdp211_copts_s28_20260916-134301_wc60_30s
wc60_30s,copts,rdp211,WC,29,60.0,2,896.0023,4896.0023,2,885.71139,4885.71139,0.2106,worse,48.42,23,6700,"{""stall_epochs"": 20}",Rdp211_copts_s29_20260916-134401_wc60_30s
wc60_30s,copts,rdp211,WC,30,60.0,2,898.1501,4898.1501,2,885.71139,4885.71139,0.2546,worse,10.71,23,6700,"{""stall_epochs"": 20}",Rdp211_copts_s30_20260916-134501_wc60_30s
wc60_30s,copts,rcdp101,WC,1,60.0,14,1708.2099,29708.2099,14,1708.209858,29708.209858,-0.0,TIE,13.71,154,46100,"{""stall_epochs"": 20}",RCdp101_copts_s1_20260916-134601_wc60_30s
wc60_30s,copts,rcdp101,WC,2,60.0,14,1708.2099,29708.2099,14,1708.209858,29708.209858,-0.0,TIE,8.29,154,46100,"{""stall_epochs"": 20}",RCdp101_copts_s2_20260916-134701_wc60_30s
wc60_30s,copts,rcdp101,WC,3,60.0,14,1708.2099,29708.2099,14,1708.209858,29708.209858,-0.0,TIE,7.88,154,45950,"{""stall_epochs"": 20}",RCdp101_copts_s3_20260916-134802_wc60_30s
wc60_30s,copts,rcdp101,WC,4,60.0,14,1708.2099,29708.2099,14,1708.209858,29708.209858,-0.0,TIE,10.18,154,46150,"{""stall_epochs"": 20}",RCdp101_copts_s4_20260916-134902_wc60_30s
wc60_30s,copts,rcdp101,WC,5,60.0,14,1708.2099,29708.2099,14,1708.209858,29708.209858,-0.0,TIE,13.37,154,45950,"{""stall_epochs"": 20}",RCdp101_copts_s5_20260916-135002_wc60_30s
wc60_30s,copts,rcdp101,WC,6,60.0,14,1708.2099,29708.2099,14,1708.209858,29708.209858,-0.0,TIE,12.39,155,46300,"{""stall_epochs"": 20}",RCdp101_copts_s6_20260916-135102_wc60_30s
wc60_30s,copts,rcdp101,WC,7,60.0,14,1708.2099,29708.2099,14,1708.209858,29708.209858,-0.0,TIE,5.22,154,46000,"{""stall_epochs"": 20}",RCdp101_copts_s7_20260916-135202_wc60_30s
wc60_30s,copts,rcdp101,WC,8,60.0,14,1708.2099,29708.2099,14,1708.209858,29708.209858,-0.0,TIE,4.68,155,46250,"{""stall_epochs"": 20}",RCdp101_copts_s8_20260916-135302_wc60_30s
wc60_30s,copts,rcdp101,WC,9,60.0,14,1708.2099,29708.2099,14,1708.209858,29708.209858,-0.0,TIE,1.23,154,46100,"{""stall_epochs"": 20}",RCdp101_copts_s9_20260916-135402_wc60_30s
wc60_30s,copts,rcdp101,WC,10,60.0,14,1708.2099,29708.2099,14,1708.209858,29708.209858,-0.0,TIE,12.07,154,46150,"{""stall_epochs"": 20}",RCdp101_copts_s10_20260916-135502_wc60_30s
wc60_30s,copts,rcdp101,WC,11,60.0,14,1708.2099,29708.2099,14,1708.209858,29708.209858,-0.0,TIE,11.02,154,45950,"{""stall_epochs"": 20}",RCdp101_copts_s11_20260916-135602_wc60_30s
wc60_30s,copts,rcdp101,WC,12,60.0,14,1708.2099,29708.2099,14,1708.209858,29708.209858,-0.0,TIE,4.8,154,46050,"{""stall_epochs"": 20}",RCdp101_copts_s12_20260916-135702_wc60_30s
wc60_30s,copts,rcdp101,WC,13,60.0,14,1708.2099,29708.2099,14,1708.209858,29708.209858,-0.0,TIE,5.05,155,46250,"{""stall_epochs"": 20}",RCdp101_copts_s13_20260916-135802_wc60_30s
wc60_30s,copts,rcdp101,WC,14,60.0,14,1708.2099,29708.2099,14,1708.209858,29708.209858,-0.0,TIE,5.86,154,46200,"{""stall_epochs"": 20}",RCdp101_copts_s14_20260916-135902_wc60_30s
wc60_30s,copts,rcdp101,WC,15,60.0,14,1708.2099,29708.2099,14,1708.209858,29708.209858,-0.0,TIE,7.43,154,46150,"{""stall_epochs"": 20}",RCdp101_copts_s15_20260916-140002_wc60_30s
wc60_30s,copts,rcdp101,WC,16,60.0,14,1708.2099,29708.2099,14,1708.209858,29708.209858,-0.0,TIE,1.23,154,46000,"{""stall_epochs"": 20}",RCdp101_copts_s16_20260916-140102_wc60_30s
wc60_30s,copts,rcdp101,WC,17,60.0,14,1708.2099,29708.2099,14,1708.209858,29708.209858,-0.0,TIE,2.43,154,46100,"{""stall_epochs"": 20}",RCdp101_copts_s17_20260916-140203_wc60_30s
wc60_30s,copts,rcdp101,WC,18,60.0,14,1708.2099,29708.2099,14,1708.209858,29708.209858,-0.0,TIE,7.78,154,46150,"{""stall_epochs"": 20}",RCdp101_copts_s18_20260916-140303_wc60_30s
wc60_30s,copts,rcdp101,WC,19,60.0,14,1708.2099,29708.2099,14,1708.209858,29708.209858,-0.0,TIE,10.12,154,46200,"{""stall_epochs"": 20}",RCdp101_copts_s19_20260916-140403_wc60_30s
wc60_30s,copts,rcdp101,WC,20,60.0,14,1708.2099,29708.2099,14,1708.209858,29708.209858,-0.0,TIE,9.41,154,46100,"{""stall_epochs"": 20}",RCdp101_copts_s20_20260916-140503_wc60_30s
wc60_30s,copts,rcdp101,WC,21,60.0,14,1708.2099,29708.2099,14,1708.209858,29708.209858,-0.0,TIE,2.02,154,45950,"{""stall_epochs"": 20}",RCdp101_copts_s21_20260916-140603_wc60_30s
wc60_30s,copts,rcdp101,WC,22,60.0,14,1708.2099,29708.2099,14,1708.209858,29708.209858,-0.0,TIE,2.0,154,46100,"{""stall_epochs"": 20}",RCdp101_copts_s22_20260916-140703_wc60_30s
wc60_30s,copts,rcdp101,WC,23,60.0,14,1708.2099,29708.2099,14,1708.209858,29708.209858,-0.0,TIE,17.26,154,46100,"{""stall_epochs"": 20}",RCdp101_copts_s23_20260916-140803_wc60_30s
wc60_30s,copts,rcdp101,WC,24,60.0,14,1708.2099,29708.2099,14,1708.209858,29708.209858,-0.0,TIE,12.05,154,46150,"{""stall_epochs"": 20}",RCdp101_copts_s24_20260916-140903_wc60_30s
wc60_30s,copts,rcdp101,WC,25,60.0,14,1708.2099,29708.2099,14,1708.209858,29708.209858,-0.0,TIE,5.18,154,46150,"{""stall_epochs"": 20}",RCdp101_copts_s25_20260916-141003_wc60_30s
wc60_30s,copts,rcdp101,WC,26,60.0,14,1708.2099,29708.2099,14,1708.209858,29708.209858,-0.0,TIE,9.8,154,46200,"{""stall_epochs"": 20}",RCdp101_copts_s26_20260916-141103_wc60_30s
wc60_30s,copts,rcdp101,WC,27,60.0,14,1708.2099,29708.2099,14,1708.209858,29708.209858,-0.0,TIE,9.71,154,46150,"{""stall_epochs"": 20}",RCdp101_copts_s27_20260916-141203_wc60_30s
wc60_30s,copts,rcdp101,WC,28,60.0,14,1708.2099,29708.2099,14,1708.209858,29708.209858,-0.0,TIE,2.03,154,46000,"{""stall_epochs"": 20}",RCdp101_copts_s28_20260916-141303_wc60_30s
wc60_30s,copts,rcdp101,WC,29,60.0,14,1708.2099,29708.2099,14,1708.209858,29708.209858,-0.0,TIE,2.45,154,46150,"{""stall_epochs"": 20}",RCdp101_copts_s29_20260916-141403_wc60_30s
wc60_30s,copts,rcdp101,WC,30,60.0,14,1708.2099,29708.2099,14,1708.209858,29708.209858,-0.0,TIE,27.27,154,46150,"{""stall_epochs"": 20}",RCdp101_copts_s30_20260916-141504_wc60_30s
wc60_30s,copts,rcdp102,WC,1,60.0,12,1570.2804,25570.2804,12,1570.280395,25570.280395,-0.0,TIE,1.46,81,24250,"{""stall_epochs"": 20}",RCdp102_copts_s1_20260916-141604_wc60_30s
wc60_30s,copts,rcdp102,WC,2,60.0,12,1570.2804,25570.2804,12,1570.280395,25570.280395,-0.0,TIE,3.69,81,24150,"{""stall_epochs"": 20}",RCdp102_copts_s2_20260916-141704_wc60_30s
wc60_30s,copts,rcdp102,WC,3,60.0,12,1570.2804,25570.2804,12,1570.280395,25570.280395,-0.0,TIE,2.21,81,24250,"{""stall_epochs"": 20}",RCdp102_copts_s3_20260916-141804_wc60_30s
wc60_30s,copts,rcdp102,WC,4,60.0,12,1570.2804,25570.2804,12,1570.280395,25570.280395,-0.0,TIE,4.46,81,24150,"{""stall_epochs"": 20}",RCdp102_copts_s4_20260916-141904_wc60_30s
wc60_30s,copts,rcdp102,WC,5,60.0,12,1570.2804,25570.2804,12,1570.280395,25570.280395,-0.0,TIE,3.72,81,24200,"{""stall_epochs"": 20}",RCdp102_copts_s5_20260916-142004_wc60_30s
wc60_30s,copts,rcdp102,WC,6,60.0,12,1570.2804,25570.2804,12,1570.280395,25570.280395,-0.0,TIE,2.95,81,24200,"{""stall_epochs"": 20}",RCdp102_copts_s6_20260916-142104_wc60_30s
wc60_30s,copts,rcdp102,WC,7,60.0,12,1570.2804,25570.2804,12,1570.280395,25570.280395,-0.0,TIE,3.75,81,24050,"{""stall_epochs"": 20}",RCdp102_copts_s7_20260916-142204_wc60_30s
wc60_30s,copts,rcdp102,WC,8,60.0,12,1570.2804,25570.2804,12,1570.280395,25570.280395,-0.0,TIE,4.5,81,24100,"{""stall_epochs"": 20}",RCdp102_copts_s8_20260916-142304_wc60_30s
wc60_30s,copts,rcdp102,WC,9,60.0,12,1570.2804,25570.2804,12,1570.280395,25570.280395,-0.0,TIE,2.93,81,24200,"{""stall_epochs"": 20}",RCdp102_copts_s9_20260916-142404_wc60_30s
wc60_30s,copts,rcdp102,WC,10,60.0,12,1570.2804,25570.2804,12,1570.280395,25570.280395,-0.0,TIE,2.94,81,24100,"{""stall_epochs"": 20}",RCdp102_copts_s10_20260916-142505_wc60_30s
wc60_30s,copts,rcdp102,WC,11,60.0,12,1570.2804,25570.2804,12,1570.280395,25570.280395,-0.0,TIE,3.74,81,24050,"{""stall_epochs"": 20}",RCdp102_copts_s11_20260916-142605_wc60_30s
wc60_30s,copts,rcdp102,WC,12,60.0,12,1570.2804,25570.2804,12,1570.280395,25570.280395,-0.0,TIE,2.96,81,24100,"{""stall_epochs"": 20}",RCdp102_copts_s12_20260916-142705_wc60_30s
wc60_30s,copts,rcdp102,WC,13,60.0,12,1570.2804,25570.2804,12,1570.280395,25570.280395,-0.0,TIE,2.23,81,24200,"{""stall_epochs"": 20}",RCdp102_copts_s13_20260916-142805_wc60_30s
wc60_30s,copts,rcdp102,WC,14,60.0,12,1570.2804,25570.2804,12,1570.280395,25570.280395,-0.0,TIE,3.72,81,24150,"{""stall_epochs"": 20}",RCdp102_copts_s14_20260916-142905_wc60_30s
wc60_30s,copts,rcdp102,WC,15,60.0,12,1570.2804,25570.2804,12,1570.280395,25570.280395,-0.0,TIE,4.5,81,24050,"{""stall_epochs"": 20}",RCdp102_copts_s15_20260916-143005_wc60_30s
wc60_30s,copts,rcdp102,WC,16,60.0,12,1570.2804,25570.2804,12,1570.280395,25570.280395,-0.0,TIE,4.44,81,24150,"{""stall_epochs"": 20}",RCdp102_copts_s16_20260916-143105_wc60_30s
wc60_30s,copts,rcdp102,WC,17,60.0,12,1570.2804,25570.2804,12,1570.280395,25570.280395,-0.0,TIE,2.22,81,24200,"{""stall_epochs"": 20}",RCdp102_copts_s17_20260916-143205_wc60_30s
wc60_30s,copts,rcdp102,WC,18,60.0,12,1570.2804,25570.2804,12,1570.280395,25570.280395,-0.0,TIE,3.67,81,24250,"{""stall_epochs"": 20}",RCdp102_copts_s18_20260916-143305_wc60_30s
wc60_30s,copts,rcdp102,WC,19,60.0,12,1570.2804,25570.2804,12,1570.280395,25570.280395,-0.0,TIE,2.99,81,24050,"{""stall_epochs"": 20}",RCdp102_copts_s19_20260916-143406_wc60_30s
wc60_30s,copts,rcdp102,WC,20,60.0,12,1570.2804,25570.2804,12,1570.280395,25570.280395,-0.0,TIE,4.46,81,24200,"{""stall_epochs"": 20}",RCdp102_copts_s20_20260916-143506_wc60_30s
wc60_30s,copts,rcdp102,WC,21,60.0,12,1570.2804,25570.2804,12,1570.280395,25570.280395,-0.0,TIE,2.23,81,24200,"{""stall_epochs"": 20}",RCdp102_copts_s21_20260916-143606_wc60_30s
wc60_30s,copts,rcdp102,WC,22,60.0,12,1570.2804,25570.2804,12,1570.280395,25570.280395,-0.0,TIE,3.71,81,24150,"{""stall_epochs"": 20}",RCdp102_copts_s22_20260916-143706_wc60_30s
wc60_30s,copts,rcdp102,WC,23,60.0,12,1570.2804,25570.2804,12,1570.280395,25570.280395,-0.0,TIE,2.99,81,24150,"{""stall_epochs"": 20}",RCdp102_copts_s23_20260916-143806_wc60_30s
wc60_30s,copts,rcdp102,WC,24,60.0,12,1570.2804,25570.2804,12,1570.280395,25570.280395,-0.0,TIE,2.99,81,24150,"{""stall_epochs"": 20}",RCdp102_copts_s24_20260916-143906_wc60_30s
wc60_30s,copts,rcdp102,WC,25,60.0,12,1570.2804,25570.2804,12,1570.280395,25570.280395,-0.0,TIE,2.97,81,24050,"{""stall_epochs"": 20}",RCdp102_copts_s25_20260916-144006_wc60_30s
wc60_30s,copts,rcdp102,WC,26,60.0,12,1570.2804,25570.2804,12,1570.280395,25570.280395,-0.0,TIE,3.72,81,24150,"{""stall_epochs"": 20}",RCdp102_copts_s26_20260916-144106_wc60_30s
wc60_30s,copts,rcdp102,WC,27,60.0,12,1570.2804,25570.2804,12,1570.280395,25570.280395,-0.0,TIE,2.98,81,24200,"{""stall_epochs"": 20}",RCdp102_copts_s27_20260916-144206_wc60_30s
wc60_30s,copts,rcdp102,WC,28,60.0,12,1570.2804,25570.2804,12,1570.280395,25570.280395,-0.0,TIE,5.26,80,24000,"{""stall_epochs"": 20}",RCdp102_copts_s28_20260916-144306_wc60_30s
wc60_30s,copts,rcdp102,WC,29,60.0,12,1570.2804,25570.2804,12,1570.280395,25570.280395,-0.0,TIE,3.7,81,24150,"{""stall_epochs"": 20}",RCdp102_copts_s29_20260916-144406_wc60_30s
wc60_30s,copts,rcdp102,WC,30,60.0,12,1570.2804,25570.2804,12,1570.280395,25570.280395,-0.0,TIE,2.95,81,24150,"{""stall_epochs"": 20}",RCdp102_copts_s30_20260916-144507_wc60_30s
wc60_30s,copts,rcdp103,WC,1,60.0,11,1282.5279,23282.5279,11,1282.527877,23282.527877,-0.0,TIE,5.21,58,17150,"{""stall_epochs"": 20}",RCdp103_copts_s1_20260916-144607_wc60_30s
wc60_30s,copts,rcdp103,WC,2,60.0,11,1282.5279,23282.5279,11,1282.527877,23282.527877,-0.0,TIE,3.1,58,17150,"{""stall_epochs"": 20}",RCdp103_copts_s2_20260916-144707_wc60_30s
wc60_30s,copts,rcdp103,WC,3,60.0,11,1282.5279,23282.5279,11,1282.527877,23282.527877,-0.0,TIE,3.09,57,17100,"{""stall_epochs"": 20}",RCdp103_copts_s3_20260916-144807_wc60_30s
wc60_30s,copts,rcdp103,WC,4,60.0,11,1282.5279,23282.5279,11,1282.527877,23282.527877,-0.0,TIE,4.23,57,17050,"{""stall_epochs"": 20}",RCdp103_copts_s4_20260916-144907_wc60_30s
wc60_30s,copts,rcdp103,WC,5,60.0,11,1282.5279,23282.5279,11,1282.527877,23282.527877,-0.0,TIE,4.23,57,16850,"{""stall_epochs"": 20}",RCdp103_copts_s5_20260916-145008_wc60_30s
wc60_30s,copts,rcdp103,WC,6,60.0,11,1282.5279,23282.5279,11,1282.527877,23282.527877,-0.0,TIE,6.29,58,17150,"{""stall_epochs"": 20}",RCdp103_copts_s6_20260916-145108_wc60_30s
wc60_30s,copts,rcdp103,WC,7,60.0,11,1282.5279,23282.5279,11,1282.527877,23282.527877,-0.0,TIE,3.15,57,16850,"{""stall_epochs"": 20}",RCdp103_copts_s7_20260916-145208_wc60_30s
wc60_30s,copts,rcdp103,WC,8,60.0,11,1282.5279,23282.5279,11,1282.527877,23282.527877,-0.0,TIE,6.5,57,16850,"{""stall_epochs"": 20}",RCdp103_copts_s8_20260916-145308_wc60_30s
wc60_30s,copts,rcdp103,WC,9,60.0,11,1282.5279,23282.5279,11,1282.527877,23282.527877,-0.0,TIE,7.51,56,16700,"{""stall_epochs"": 20}",RCdp103_copts_s9_20260916-145408_wc60_30s
wc60_30s,copts,rcdp103,WC,10,60.0,11,1282.5279,23282.5279,11,1282.527877,23282.527877,-0.0,TIE,5.37,57,17100,"{""stall_epochs"": 20}",RCdp103_copts_s10_20260916-145508_wc60_30s
wc60_30s,copts,rcdp103,WC,11,60.0,11,1282.5279,23282.5279,11,1282.527877,23282.527877,-0.0,TIE,5.24,58,17150,"{""stall_epochs"": 20}",RCdp103_copts_s11_20260916-145609_wc60_30s
wc60_30s,copts,rcdp103,WC,12,60.0,11,1282.5279,23282.5279,11,1282.527877,23282.527877,-0.0,TIE,4.14,57,16850,"{""stall_epochs"": 20}",RCdp103_copts_s12_20260916-145709_wc60_30s
wc60_30s,copts,rcdp103,WC,13,60.0,11,1282.5279,23282.5279,11,1282.527877,23282.527877,-0.0,TIE,3.22,56,16750,"{""stall_epochs"": 20}",RCdp103_copts_s13_20260916-145809_wc60_30s
wc60_30s,copts,rcdp103,WC,14,60.0,11,1282.5279,23282.5279,11,1282.527877,23282.527877,-0.0,TIE,4.2,57,17050,"{""stall_epochs"": 20}",RCdp103_copts_s14_20260916-145909_wc60_30s
wc60_30s,copts,rcdp103,WC,15,60.0,11,1282.5279,23282.5279,11,1282.527877,23282.527877,-0.0,TIE,6.33,57,16950,"{""stall_epochs"": 20}",RCdp103_copts_s15_20260916-150009_wc60_30s
wc60_30s,copts,rcdp103,WC,16,60.0,11,1282.5279,23282.5279,11,1282.527877,23282.527877,-0.0,TIE,3.15,57,17100,"{""stall_epochs"": 20}",RCdp103_copts_s16_20260916-150109_wc60_30s
wc60_30s,copts,rcdp103,WC,17,60.0,11,1282.5279,23282.5279,11,1282.527877,23282.527877,-0.0,TIE,6.25,58,17150,"{""stall_epochs"": 20}",RCdp103_copts_s17_20260916-150209_wc60_30s
wc60_30s,copts,rcdp103,WC,18,60.0,11,1282.5279,23282.5279,11,1282.527877,23282.527877,-0.0,TIE,7.37,57,17050,"{""stall_epochs"": 20}",RCdp103_copts_s18_20260916-150310_wc60_30s
wc60_30s,copts,rcdp103,WC,19,60.0,11,1282.5279,23282.5279,11,1282.527877,23282.527877,-0.0,TIE,7.35,57,17100,"{""stall_epochs"": 20}",RCdp103_copts_s19_20260916-150410_wc60_30s
wc60_30s,copts,rcdp103,WC,20,60.0,11,1282.5279,23282.5279,11,1282.527877,23282.527877,-0.0,TIE,2.09,57,17050,"{""stall_epochs"": 20}",RCdp103_copts_s20_20260916-150510_wc60_30s
wc60_30s,copts,rcdp103,WC,21,60.0,11,1282.5279,23282.5279,11,1282.527877,23282.527877,-0.0,TIE,9.61,57,16950,"{""stall_epochs"": 20}",RCdp103_copts_s21_20260916-150610_wc60_30s
wc60_30s,copts,rcdp103,WC,22,60.0,11,1282.5279,23282.5279,11,1282.527877,23282.527877,-0.0,TIE,5.26,57,17100,"{""stall_epochs"": 20}",RCdp103_copts_s22_20260916-150710_wc60_30s
wc60_30s,copts,rcdp103,WC,23,60.0,11,1282.5279,23282.5279,11,1282.527877,23282.527877,-0.0,TIE,5.25,57,16950,"{""stall_epochs"": 20}",RCdp103_copts_s23_20260916-150810_wc60_30s
wc60_30s,copts,rcdp103,WC,24,60.0,11,1282.5279,23282.5279,11,1282.527877,23282.527877,-0.0,TIE,6.28,57,17050,"{""stall_epochs"": 20}",RCdp103_copts_s24_20260916-150911_wc60_30s
wc60_30s,copts,rcdp103,WC,25,60.0,11,1282.5279,23282.5279,11,1282.527877,23282.527877,-0.0,TIE,7.32,57,17000,"{""stall_epochs"": 20}",RCdp103_copts_s25_20260916-151011_wc60_30s
wc60_30s,copts,rcdp103,WC,26,60.0,11,1282.5279,23282.5279,11,1282.527877,23282.527877,-0.0,TIE,5.26,57,17000,"{""stall_epochs"": 20}",RCdp103_copts_s26_20260916-151111_wc60_30s
wc60_30s,copts,rcdp103,WC,27,60.0,11,1282.5279,23282.5279,11,1282.527877,23282.527877,-0.0,TIE,6.29,57,17050,"{""stall_epochs"": 20}",RCdp103_copts_s27_20260916-151211_wc60_30s
wc60_30s,copts,rcdp103,WC,28,60.0,11,1282.5279,23282.5279,11,1282.527877,23282.527877,-0.0,TIE,6.34,57,17000,"{""stall_epochs"": 20}",RCdp103_copts_s28_20260916-151311_wc60_30s
wc60_30s,copts,rcdp103,WC,29,60.0,11,1282.5279,23282.5279,11,1282.527877,23282.527877,-0.0,TIE,4.13,58,17150,"{""stall_epochs"": 20}",RCdp103_copts_s29_20260916-151411_wc60_30s
wc60_30s,copts,rcdp103,WC,30,60.0,11,1282.5279,23282.5279,11,1282.527877,23282.527877,-0.0,TIE,6.32,57,17050,"{""stall_epochs"": 20}",RCdp103_copts_s30_20260916-151513_wc60_30s
wc60_30s,copts,rcdp104,WC,1,60.0,10,1171.3664,21171.3664,10,1171.366445,21171.366445,-0.0,TIE,2.34,50,14900,"{""stall_epochs"": 20}",RCdp104_copts_s1_20260916-151613_wc60_30s
wc60_30s,copts,rcdp104,WC,2,60.0,10,1171.3664,21171.3664,10,1171.366445,21171.366445,-0.0,TIE,2.35,50,14900,"{""stall_epochs"": 20}",RCdp104_copts_s2_20260916-151713_wc60_30s
wc60_30s,copts,rcdp104,WC,3,60.0,10,1171.3664,21171.3664,10,1171.366445,21171.366445,-0.0,TIE,4.88,50,14850,"{""stall_epochs"": 20}",RCdp104_copts_s3_20260916-151813_wc60_30s
wc60_30s,copts,rcdp104,WC,4,60.0,10,1171.3664,21171.3664,10,1171.366445,21171.366445,-0.0,TIE,7.27,50,14850,"{""stall_epochs"": 20}",RCdp104_copts_s4_20260916-151913_wc60_30s
wc60_30s,copts,rcdp104,WC,5,60.0,10,1171.3664,21171.3664,10,1171.366445,21171.366445,-0.0,TIE,4.86,50,14750,"{""stall_epochs"": 20}",RCdp104_copts_s5_20260916-152013_wc60_30s
wc60_30s,copts,rcdp104,WC,6,60.0,10,1171.3664,21171.3664,10,1171.366445,21171.366445,-0.0,TIE,2.39,50,14850,"{""stall_epochs"": 20}",RCdp104_copts_s6_20260916-152113_wc60_30s
wc60_30s,copts,rcdp104,WC,7,60.0,10,1171.3664,21171.3664,10,1171.366445,21171.366445,-0.0,TIE,6.08,50,14750,"{""stall_epochs"": 20}",RCdp104_copts_s7_20260916-152213_wc60_30s
wc60_30s,copts,rcdp104,WC,8,60.0,10,1171.3664,21171.3664,10,1171.366445,21171.366445,-0.0,TIE,4.74,50,14850,"{""stall_epochs"": 20}",RCdp104_copts_s8_20260916-152314_wc60_30s
wc60_30s,copts,rcdp104,WC,9,60.0,10,1171.3664,21171.3664,10,1171.366445,21171.366445,-0.0,TIE,4.77,50,14950,"{""stall_epochs"": 20}",RCdp104_copts_s9_20260916-152414_wc60_30s
wc60_30s,copts,rcdp104,WC,10,60.0,10,1171.3664,21171.3664,10,1171.366445,21171.366445,-0.0,TIE,4.8,50,14750,"{""stall_epochs"": 20}",RCdp104_copts_s10_20260916-152514_wc60_30s
wc60_30s,copts,rcdp104,WC,11,60.0,10,1171.3664,21171.3664,10,1171.366445,21171.366445,-0.0,TIE,3.6,50,14750,"{""stall_epochs"": 20}",RCdp104_copts_s11_20260916-152614_wc60_30s
wc60_30s,copts,rcdp104,WC,12,60.0,10,1171.3664,21171.3664,10,1171.366445,21171.366445,-0.0,TIE,3.57,50,14900,"{""stall_epochs"": 20}",RCdp104_copts_s12_20260916-152714_wc60_30s
wc60_30s,copts,rcdp104,WC,13,60.0,10,1171.3664,21171.3664,10,1171.366445,21171.366445,-0.0,TIE,3.66,50,14850,"{""stall_epochs"": 20}",RCdp104_copts_s13_20260916-152814_wc60_30s
wc60_30s,copts,rcdp104,WC,14,60.0,10,1171.3664,21171.3664,10,1171.366445,21171.366445,-0.0,TIE,4.84,50,14850,"{""stall_epochs"": 20}",RCdp104_copts_s14_20260916-152915_wc60_30s
wc60_30s,copts,rcdp104,WC,15,60.0,10,1171.3664,21171.3664,10,1171.366445,21171.366445,-0.0,TIE,4.82,50,14750,"{""stall_epochs"": 20}",RCdp104_copts_s15_20260916-153015_wc60_30s
wc60_30s,copts,rcdp104,WC,16,60.0,10,1171.3664,21171.3664,10,1171.366445,21171.366445,-0.0,TIE,4.8,50,14850,"{""stall_epochs"": 20}",RCdp104_copts_s16_20260916-153115_wc60_30s
wc60_30s,copts,rcdp104,WC,17,60.0,10,1171.3664,21171.3664,10,1171.366445,21171.366445,-0.0,TIE,6.01,50,14800,"{""stall_epochs"": 20}",RCdp104_copts_s17_20260916-153215_wc60_30s
wc60_30s,copts,rcdp104,WC,18,60.0,10,1171.3664,21171.3664,10,1171.366445,21171.366445,-0.0,TIE,4.82,50,14800,"{""stall_epochs"": 20}",RCdp104_copts_s18_20260916-153315_wc60_30s
wc60_30s,copts,rcdp104,WC,19,60.0,10,1171.3664,21171.3664,10,1171.366445,21171.366445,-0.0,TIE,4.79,50,14850,"{""stall_epochs"": 20}",RCdp104_copts_s19_20260916-153415_wc60_30s
wc60_30s,copts,rcdp104,WC,20,60.0,10,1171.3664,21171.3664,10,1171.366445,21171.366445,-0.0,TIE,4.81,50,14800,"{""stall_epochs"": 20}",RCdp104_copts_s20_20260916-153515_wc60_30s
wc60_30s,copts,rcdp104,WC,21,60.0,10,1171.3664,21171.3664,10,1171.366445,21171.366445,-0.0,TIE,4.8,50,14850,"{""stall_epochs"": 20}",RCdp104_copts_s21_20260916-153615_wc60_30s
wc60_30s,copts,rcdp104,WC,22,60.0,10,1171.3664,21171.3664,10,1171.366445,21171.366445,-0.0,TIE,4.76,50,14900,"{""stall_epochs"": 20}",RCdp104_copts_s22_20260916-153715_wc60_30s
wc60_30s,copts,rcdp104,WC,23,60.0,10,1171.3664,21171.3664,10,1171.366445,21171.366445,-0.0,TIE,2.41,50,14750,"{""stall_epochs"": 20}",RCdp104_copts_s23_20260916-153816_wc60_30s
wc60_30s,copts,rcdp104,WC,24,60.0,10,1171.3664,21171.3664,10,1171.366445,21171.366445,-0.0,TIE,3.6,50,14750,"{""stall_epochs"": 20}",RCdp104_copts_s24_20260916-153916_wc60_30s
wc60_30s,copts,rcdp104,WC,25,60.0,10,1171.3664,21171.3664,10,1171.366445,21171.366445,-0.0,TIE,3.59,50,14800,"{""stall_epochs"": 20}",RCdp104_copts_s25_20260916-154016_wc60_30s
wc60_30s,copts,rcdp104,WC,26,60.0,10,1171.3664,21171.3664,10,1171.366445,21171.366445,-0.0,TIE,6.02,50,14750,"{""stall_epochs"": 20}",RCdp104_copts_s26_20260916-154116_wc60_30s
wc60_30s,copts,rcdp104,WC,27,60.0,10,1171.3664,21171.3664,10,1171.366445,21171.366445,-0.0,TIE,4.76,50,14750,"{""stall_epochs"": 20}",RCdp104_copts_s27_20260916-154216_wc60_30s
wc60_30s,copts,rcdp104,WC,28,60.0,10,1171.3664,21171.3664,10,1171.366445,21171.366445,-0.0,TIE,6.07,50,14750,"{""stall_epochs"": 20}",RCdp104_copts_s28_20260916-154317_wc60_30s
wc60_30s,copts,rcdp104,WC,29,60.0,10,1171.3664,21171.3664,10,1171.366445,21171.366445,-0.0,TIE,4.82,50,14850,"{""stall_epochs"": 20}",RCdp104_copts_s29_20260916-154417_wc60_30s
wc60_30s,copts,rcdp104,WC,30,60.0,10,1171.3664,21171.3664,10,1171.366445,21171.366445,-0.0,TIE,4.83,50,14750,"{""stall_epochs"": 20}",RCdp104_copts_s30_20260916-154517_wc60_30s
wc60_30s,copts,rcdp105,WC,1,60.0,13,1632.2912,27632.2912,13,1632.291239,27632.291239,0.0,TIE,3.23,96,28700,"{""stall_epochs"": 20}",RCdp105_copts_s1_20260916-154617_wc60_30s
wc60_30s,copts,rcdp105,WC,2,60.0,13,1632.2912,27632.2912,13,1632.291239,27632.291239,0.0,TIE,17.63,96,28750,"{""stall_epochs"": 20}",RCdp105_copts_s2_20260916-154717_wc60_30s
wc60_30s,copts,rcdp105,WC,3,60.0,13,1632.2912,27632.2912,13,1632.291239,27632.291239,0.0,TIE,15.76,96,28750,"{""stall_epochs"": 20}",RCdp105_copts_s3_20260916-154817_wc60_30s
wc60_30s,copts,rcdp105,WC,4,60.0,13,1632.2912,27632.2912,13,1632.291239,27632.291239,0.0,TIE,22.64,96,28650,"{""stall_epochs"": 20}",RCdp105_copts_s4_20260916-154917_wc60_30s
wc60_30s,copts,rcdp105,WC,5,60.0,13,1632.2912,27632.2912,13,1632.291239,27632.291239,0.0,TIE,17.13,96,28600,"{""stall_epochs"": 20}",RCdp105_copts_s5_20260916-155017_wc60_30s
wc60_30s,copts,rcdp105,WC,6,60.0,13,1632.2912,27632.2912,13,1632.291239,27632.291239,0.0,TIE,10.12,96,28700,"{""stall_epochs"": 20}",RCdp105_copts_s6_20260916-155117_wc60_30s
wc60_30s,copts,rcdp105,WC,7,60.0,13,1632.2912,27632.2912,13,1632.291239,27632.291239,0.0,TIE,12.83,95,28500,"{""stall_epochs"": 20}",RCdp105_copts_s7_20260916-155217_wc60_30s
wc60_30s,copts,rcdp105,WC,8,60.0,13,1632.2912,27632.2912,13,1632.291239,27632.291239,0.0,TIE,19.74,95,28500,"{""stall_epochs"": 20}",RCdp105_copts_s8_20260916-155317_wc60_30s
wc60_30s,copts,rcdp105,WC,9,60.0,13,1632.2912,27632.2912,13,1632.291239,27632.291239,0.0,TIE,22.13,96,28700,"{""stall_epochs"": 20}",RCdp105_copts_s9_20260916-155417_wc60_30s
wc60_30s,copts,rcdp105,WC,10,60.0,13,1632.2912,27632.2912,13,1632.291239,27632.291239,0.0,TIE,15.23,96,28750,"{""stall_epochs"": 20}",RCdp105_copts_s10_20260916-155518_wc60_30s
wc60_30s,copts,rcdp105,WC,11,60.0,13,1632.2912,27632.2912,13,1632.291239,27632.291239,0.0,TIE,5.77,96,28600,"{""stall_epochs"": 20}",RCdp105_copts_s11_20260916-155618_wc60_30s
wc60_30s,copts,rcdp105,WC,12,60.0,13,1632.2912,27632.2912,13,1632.291239,27632.291239,0.0,TIE,6.43,96,28700,"{""stall_epochs"": 20}",RCdp105_copts_s12_20260916-155718_wc60_30s
wc60_30s,copts,rcdp105,WC,13,60.0,13,1632.2912,27632.2912,13,1632.291239,27632.291239,0.0,TIE,22.23,96,28650,"{""stall_epochs"": 20}",RCdp105_copts_s13_20260916-155818_wc60_30s
wc60_30s,copts,rcdp105,WC,14,60.0,13,1632.2912,27632.2912,13,1632.291239,27632.291239,0.0,TIE,55.6,96,28550,"{""stall_epochs"": 20}",RCdp105_copts_s14_20260916-155918_wc60_30s
wc60_30s,copts,rcdp105,WC,15,60.0,13,1632.2912,27632.2912,13,1632.291239,27632.291239,0.0,TIE,2.55,95,28500,"{""stall_epochs"": 20}",RCdp105_copts_s15_20260916-160018_wc60_30s
wc60_30s,copts,rcdp105,WC,16,60.0,13,1632.2912,27632.2912,13,1632.291239,27632.291239,0.0,TIE,5.09,96,28750,"{""stall_epochs"": 20}",RCdp105_copts_s16_20260916-160118_wc60_30s
wc60_30s,copts,rcdp105,WC,17,60.0,13,1632.2912,27632.2912,13,1632.291239,27632.291239,0.0,TIE,24.78,96,28550,"{""stall_epochs"": 20}",RCdp105_copts_s17_20260916-160218_wc60_30s
wc60_30s,copts,rcdp105,WC,18,60.0,13,1632.2912,27632.2912,13,1632.291239,27632.291239,0.0,TIE,7.02,96,28600,"{""stall_epochs"": 20}",RCdp105_copts_s18_20260916-160318_wc60_30s
wc60_30s,copts,rcdp105,WC,19,60.0,13,1632.2912,27632.2912,13,1632.291239,27632.291239,0.0,TIE,36.14,95,28450,"{""stall_epochs"": 20}",RCdp105_copts_s19_20260916-160418_wc60_30s
wc60_30s,copts,rcdp105,WC,20,60.0,13,1632.2912,27632.2912,13,1632.291239,27632.291239,0.0,TIE,36.18,95,28500,"{""stall_epochs"": 20}",RCdp105_copts_s20_20260916-160519_wc60_30s
wc60_30s,copts,rcdp105,WC,21,60.0,13,1632.2912,27632.2912,13,1632.291239,27632.291239,0.0,TIE,7.69,95,28400,"{""stall_epochs"": 20}",RCdp105_copts_s21_20260916-160619_wc60_30s
wc60_30s,copts,rcdp105,WC,22,60.0,13,1632.2912,27632.2912,13,1632.291239,27632.291239,0.0,TIE,12.95,96,28550,"{""stall_epochs"": 20}",RCdp105_copts_s22_20260916-160719_wc60_30s
wc60_30s,copts,rcdp105,WC,23,60.0,13,1632.2912,27632.2912,13,1632.291239,27632.291239,0.0,TIE,8.24,96,28550,"{""stall_epochs"": 20}",RCdp105_copts_s23_20260916-160819_wc60_30s
wc60_30s,copts,rcdp105,WC,24,60.0,13,1632.2912,27632.2912,13,1632.291239,27632.291239,0.0,TIE,16.57,95,28500,"{""stall_epochs"": 20}",RCdp105_copts_s24_20260916-160919_wc60_30s
wc60_30s,copts,rcdp105,WC,25,60.0,13,1632.2912,27632.2912,13,1632.291239,27632.291239,0.0,TIE,10.24,96,28650,"{""stall_epochs"": 20}",RCdp105_copts_s25_20260916-161019_wc60_30s
wc60_30s,copts,rcdp105,WC,26,60.0,13,1632.2912,27632.2912,13,1632.291239,27632.291239,0.0,TIE,5.79,96,28650,"{""stall_epochs"": 20}",RCdp105_copts_s26_20260916-161119_wc60_30s
wc60_30s,copts,rcdp105,WC,27,60.0,13,1632.2912,27632.2912,13,1632.291239,27632.291239,0.0,TIE,53.08,95,28500,"{""stall_epochs"": 20}",RCdp105_copts_s27_20260916-161219_wc60_30s
wc60_30s,copts,rcdp105,WC,28,60.0,13,1632.2912,27632.2912,13,1632.291239,27632.291239,0.0,TIE,23.94,96,28700,"{""stall_epochs"": 20}",RCdp105_copts_s28_20260916-161319_wc60_30s
wc60_30s,copts,rcdp105,WC,29,60.0,13,1632.2912,27632.2912,13,1632.291239,27632.291239,0.0,TIE,17.04,96,28750,"{""stall_epochs"": 20}",RCdp105_copts_s29_20260916-161419_wc60_30s
wc60_30s,copts,rcdp105,WC,30,60.0,13,1632.2912,27632.2912,13,1632.291239,27632.291239,0.0,TIE,10.17,96,28600,"{""stall_epochs"": 20}",RCdp105_copts_s30_20260916-161519_wc60_30s
wc60_30s,copts,rcdp106,WC,1,60.0,12,1392.4719,25392.4719,12,1392.471942,25392.471942,0.0,TIE,2.6,93,27850,"{""stall_epochs"": 20}",RCdp106_copts_s1_20260916-161620_wc60_30s
wc60_30s,copts,rcdp106,WC,2,60.0,12,1392.4719,25392.4719,12,1392.471942,25392.471942,0.0,TIE,2.63,93,27800,"{""stall_epochs"": 20}",RCdp106_copts_s2_20260916-161720_wc60_30s
wc60_30s,copts,rcdp106,WC,3,60.0,12,1392.4719,25392.4719,12,1392.471942,25392.471942,0.0,TIE,1.98,94,27950,"{""stall_epochs"": 20}",RCdp106_copts_s3_20260916-161820_wc60_30s
wc60_30s,copts,rcdp106,WC,4,60.0,12,1392.4719,25392.4719,12,1392.471942,25392.471942,0.0,TIE,2.59,93,27900,"{""stall_epochs"": 20}",RCdp106_copts_s4_20260916-161920_wc60_30s
wc60_30s,copts,rcdp106,WC,5,60.0,12,1392.4719,25392.4719,12,1392.471942,25392.471942,0.0,TIE,1.32,93,27750,"{""stall_epochs"": 20}",RCdp106_copts_s5_20260916-162020_wc60_30s
wc60_30s,copts,rcdp106,WC,6,60.0,12,1392.4719,25392.4719,12,1392.471942,25392.471942,0.0,TIE,1.97,93,27900,"{""stall_epochs"": 20}",RCdp106_copts_s6_20260916-162120_wc60_30s
wc60_30s,copts,rcdp106,WC,7,60.0,12,1392.4719,25392.4719,12,1392.471942,25392.471942,0.0,TIE,1.98,94,27950,"{""stall_epochs"": 20}",RCdp106_copts_s7_20260916-162220_wc60_30s
wc60_30s,copts,rcdp106,WC,8,60.0,12,1392.4719,25392.4719,12,1392.471942,25392.471942,0.0,TIE,2.61,93,27800,"{""stall_epochs"": 20}",RCdp106_copts_s8_20260916-162320_wc60_30s
wc60_30s,copts,rcdp106,WC,9,60.0,12,1392.4719,25392.4719,12,1392.471942,25392.471942,0.0,TIE,1.98,94,27950,"{""stall_epochs"": 20}",RCdp106_copts_s9_20260916-162420_wc60_30s
wc60_30s,copts,rcdp106,WC,10,60.0,12,1392.4719,25392.4719,12,1392.471942,25392.471942,0.0,TIE,1.31,93,27800,"{""stall_epochs"": 20}",RCdp106_copts_s10_20260916-162520_wc60_30s
wc60_30s,copts,rcdp106,WC,11,60.0,12,1392.4719,25392.4719,12,1392.471942,25392.471942,0.0,TIE,1.99,91,27200,"{""stall_epochs"": 20}",RCdp106_copts_s11_20260916-162620_wc60_30s
wc60_30s,copts,rcdp106,WC,12,60.0,12,1392.4719,25392.4719,12,1392.471942,25392.471942,0.0,TIE,2.03,91,27300,"{""stall_epochs"": 20}",RCdp106_copts_s12_20260916-162721_wc60_30s
wc60_30s,copts,rcdp106,WC,13,60.0,12,1392.4719,25392.4719,12,1392.471942,25392.471942,0.0,TIE,2.64,93,27850,"{""stall_epochs"": 20}",RCdp106_copts_s13_20260916-162821_wc60_30s
wc60_30s,copts,rcdp106,WC,14,60.0,12,1392.4719,25392.4719,12,1392.471942,25392.471942,0.0,TIE,1.32,93,27850,"{""stall_epochs"": 20}",RCdp106_copts_s14_20260916-162921_wc60_30s
wc60_30s,copts,rcdp106,WC,15,60.0,12,1392.4719,25392.4719,12,1392.471942,25392.471942,0.0,TIE,2.01,93,27850,"{""stall_epochs"": 20}",RCdp106_copts_s15_20260916-163021_wc60_30s
wc60_30s,copts,rcdp106,WC,16,60.0,12,1392.4719,25392.4719,12,1392.471942,25392.471942,0.0,TIE,1.95,93,27900,"{""stall_epochs"": 20}",RCdp106_copts_s16_20260916-163121_wc60_30s
wc60_30s,copts,rcdp106,WC,17,60.0,12,1392.4719,25392.4719,12,1392.471942,25392.471942,0.0,TIE,2.6,93,27900,"{""stall_epochs"": 20}",RCdp106_copts_s17_20260916-163221_wc60_30s
wc60_30s,copts,rcdp106,WC,18,60.0,12,1392.4719,25392.4719,12,1392.471942,25392.471942,0.0,TIE,2.61,94,27950,"{""stall_epochs"": 20}",RCdp106_copts_s18_20260916-163321_wc60_30s
wc60_30s,copts,rcdp106,WC,19,60.0,12,1392.4719,25392.4719,12,1392.471942,25392.471942,0.0,TIE,1.95,93,27900,"{""stall_epochs"": 20}",RCdp106_copts_s19_20260916-163421_wc60_30s
wc60_30s,copts,rcdp106,WC,20,60.0,12,1392.4719,25392.4719,12,1392.471942,25392.471942,0.0,TIE,1.98,93,27800,"{""stall_epochs"": 20}",RCdp106_copts_s20_20260916-163521_wc60_30s
wc60_30s,copts,rcdp106,WC,21,60.0,12,1392.4719,25392.4719,12,1392.471942,25392.471942,0.0,TIE,2.63,93,27750,"{""stall_epochs"": 20}",RCdp106_copts_s21_20260916-163622_wc60_30s
wc60_30s,copts,rcdp106,WC,22,60.0,12,1392.4719,25392.4719,12,1392.471942,25392.471942,0.0,TIE,1.3,93,27850,"{""stall_epochs"": 20}",RCdp106_copts_s22_20260916-163722_wc60_30s
wc60_30s,copts,rcdp106,WC,23,60.0,12,1392.4719,25392.4719,12,1392.471942,25392.471942,0.0,TIE,2.59,93,27800,"{""stall_epochs"": 20}",RCdp106_copts_s23_20260916-163822_wc60_30s
wc60_30s,copts,rcdp106,WC,24,60.0,12,1392.4719,25392.4719,12,1392.471942,25392.471942,0.0,TIE,1.31,93,27800,"{""stall_epochs"": 20}",RCdp106_copts_s24_20260916-163922_wc60_30s
wc60_30s,copts,rcdp106,WC,25,60.0,12,1392.4719,25392.4719,12,1392.471942,25392.471942,0.0,TIE,2.62,93,27900,"{""stall_epochs"": 20}",RCdp106_copts_s25_20260916-164022_wc60_30s
wc60_30s,copts,rcdp106,WC,26,60.0,12,1392.4719,25392.4719,12,1392.471942,25392.471942,0.0,TIE,2.63,94,28000,"{""stall_epochs"": 20}",RCdp106_copts_s26_20260916-164122_wc60_30s
wc60_30s,copts,rcdp106,WC,27,60.0,12,1392.4719,25392.4719,12,1392.471942,25392.471942,0.0,TIE,1.96,93,27700,"{""stall_epochs"": 20}",RCdp106_copts_s27_20260916-164222_wc60_30s
wc60_30s,copts,rcdp106,WC,28,60.0,12,1392.4719,25392.4719,12,1392.471942,25392.471942,0.0,TIE,2.59,93,27850,"{""stall_epochs"": 20}",RCdp106_copts_s28_20260916-164322_wc60_30s
wc60_30s,copts,rcdp106,WC,29,60.0,12,1392.4719,25392.4719,12,1392.471942,25392.471942,0.0,TIE,1.94,93,27900,"{""stall_epochs"": 20}",RCdp106_copts_s29_20260916-164422_wc60_30s
wc60_30s,copts,rcdp106,WC,30,60.0,12,1392.4719,25392.4719,12,1392.471942,25392.471942,0.0,TIE,1.34,93,27850,"{""stall_epochs"": 20}",RCdp106_copts_s30_20260916-164522_wc60_30s
wc60_30s,copts,rcdp107,WC,1,60.0,11,1255.0629,23255.0629,11,1252.790063,23252.790063,0.0098,worse,11.57,58,17200,"{""stall_epochs"": 20}",RCdp107_copts_s1_20260916-164623_wc60_30s
wc60_30s,copts,rcdp107,WC,2,60.0,11,1252.7901,23252.7901,11,1252.790063,23252.790063,-0.0,TIE,21.05,58,17200,"{""stall_epochs"": 20}",RCdp107_copts_s2_20260916-164723_wc60_30s
wc60_30s,copts,rcdp107,WC,3,60.0,11,1252.7901,23252.7901,11,1252.790063,23252.790063,-0.0,TIE,15.85,58,17250,"{""stall_epochs"": 20}",RCdp107_copts_s3_20260916-164823_wc60_30s
wc60_30s,copts,rcdp107,WC,4,60.0,11,1252.7901,23252.7901,11,1252.790063,23252.790063,-0.0,TIE,15.87,58,17150,"{""stall_epochs"": 20}",RCdp107_copts_s4_20260916-164923_wc60_30s
wc60_30s,copts,rcdp107,WC,5,60.0,11,1255.0629,23255.0629,11,1252.790063,23252.790063,0.0098,worse,5.23,58,17200,"{""stall_epochs"": 20}",RCdp107_copts_s5_20260916-165023_wc60_30s
wc60_30s,copts,rcdp107,WC,6,60.0,11,1252.7901,23252.7901,11,1252.790063,23252.790063,-0.0,TIE,39.85,58,17150,"{""stall_epochs"": 20}",RCdp107_copts_s6_20260916-165123_wc60_30s
wc60_30s,copts,rcdp107,WC,7,60.0,11,1252.7901,23252.7901,11,1252.790063,23252.790063,-0.0,TIE,10.61,57,17100,"{""stall_epochs"": 20}",RCdp107_copts_s7_20260916-165223_wc60_30s
wc60_30s,copts,rcdp107,WC,8,60.0,11,1252.7901,23252.7901,11,1252.790063,23252.790063,-0.0,TIE,12.75,57,17100,"{""stall_epochs"": 20}",RCdp107_copts_s8_20260916-165323_wc60_30s
wc60_30s,copts,rcdp107,WC,9,60.0,11,1255.0629,23255.0629,11,1252.790063,23252.790063,0.0098,worse,14.77,58,17200,"{""stall_epochs"": 20}",RCdp107_copts_s9_20260916-165423_wc60_30s
wc60_30s,copts,rcdp107,WC,10,60.0,11,1255.0629,23255.0629,11,1252.790063,23252.790063,0.0098,worse,9.5,58,17200,"{""stall_epochs"": 20}",RCdp107_copts_s10_20260916-165523_wc60_30s
wc60_30s,copts,rcdp107,WC,11,60.0,11,1252.7901,23252.7901,11,1252.790063,23252.790063,-0.0,TIE,11.63,57,16850,"{""stall_epochs"": 20}",RCdp107_copts_s11_20260916-165623_wc60_30s
wc60_30s,copts,rcdp107,WC,12,60.0,11,1255.0629,23255.0629,11,1252.790063,23252.790063,0.0098,worse,8.45,58,17200,"{""stall_epochs"": 20}",RCdp107_copts_s12_20260916-165724_wc60_30s
wc60_30s,copts,rcdp107,WC,13,60.0,11,1252.7901,23252.7901,11,1252.790063,23252.790063,-0.0,TIE,20.0,58,17200,"{""stall_epochs"": 20}",RCdp107_copts_s13_20260916-165824_wc60_30s
wc60_30s,copts,rcdp107,WC,14,60.0,11,1252.7901,23252.7901,11,1252.790063,23252.790063,-0.0,TIE,34.6,58,17200,"{""stall_epochs"": 20}",RCdp107_copts_s14_20260916-165924_wc60_30s
wc60_30s,copts,rcdp107,WC,15,60.0,11,1255.0629,23255.0629,11,1252.790063,23252.790063,0.0098,worse,11.74,58,17150,"{""stall_epochs"": 20}",RCdp107_copts_s15_20260916-170024_wc60_30s
wc60_30s,copts,rcdp107,WC,16,60.0,11,1252.7901,23252.7901,11,1252.790063,23252.790063,-0.0,TIE,19.9,58,17200,"{""stall_epochs"": 20}",RCdp107_copts_s16_20260916-170124_wc60_30s
wc60_30s,copts,rcdp107,WC,17,60.0,11,1255.0629,23255.0629,11,1252.790063,23252.790063,0.0098,worse,7.43,58,17150,"{""stall_epochs"": 20}",RCdp107_copts_s17_20260916-170224_wc60_30s
wc60_30s,copts,rcdp107,WC,18,60.0,11,1252.7901,23252.7901,11,1252.790063,23252.790063,-0.0,TIE,19.01,58,17200,"{""stall_epochs"": 20}",RCdp107_copts_s18_20260916-170324_wc60_30s
wc60_30s,copts,rcdp107,WC,19,60.0,11,1255.0629,23255.0629,11,1252.790063,23252.790063,0.0098,worse,10.55,58,17150,"{""stall_epochs"": 20}",RCdp107_copts_s19_20260916-170424_wc60_30s
wc60_30s,copts,rcdp107,WC,20,60.0,11,1252.7901,23252.7901,11,1252.790063,23252.790063,-0.0,TIE,28.34,58,17200,"{""stall_epochs"": 20}",RCdp107_copts_s20_20260916-170525_wc60_30s
wc60_30s,copts,rcdp107,WC,21,60.0,11,1255.0629,23255.0629,11,1252.790063,23252.790063,0.0098,worse,9.63,57,17100,"{""stall_epochs"": 20}",RCdp107_copts_s21_20260916-170625_wc60_30s
wc60_30s,copts,rcdp107,WC,22,60.0,11,1255.0629,23255.0629,11,1252.790063,23252.790063,0.0098,worse,10.59,58,17150,"{""stall_epochs"": 20}",RCdp107_copts_s22_20260916-170725_wc60_30s
wc60_30s,copts,rcdp107,WC,23,60.0,11,1252.7901,23252.7901,11,1252.790063,23252.790063,-0.0,TIE,17.0,57,17100,"{""stall_epochs"": 20}",RCdp107_copts_s23_20260916-170825_wc60_30s
wc60_30s,copts,rcdp107,WC,24,60.0,11,1252.7901,23252.7901,11,1252.790063,23252.790063,-0.0,TIE,17.07,57,17050,"{""stall_epochs"": 20}",RCdp107_copts_s24_20260916-170925_wc60_30s
wc60_30s,copts,rcdp107,WC,25,60.0,11,1252.7901,23252.7901,11,1252.790063,23252.790063,-0.0,TIE,11.64,57,17100,"{""stall_epochs"": 20}",RCdp107_copts_s25_20260916-171025_wc60_30s
wc60_30s,copts,rcdp107,WC,26,60.0,11,1252.7901,23252.7901,11,1252.790063,23252.790063,-0.0,TIE,35.78,58,17150,"{""stall_epochs"": 20}",RCdp107_copts_s26_20260916-171125_wc60_30s
wc60_30s,copts,rcdp107,WC,27,60.0,11,1255.0629,23255.0629,11,1252.790063,23252.790063,0.0098,worse,6.37,58,17200,"{""stall_epochs"": 20}",RCdp107_copts_s27_20260916-171225_wc60_30s
wc60_30s,copts,rcdp107,WC,28,60.0,11,1255.0629,23255.0629,11,1252.790063,23252.790063,0.0098,worse,8.51,58,17150,"{""stall_epochs"": 20}",RCdp107_copts_s28_20260916-171326_wc60_30s
wc60_30s,copts,rcdp107,WC,29,60.0,11,1255.0629,23255.0629,11,1252.790063,23252.790063,0.0098,worse,4.22,58,17200,"{""stall_epochs"": 20}",RCdp107_copts_s29_20260916-171426_wc60_30s
wc60_30s,copts,rcdp107,WC,30,60.0,11,1252.7901,23252.7901,11,1252.790063,23252.790063,-0.0,TIE,14.81,58,17150,"{""stall_epochs"": 20}",RCdp107_copts_s30_20260916-171526_wc60_30s
wc60_30s,copts,rcdp108,WC,1,60.0,10,1177.9846,21177.9846,10,1177.984574,21177.984574,0.0,TIE,14.95,48,14300,"{""stall_epochs"": 20}",RCdp108_copts_s1_20260916-171626_wc60_30s
wc60_30s,copts,rcdp108,WC,2,60.0,10,1177.9846,21177.9846,10,1177.984574,21177.984574,0.0,TIE,11.25,48,14300,"{""stall_epochs"": 20}",RCdp108_copts_s2_20260916-171726_wc60_30s
wc60_30s,copts,rcdp108,WC,3,60.0,10,1177.9846,21177.9846,10,1177.984574,21177.984574,0.0,TIE,11.24,48,14350,"{""stall_epochs"": 20}",RCdp108_copts_s3_20260916-171826_wc60_30s
wc60_30s,copts,rcdp108,WC,4,60.0,10,1177.9846,21177.9846,10,1177.984574,21177.984574,0.0,TIE,4.96,48,14250,"{""stall_epochs"": 20}",RCdp108_copts_s4_20260916-171926_wc60_30s
wc60_30s,copts,rcdp108,WC,5,60.0,10,1177.9846,21177.9846,10,1177.984574,21177.984574,0.0,TIE,13.78,48,14300,"{""stall_epochs"": 20}",RCdp108_copts_s5_20260916-172026_wc60_30s
wc60_30s,copts,rcdp108,WC,6,60.0,10,1177.9846,21177.9846,10,1177.984574,21177.984574,0.0,TIE,8.7,48,14250,"{""stall_epochs"": 20}",RCdp108_copts_s6_20260916-172126_wc60_30s
wc60_30s,copts,rcdp108,WC,7,60.0,10,1177.9846,21177.9846,10,1177.984574,21177.984574,0.0,TIE,10.06,48,14300,"{""stall_epochs"": 20}",RCdp108_copts_s7_20260916-172227_wc60_30s
wc60_30s,copts,rcdp108,WC,8,60.0,10,1177.9846,21177.9846,10,1177.984574,21177.984574,0.0,TIE,12.53,48,14300,"{""stall_epochs"": 20}",RCdp108_copts_s8_20260916-172327_wc60_30s
wc60_30s,copts,rcdp108,WC,9,60.0,10,1177.9846,21177.9846,10,1177.984574,21177.984574,0.0,TIE,9.97,48,14350,"{""stall_epochs"": 20}",RCdp108_copts_s9_20260916-172427_wc60_30s
wc60_30s,copts,rcdp108,WC,10,60.0,10,1177.9846,21177.9846,10,1177.984574,21177.984574,0.0,TIE,11.21,48,14300,"{""stall_epochs"": 20}",RCdp108_copts_s10_20260916-172527_wc60_30s
wc60_30s,copts,rcdp108,WC,11,60.0,10,1177.9846,21177.9846,10,1177.984574,21177.984574,0.0,TIE,10.04,48,14150,"{""stall_epochs"": 20}",RCdp108_copts_s11_20260916-172627_wc60_30s
wc60_30s,copts,rcdp108,WC,12,60.0,10,1177.9846,21177.9846,10,1177.984574,21177.984574,0.0,TIE,8.73,48,14350,"{""stall_epochs"": 20}",RCdp108_copts_s12_20260916-172727_wc60_30s
wc60_30s,copts,rcdp108,WC,13,60.0,10,1177.9846,21177.9846,10,1177.984574,21177.984574,0.0,TIE,8.81,48,14200,"{""stall_epochs"": 20}",RCdp108_copts_s13_20260916-172828_wc60_30s
wc60_30s,copts,rcdp108,WC,14,60.0,10,1177.9846,21177.9846,10,1177.984574,21177.984574,0.0,TIE,9.96,48,14350,"{""stall_epochs"": 20}",RCdp108_copts_s14_20260916-172928_wc60_30s
wc60_30s,copts,rcdp108,WC,15,60.0,10,1177.9846,21177.9846,10,1177.984574,21177.984574,0.0,TIE,11.32,48,14300,"{""stall_epochs"": 20}",RCdp108_copts_s15_20260916-173028_wc60_30s
wc60_30s,copts,rcdp108,WC,16,60.0,10,1177.9846,21177.9846,10,1177.984574,21177.984574,0.0,TIE,14.99,48,14350,"{""stall_epochs"": 20}",RCdp108_copts_s16_20260916-173128_wc60_30s
wc60_30s,copts,rcdp108,WC,17,60.0,10,1177.9846,21177.9846,10,1177.984574,21177.984574,0.0,TIE,7.47,48,14300,"{""stall_epochs"": 20}",RCdp108_copts_s17_20260916-173228_wc60_30s
wc60_30s,copts,rcdp108,WC,18,60.0,10,1177.9846,21177.9846,10,1177.984574,21177.984574,0.0,TIE,16.25,48,14300,"{""stall_epochs"": 20}",RCdp108_copts_s18_20260916-173328_wc60_30s
wc60_30s,copts,rcdp108,WC,19,60.0,10,1177.9846,21177.9846,10,1177.984574,21177.984574,0.0,TIE,13.71,48,14350,"{""stall_epochs"": 20}",RCdp108_copts_s19_20260916-173428_wc60_30s
wc60_30s,copts,rcdp108,WC,20,60.0,10,1177.9846,21177.9846,10,1177.984574,21177.984574,0.0,TIE,8.72,48,14350,"{""stall_epochs"": 20}",RCdp108_copts_s20_20260916-173529_wc60_30s
wc60_30s,copts,rcdp108,WC,21,60.0,10,1177.9846,21177.9846,10,1177.984574,21177.984574,0.0,TIE,15.0,48,14300,"{""stall_epochs"": 20}",RCdp108_copts_s21_20260916-173629_wc60_30s
wc60_30s,copts,rcdp108,WC,22,60.0,10,1177.9846,21177.9846,10,1177.984574,21177.984574,0.0,TIE,18.69,48,14400,"{""stall_epochs"": 20}",RCdp108_copts_s22_20260916-173729_wc60_30s
wc60_30s,copts,rcdp108,WC,23,60.0,10,1177.9846,21177.9846,10,1177.984574,21177.984574,0.0,TIE,7.53,48,14300,"{""stall_epochs"": 20}",RCdp108_copts_s23_20260916-173829_wc60_30s
wc60_30s,copts,rcdp108,WC,24,60.0,10,1177.9846,21177.9846,10,1177.984574,21177.984574,0.0,TIE,18.89,48,14250,"{""stall_epochs"": 20}",RCdp108_copts_s24_20260916-173929_wc60_30s
wc60_30s,copts,rcdp108,WC,25,60.0,10,1177.9846,21177.9846,10,1177.984574,21177.984574,0.0,TIE,7.48,48,14250,"{""stall_epochs"": 20}",RCdp108_copts_s25_20260916-174029_wc60_30s
wc60_30s,copts,rcdp108,WC,26,60.0,10,1177.9846,21177.9846,10,1177.984574,21177.984574,0.0,TIE,8.73,48,14250,"{""stall_epochs"": 20}",RCdp108_copts_s26_20260916-174129_wc60_30s
wc60_30s,copts,rcdp108,WC,27,60.0,10,1177.9846,21177.9846,10,1177.984574,21177.984574,0.0,TIE,8.78,48,14300,"{""stall_epochs"": 20}",RCdp108_copts_s27_20260916-174229_wc60_30s
wc60_30s,copts,rcdp108,WC,28,60.0,10,1177.9846,21177.9846,10,1177.984574,21177.984574,0.0,TIE,16.28,48,14250,"{""stall_epochs"": 20}",RCdp108_copts_s28_20260916-174329_wc60_30s
wc60_30s,copts,rcdp108,WC,29,60.0,10,1177.9846,21177.9846,10,1177.984574,21177.984574,0.0,TIE,25.22,48,14300,"{""stall_epochs"": 20}",RCdp108_copts_s29_20260916-174429_wc60_30s
wc60_30s,copts,rcdp108,WC,30,60.0,10,1177.9846,21177.9846,10,1177.984574,21177.984574,0.0,TIE,17.45,48,14300,"{""stall_epochs"": 20}",RCdp108_copts_s30_20260916-174530_wc60_30s
wc60_30s,copts,rcdp201,WC,1,60.0,4,1406.9401,9406.9401,4,1406.940088,9406.940088,-0.0,TIE,1.75,102,30400,"{""stall_epochs"": 20}",RCdp201_copts_s1_20260916-174630_wc60_30s
wc60_30s,copts,rcdp201,WC,2,60.0,4,1406.9401,9406.9401,4,1406.940088,9406.940088,-0.0,TIE,2.95,102,30450,"{""stall_epochs"": 20}",RCdp201_copts_s2_20260916-174730_wc60_30s
wc60_30s,copts,rcdp201,WC,3,60.0,4,1406.9401,9406.9401,4,1406.940088,9406.940088,-0.0,TIE,2.93,102,30450,"{""stall_epochs"": 20}",RCdp201_copts_s3_20260916-174830_wc60_30s
wc60_30s,copts,rcdp201,WC,4,60.0,4,1406.9401,9406.9401,4,1406.940088,9406.940088,-0.0,TIE,2.36,102,30350,"{""stall_epochs"": 20}",RCdp201_copts_s4_20260916-174930_wc60_30s
wc60_30s,copts,rcdp201,WC,5,60.0,4,1406.9401,9406.9401,4,1406.940088,9406.940088,-0.0,TIE,2.34,102,30400,"{""stall_epochs"": 20}",RCdp201_copts_s5_20260916-175030_wc60_30s
wc60_30s,copts,rcdp201,WC,6,60.0,4,1406.9401,9406.9401,4,1406.940088,9406.940088,-0.0,TIE,3.0,101,30300,"{""stall_epochs"": 20}",RCdp201_copts_s6_20260916-175130_wc60_30s
wc60_30s,copts,rcdp201,WC,7,60.0,4,1406.9401,9406.9401,4,1406.940088,9406.940088,-0.0,TIE,1.8,102,30350,"{""stall_epochs"": 20}",RCdp201_copts_s7_20260916-175230_wc60_30s
wc60_30s,copts,rcdp201,WC,8,60.0,4,1406.9401,9406.9401,4,1406.940088,9406.940088,-0.0,TIE,2.37,102,30500,"{""stall_epochs"": 20}",RCdp201_copts_s8_20260916-175330_wc60_30s
wc60_30s,copts,rcdp201,WC,9,60.0,4,1406.9401,9406.9401,4,1406.940088,9406.940088,-0.0,TIE,1.76,102,30450,"{""stall_epochs"": 20}",RCdp201_copts_s9_20260916-175430_wc60_30s
wc60_30s,copts,rcdp201,WC,10,60.0,4,1406.9401,9406.9401,4,1406.940088,9406.940088,-0.0,TIE,1.76,102,30400,"{""stall_epochs"": 20}",RCdp201_copts_s10_20260916-175531_wc60_30s
wc60_30s,copts,rcdp201,WC,11,60.0,4,1406.9401,9406.9401,4,1406.940088,9406.940088,-0.0,TIE,2.97,102,30350,"{""stall_epochs"": 20}",RCdp201_copts_s11_20260916-175631_wc60_30s
wc60_30s,copts,rcdp201,WC,12,60.0,4,1406.9401,9406.9401,4,1406.940088,9406.940088,-0.0,TIE,2.37,102,30450,"{""stall_epochs"": 20}",RCdp201_copts_s12_20260916-175731_wc60_30s
wc60_30s,copts,rcdp201,WC,13,60.0,4,1406.9401,9406.9401,4,1406.940088,9406.940088,-0.0,TIE,2.98,102,30350,"{""stall_epochs"": 20}",RCdp201_copts_s13_20260916-175831_wc60_30s
wc60_30s,copts,rcdp201,WC,14,60.0,4,1406.9401,9406.9401,4,1406.940088,9406.940088,-0.0,TIE,5.35,102,30350,"{""stall_epochs"": 20}",RCdp201_copts_s14_20260916-175931_wc60_30s
wc60_30s,copts,rcdp201,WC,15,60.0,4,1406.9401,9406.9401,4,1406.940088,9406.940088,-0.0,TIE,1.74,102,30350,"{""stall_epochs"": 20}",RCdp201_copts_s15_20260916-180031_wc60_30s
wc60_30s,copts,rcdp201,WC,16,60.0,4,1406.9401,9406.9401,4,1406.940088,9406.940088,-0.0,TIE,2.94,102,30400,"{""stall_epochs"": 20}",RCdp201_copts_s16_20260916-180131_wc60_30s
wc60_30s,copts,rcdp201,WC,17,60.0,4,1406.9401,9406.9401,4,1406.940088,9406.940088,-0.0,TIE,1.77,102,30350,"{""stall_epochs"": 20}",RCdp201_copts_s17_20260916-180231_wc60_30s
wc60_30s,copts,rcdp201,WC,18,60.0,4,1406.9401,9406.9401,4,1406.940088,9406.940088,-0.0,TIE,1.74,101,30050,"{""stall_epochs"": 20}",RCdp201_copts_s18_20260916-180331_wc60_30s
wc60_30s,copts,rcdp201,WC,19,60.0,4,1406.9401,9406.9401,4,1406.940088,9406.940088,-0.0,TIE,2.96,102,30500,"{""stall_epochs"": 20}",RCdp201_copts_s19_20260916-180431_wc60_30s
wc60_30s,copts,rcdp201,WC,20,60.0,4,1406.9401,9406.9401,4,1406.940088,9406.940088,-0.0,TIE,1.77,101,30300,"{""stall_epochs"": 20}",RCdp201_copts_s20_20260916-180531_wc60_30s
wc60_30s,copts,rcdp201,WC,21,60.0,4,1406.9401,9406.9401,4,1406.940088,9406.940088,-0.0,TIE,1.74,101,30250,"{""stall_epochs"": 20}",RCdp201_copts_s21_20260916-180632_wc60_30s
wc60_30s,copts,rcdp201,WC,22,60.0,4,1406.9401,9406.9401,4,1406.940088,9406.940088,-0.0,TIE,3.01,101,30250,"{""stall_epochs"": 20}",RCdp201_copts_s22_20260916-180732_wc60_30s
wc60_30s,copts,rcdp201,WC,23,60.0,4,1406.9401,9406.9401,4,1406.940088,9406.940088,-0.0,TIE,2.37,101,30250,"{""stall_epochs"": 20}",RCdp201_copts_s23_20260916-180832_wc60_30s
wc60_30s,copts,rcdp201,WC,24,60.0,4,1406.9401,9406.9401,4,1406.940088,9406.940088,-0.0,TIE,2.99,102,30350,"{""stall_epochs"": 20}",RCdp201_copts_s24_20260916-180932_wc60_30s
wc60_30s,copts,rcdp201,WC,25,60.0,4,1406.9401,9406.9401,4,1406.940088,9406.940088,-0.0,TIE,2.94,102,30500,"{""stall_epochs"": 20}",RCdp201_copts_s25_20260916-181032_wc60_30s
wc60_30s,copts,rcdp201,WC,26,60.0,4,1406.9401,9406.9401,4,1406.940088,9406.940088,-0.0,TIE,2.94,102,30450,"{""stall_epochs"": 20}",RCdp201_copts_s26_20260916-181132_wc60_30s
wc60_30s,copts,rcdp201,WC,27,60.0,4,1406.9401,9406.9401,4,1406.940088,9406.940088,-0.0,TIE,1.79,102,30350,"{""stall_epochs"": 20}",RCdp201_copts_s27_20260916-181232_wc60_30s
wc60_30s,copts,rcdp201,WC,28,60.0,4,1406.9401,9406.9401,4,1406.940088,9406.940088,-0.0,TIE,2.99,101,30300,"{""stall_epochs"": 20}",RCdp201_copts_s28_20260916-181332_wc60_30s
wc60_30s,copts,rcdp201,WC,29,60.0,4,1406.9401,9406.9401,4,1406.940088,9406.940088,-0.0,TIE,2.37,102,30400,"{""stall_epochs"": 20}",RCdp201_copts_s29_20260916-181432_wc60_30s
wc60_30s,copts,rcdp201,WC,30,60.0,4,1406.9401,9406.9401,4,1406.940088,9406.940088,-0.0,TIE,2.96,102,30350,"{""stall_epochs"": 20}",RCdp201_copts_s30_20260916-181532_wc60_30s
wc60_30s,copts,rcdp202,WC,1,60.0,3,1365.645,7365.645,3,1365.645031,7365.645031,0.0,TIE,6.82,44,13100,"{""stall_epochs"": 20}",RCdp202_copts_s1_20260916-181632_wc60_30s
wc60_30s,copts,rcdp202,WC,2,60.0,3,1365.645,7365.645,3,1365.645031,7365.645031,0.0,TIE,8.19,44,13100,"{""stall_epochs"": 20}",RCdp202_copts_s2_20260916-181732_wc60_30s
wc60_30s,copts,rcdp202,WC,3,60.0,3,1365.645,7365.645,3,1365.645031,7365.645031,0.0,TIE,6.81,44,13150,"{""stall_epochs"": 20}",RCdp202_copts_s3_20260916-181832_wc60_30s
wc60_30s,copts,rcdp202,WC,4,60.0,3,1365.645,7365.645,3,1365.645031,7365.645031,0.0,TIE,8.22,44,13100,"{""stall_epochs"": 20}",RCdp202_copts_s4_20260916-181933_wc60_30s
wc60_30s,copts,rcdp202,WC,5,60.0,3,1365.645,7365.645,3,1365.645031,7365.645031,0.0,TIE,2.66,44,13050,"{""stall_epochs"": 20}",RCdp202_copts_s5_20260916-182033_wc60_30s
wc60_30s,copts,rcdp202,WC,6,60.0,3,1365.645,7365.645,3,1365.645031,7365.645031,0.0,TIE,5.39,44,13150,"{""stall_epochs"": 20}",RCdp202_copts_s6_20260916-182133_wc60_30s
wc60_30s,copts,rcdp202,WC,7,60.0,3,1365.645,7365.645,3,1365.645031,7365.645031,0.0,TIE,5.47,44,13100,"{""stall_epochs"": 20}",RCdp202_copts_s7_20260916-182233_wc60_30s
wc60_30s,copts,rcdp202,WC,8,60.0,3,1365.645,7365.645,3,1365.645031,7365.645031,0.0,TIE,5.41,44,13000,"{""stall_epochs"": 20}",RCdp202_copts_s8_20260916-182333_wc60_30s
wc60_30s,copts,rcdp202,WC,9,60.0,3,1365.645,7365.645,3,1365.645031,7365.645031,0.0,TIE,6.85,44,13050,"{""stall_epochs"": 20}",RCdp202_copts_s9_20260916-182433_wc60_30s
wc60_30s,copts,rcdp202,WC,10,60.0,3,1365.645,7365.645,3,1365.645031,7365.645031,0.0,TIE,6.85,44,13100,"{""stall_epochs"": 20}",RCdp202_copts_s10_20260916-182533_wc60_30s
wc60_30s,copts,rcdp202,WC,11,60.0,3,1365.645,7365.645,3,1365.645031,7365.645031,0.0,TIE,4.0,44,13100,"{""stall_epochs"": 20}",RCdp202_copts_s11_20260916-182633_wc60_30s
wc60_30s,copts,rcdp202,WC,12,60.0,3,1365.645,7365.645,3,1365.645031,7365.645031,0.0,TIE,5.4,44,13100,"{""stall_epochs"": 20}",RCdp202_copts_s12_20260916-182734_wc60_30s
wc60_30s,copts,rcdp202,WC,13,60.0,3,1365.645,7365.645,3,1365.645031,7365.645031,0.0,TIE,9.59,44,13050,"{""stall_epochs"": 20}",RCdp202_copts_s13_20260916-182834_wc60_30s
wc60_30s,copts,rcdp202,WC,14,60.0,3,1365.645,7365.645,3,1365.645031,7365.645031,0.0,TIE,5.36,44,13150,"{""stall_epochs"": 20}",RCdp202_copts_s14_20260916-182934_wc60_30s
wc60_30s,copts,rcdp202,WC,15,60.0,3,1365.645,7365.645,3,1365.645031,7365.645031,0.0,TIE,4.06,44,13050,"{""stall_epochs"": 20}",RCdp202_copts_s15_20260916-183034_wc60_30s
wc60_30s,copts,rcdp202,WC,16,60.0,3,1365.645,7365.645,3,1365.645031,7365.645031,0.0,TIE,5.44,44,13050,"{""stall_epochs"": 20}",RCdp202_copts_s16_20260916-183134_wc60_30s
wc60_30s,copts,rcdp202,WC,17,60.0,3,1365.645,7365.645,3,1365.645031,7365.645031,0.0,TIE,4.03,44,13150,"{""stall_epochs"": 20}",RCdp202_copts_s17_20260916-183234_wc60_30s
wc60_30s,copts,rcdp202,WC,18,60.0,3,1365.645,7365.645,3,1365.645031,7365.645031,0.0,TIE,5.44,44,13150,"{""stall_epochs"": 20}",RCdp202_copts_s18_20260916-183334_wc60_30s
wc60_30s,copts,rcdp202,WC,19,60.0,3,1365.645,7365.645,3,1365.645031,7365.645031,0.0,TIE,5.4,44,13100,"{""stall_epochs"": 20}",RCdp202_copts_s19_20260916-183434_wc60_30s
wc60_30s,copts,rcdp202,WC,20,60.0,3,1365.645,7365.645,3,1365.645031,7365.645031,0.0,TIE,5.4,44,13150,"{""stall_epochs"": 20}",RCdp202_copts_s20_20260916-183535_wc60_30s
wc60_30s,copts,rcdp202,WC,21,60.0,3,1365.645,7365.645,3,1365.645031,7365.645031,0.0,TIE,5.41,44,13000,"{""stall_epochs"": 20}",RCdp202_copts_s21_20260916-183635_wc60_30s
wc60_30s,copts,rcdp202,WC,22,60.0,3,1365.645,7365.645,3,1365.645031,7365.645031,0.0,TIE,8.25,44,13100,"{""stall_epochs"": 20}",RCdp202_copts_s22_20260916-183735_wc60_30s
wc60_30s,copts,rcdp202,WC,23,60.0,3,1365.645,7365.645,3,1365.645031,7365.645031,0.0,TIE,5.4,44,13100,"{""stall_epochs"": 20}",RCdp202_copts_s23_20260916-183835_wc60_30s
wc60_30s,copts,rcdp202,WC,24,60.0,3,1365.645,7365.645,3,1365.645031,7365.645031,0.0,TIE,4.01,44,13050,"{""stall_epochs"": 20}",RCdp202_copts_s24_20260916-183935_wc60_30s
wc60_30s,copts,rcdp202,WC,25,60.0,3,1365.645,7365.645,3,1365.645031,7365.645031,0.0,TIE,9.55,44,13100,"{""stall_epochs"": 20}",RCdp202_copts_s25_20260916-184035_wc60_30s
wc60_30s,copts,rcdp202,WC,26,60.0,3,1365.645,7365.645,3,1365.645031,7365.645031,0.0,TIE,4.1,44,13050,"{""stall_epochs"": 20}",RCdp202_copts_s26_20260916-184136_wc60_30s
wc60_30s,copts,rcdp202,WC,27,60.0,3,1365.645,7365.645,3,1365.645031,7365.645031,0.0,TIE,4.06,44,13100,"{""stall_epochs"": 20}",RCdp202_copts_s27_20260916-184236_wc60_30s
wc60_30s,copts,rcdp202,WC,28,60.0,3,1365.645,7365.645,3,1365.645031,7365.645031,0.0,TIE,5.42,44,13100,"{""stall_epochs"": 20}",RCdp202_copts_s28_20260916-184336_wc60_30s
wc60_30s,copts,rcdp202,WC,29,60.0,3,1365.645,7365.645,3,1365.645031,7365.645031,0.0,TIE,8.19,44,13150,"{""stall_epochs"": 20}",RCdp202_copts_s29_20260916-184436_wc60_30s
wc60_30s,copts,rcdp202,WC,30,60.0,3,1365.645,7365.645,3,1365.645031,7365.645031,0.0,TIE,2.7,44,13050,"{""stall_epochs"": 20}",RCdp202_copts_s30_20260916-184536_wc60_30s
wc60_30s,copts,rcdp203,WC,1,60.0,3,1049.6242,7049.6242,3,1049.624237,7049.624237,-0.0,TIE,8.13,30,8800,"{""stall_epochs"": 20}",RCdp203_copts_s1_20260916-184637_wc60_30s
wc60_30s,copts,rcdp203,WC,2,60.0,3,1050.451,7050.451,3,1049.624237,7049.624237,0.0117,worse,36.95,30,8750,"{""stall_epochs"": 20}",RCdp203_copts_s2_20260916-184737_wc60_30s
wc60_30s,copts,rcdp203,WC,3,60.0,3,1050.451,7050.451,3,1049.624237,7049.624237,0.0117,worse,51.11,30,8850,"{""stall_epochs"": 20}",RCdp203_copts_s3_20260916-184837_wc60_30s
wc60_30s,copts,rcdp203,WC,4,60.0,3,1050.451,7050.451,3,1049.624237,7049.624237,0.0117,worse,22.64,30,8750,"{""stall_epochs"": 20}",RCdp203_copts_s4_20260916-184937_wc60_30s
wc60_30s,copts,rcdp203,WC,5,60.0,3,1049.6242,7049.6242,3,1049.624237,7049.624237,-0.0,TIE,20.68,30,8750,"{""stall_epochs"": 20}",RCdp203_copts_s5_20260916-185037_wc60_30s
wc60_30s,copts,rcdp203,WC,6,60.0,3,1049.6242,7049.6242,3,1049.624237,7049.624237,-0.0,TIE,14.26,30,8800,"{""stall_epochs"": 20}",RCdp203_copts_s6_20260916-185138_wc60_30s
wc60_30s,copts,rcdp203,WC,7,60.0,3,1050.451,7050.451,3,1049.624237,7049.624237,0.0117,worse,10.35,30,8750,"{""stall_epochs"": 20}",RCdp203_copts_s7_20260916-185238_wc60_30s
wc60_30s,copts,rcdp203,WC,8,60.0,3,1049.6242,7049.6242,3,1049.624237,7049.624237,-0.0,TIE,16.45,30,8750,"{""stall_epochs"": 20}",RCdp203_copts_s8_20260916-185338_wc60_30s
wc60_30s,copts,rcdp203,WC,9,60.0,3,1049.6242,7049.6242,3,1049.624237,7049.624237,-0.0,TIE,49.22,30,8800,"{""stall_epochs"": 20}",RCdp203_copts_s9_20260916-185438_wc60_30s
wc60_30s,copts,rcdp203,WC,10,60.0,3,1050.451,7050.451,3,1049.624237,7049.624237,0.0117,worse,26.69,30,8750,"{""stall_epochs"": 20}",RCdp203_copts_s10_20260916-185538_wc60_30s
wc60_30s,copts,rcdp203,WC,11,60.0,3,1050.451,7050.451,3,1049.624237,7049.624237,0.0117,worse,8.22,30,8750,"{""stall_epochs"": 20}",RCdp203_copts_s11_20260916-185638_wc60_30s
wc60_30s,copts,rcdp203,WC,12,60.0,3,1049.6242,7049.6242,3,1049.624237,7049.624237,-0.0,TIE,28.75,30,8750,"{""stall_epochs"": 20}",RCdp203_copts_s12_20260916-185739_wc60_30s
wc60_30s,copts,rcdp203,WC,13,60.0,3,1049.6242,7049.6242,3,1049.624237,7049.624237,-0.0,TIE,16.5,30,8750,"{""stall_epochs"": 20}",RCdp203_copts_s13_20260916-185839_wc60_30s
wc60_30s,copts,rcdp203,WC,14,60.0,3,1049.6242,7049.6242,3,1049.624237,7049.624237,-0.0,TIE,57.66,30,8750,"{""stall_epochs"": 20}",RCdp203_copts_s14_20260916-185939_wc60_30s
wc60_30s,copts,rcdp203,WC,15,60.0,3,1049.6242,7049.6242,3,1049.624237,7049.624237,-0.0,TIE,20.66,30,8750,"{""stall_epochs"": 20}",RCdp203_copts_s15_20260916-190039_wc60_30s
wc60_30s,copts,rcdp203,WC,16,60.0,3,1049.6242,7049.6242,3,1049.624237,7049.624237,-0.0,TIE,10.23,30,8750,"{""stall_epochs"": 20}",RCdp203_copts_s16_20260916-190139_wc60_30s
wc60_30s,copts,rcdp203,WC,17,60.0,3,1050.451,7050.451,3,1049.624237,7049.624237,0.0117,worse,6.05,30,8800,"{""stall_epochs"": 20}",RCdp203_copts_s17_20260916-190239_wc60_30s
wc60_30s,copts,rcdp203,WC,18,60.0,3,1049.6242,7049.6242,3,1049.624237,7049.624237,-0.0,TIE,14.38,30,8750,"{""stall_epochs"": 20}",RCdp203_copts_s18_20260916-190340_wc60_30s
wc60_30s,copts,rcdp203,WC,19,60.0,3,1049.6242,7049.6242,3,1049.624237,7049.624237,-0.0,TIE,32.96,30,8750,"{""stall_epochs"": 20}",RCdp203_copts_s19_20260916-190440_wc60_30s
wc60_30s,copts,rcdp203,WC,20,60.0,3,1049.6242,7049.6242,3,1049.624237,7049.624237,-0.0,TIE,22.63,30,8750,"{""stall_epochs"": 20}",RCdp203_copts_s20_20260916-190540_wc60_30s
wc60_30s,copts,rcdp203,WC,21,60.0,3,1049.6242,7049.6242,3,1049.624237,7049.624237,-0.0,TIE,24.73,30,8750,"{""stall_epochs"": 20}",RCdp203_copts_s21_20260916-190640_wc60_30s
wc60_30s,copts,rcdp203,WC,22,60.0,3,1049.6242,7049.6242,3,1049.624237,7049.624237,-0.0,TIE,26.61,30,8750,"{""stall_epochs"": 20}",RCdp203_copts_s22_20260916-190740_wc60_30s
wc60_30s,copts,rcdp203,WC,23,60.0,3,1049.6242,7049.6242,3,1049.624237,7049.624237,-0.0,TIE,39.43,29,8700,"{""stall_epochs"": 20}",RCdp203_copts_s23_20260916-190841_wc60_30s
wc60_30s,copts,rcdp203,WC,24,60.0,3,1050.6351,7050.6351,3,1049.624237,7049.624237,0.0143,worse,8.25,30,8750,"{""stall_epochs"": 20}",RCdp203_copts_s24_20260916-190941_wc60_30s
wc60_30s,copts,rcdp203,WC,25,60.0,3,1050.6351,7050.6351,3,1049.624237,7049.624237,0.0143,worse,6.1,30,8750,"{""stall_epochs"": 20}",RCdp203_copts_s25_20260916-191041_wc60_30s
wc60_30s,copts,rcdp203,WC,26,60.0,3,1049.6242,7049.6242,3,1049.624237,7049.624237,-0.0,TIE,10.37,30,8750,"{""stall_epochs"": 20}",RCdp203_copts_s26_20260916-191141_wc60_30s
wc60_30s,copts,rcdp203,WC,27,60.0,3,1049.6242,7049.6242,3,1049.624237,7049.624237,-0.0,TIE,36.98,30,8750,"{""stall_epochs"": 20}",RCdp203_copts_s27_20260916-191241_wc60_30s
wc60_30s,copts,rcdp203,WC,28,60.0,3,1049.6242,7049.6242,3,1049.624237,7049.624237,-0.0,TIE,10.38,30,8750,"{""stall_epochs"": 20}",RCdp203_copts_s28_20260916-191342_wc60_30s
wc60_30s,copts,rcdp203,WC,29,60.0,3,1049.6242,7049.6242,3,1049.624237,7049.624237,-0.0,TIE,28.73,30,8750,"{""stall_epochs"": 20}",RCdp203_copts_s29_20260916-191442_wc60_30s
wc60_30s,copts,rcdp203,WC,30,60.0,3,1049.6242,7049.6242,3,1049.624237,7049.624237,-0.0,TIE,20.62,29,8700,"{""stall_epochs"": 20}",RCdp203_copts_s30_20260916-191542_wc60_30s
wc60_30s,copts,rcdp204,WC,1,60.0,3,798.4636,6798.4636,3,798.463581,6798.463581,-0.0,TIE,16.45,26,7700,"{""stall_epochs"": 20}",RCdp204_copts_s1_20260916-191642_wc60_30s
wc60_30s,copts,rcdp204,WC,2,60.0,3,798.4636,6798.4636,3,798.463581,6798.463581,-0.0,TIE,54.0,26,7700,"{""stall_epochs"": 20}",RCdp204_copts_s2_20260916-191742_wc60_30s
wc60_30s,copts,rcdp204,WC,3,60.0,3,798.4636,6798.4636,3,798.463581,6798.463581,-0.0,TIE,4.68,26,7700,"{""stall_epochs"": 20}",RCdp204_copts_s3_20260916-191842_wc60_30s
wc60_30s,copts,rcdp204,WC,4,60.0,3,798.4636,6798.4636,3,798.463581,6798.463581,-0.0,TIE,16.54,26,7700,"{""stall_epochs"": 20}",RCdp204_copts_s4_20260916-191943_wc60_30s
wc60_30s,copts,rcdp204,WC,5,60.0,3,798.4636,6798.4636,3,798.463581,6798.463581,-0.0,TIE,9.49,26,7650,"{""stall_epochs"": 20}",RCdp204_copts_s5_20260916-192043_wc60_30s
wc60_30s,copts,rcdp204,WC,6,60.0,3,798.4636,6798.4636,3,798.463581,6798.463581,-0.0,TIE,14.12,26,7700,"{""stall_epochs"": 20}",RCdp204_copts_s6_20260916-192143_wc60_30s
wc60_30s,copts,rcdp204,WC,7,60.0,3,798.4636,6798.4636,3,798.463581,6798.463581,-0.0,TIE,18.87,26,7700,"{""stall_epochs"": 20}",RCdp204_copts_s7_20260916-192243_wc60_30s
wc60_30s,copts,rcdp204,WC,8,60.0,3,798.4636,6798.4636,3,798.463581,6798.463581,-0.0,TIE,11.8,26,7650,"{""stall_epochs"": 20}",RCdp204_copts_s8_20260916-192343_wc60_30s
wc60_30s,copts,rcdp204,WC,9,60.0,3,798.4636,6798.4636,3,798.463581,6798.463581,-0.0,TIE,14.11,26,7700,"{""stall_epochs"": 20}",RCdp204_copts_s9_20260916-192444_wc60_30s
wc60_30s,copts,rcdp204,WC,10,60.0,3,798.4636,6798.4636,3,798.463581,6798.463581,-0.0,TIE,11.76,26,7700,"{""stall_epochs"": 20}",RCdp204_copts_s10_20260916-192544_wc60_30s
wc60_30s,copts,rcdp204,WC,11,60.0,3,798.4636,6798.4636,3,798.463581,6798.463581,-0.0,TIE,14.13,26,7700,"{""stall_epochs"": 20}",RCdp204_copts_s11_20260916-192644_wc60_30s
wc60_30s,copts,rcdp204,WC,12,60.0,3,798.4636,6798.4636,3,798.463581,6798.463581,-0.0,TIE,9.41,26,7700,"{""stall_epochs"": 20}",RCdp204_copts_s12_20260916-192744_wc60_30s
wc60_30s,copts,rcdp204,WC,13,60.0,3,798.4636,6798.4636,3,798.463581,6798.463581,-0.0,TIE,14.14,26,7650,"{""stall_epochs"": 20}",RCdp204_copts_s13_20260916-192844_wc60_30s
wc60_30s,copts,rcdp204,WC,14,60.0,3,798.4636,6798.4636,3,798.463581,6798.463581,-0.0,TIE,18.84,26,7650,"{""stall_epochs"": 20}",RCdp204_copts_s14_20260916-192944_wc60_30s
wc60_30s,copts,rcdp204,WC,15,60.0,3,798.4636,6798.4636,3,798.463581,6798.463581,-0.0,TIE,11.92,26,7650,"{""stall_epochs"": 20}",RCdp204_copts_s15_20260916-193045_wc60_30s
wc60_30s,copts,rcdp204,WC,16,60.0,3,798.4636,6798.4636,3,798.463581,6798.463581,-0.0,TIE,9.44,26,7700,"{""stall_epochs"": 20}",RCdp204_copts_s16_20260916-193145_wc60_30s
wc60_30s,copts,rcdp204,WC,17,60.0,3,798.4636,6798.4636,3,798.463581,6798.463581,-0.0,TIE,11.82,26,7700,"{""stall_epochs"": 20}",RCdp204_copts_s17_20260916-193245_wc60_30s
wc60_30s,copts,rcdp204,WC,18,60.0,3,798.4636,6798.4636,3,798.463581,6798.463581,-0.0,TIE,14.21,26,7700,"{""stall_epochs"": 20}",RCdp204_copts_s18_20260916-193345_wc60_30s
wc60_30s,copts,rcdp204,WC,19,60.0,3,798.4636,6798.4636,3,798.463581,6798.463581,-0.0,TIE,16.5,26,7700,"{""stall_epochs"": 20}",RCdp204_copts_s19_20260916-193446_wc60_30s
wc60_30s,copts,rcdp204,WC,20,60.0,3,798.4636,6798.4636,3,798.463581,6798.463581,-0.0,TIE,14.13,26,7700,"{""stall_epochs"": 20}",RCdp204_copts_s20_20260916-193546_wc60_30s
wc60_30s,copts,rcdp204,WC,21,60.0,3,798.4636,6798.4636,3,798.463581,6798.463581,-0.0,TIE,16.59,26,7650,"{""stall_epochs"": 20}",RCdp204_copts_s21_20260916-193646_wc60_30s
wc60_30s,copts,rcdp204,WC,22,60.0,3,798.4636,6798.4636,3,798.463581,6798.463581,-0.0,TIE,11.78,26,7700,"{""stall_epochs"": 20}",RCdp204_copts_s22_20260916-193746_wc60_30s
wc60_30s,copts,rcdp204,WC,23,60.0,3,798.4636,6798.4636,3,798.463581,6798.463581,-0.0,TIE,9.51,26,7650,"{""stall_epochs"": 20}",RCdp204_copts_s23_20260916-193846_wc60_30s
wc60_30s,copts,rcdp204,WC,24,60.0,3,798.4636,6798.4636,3,798.463581,6798.463581,-0.0,TIE,16.56,26,7650,"{""stall_epochs"": 20}",RCdp204_copts_s24_20260916-193947_wc60_30s
wc60_30s,copts,rcdp204,WC,25,60.0,3,798.4636,6798.4636,3,798.463581,6798.463581,-0.0,TIE,4.75,26,7650,"{""stall_epochs"": 20}",RCdp204_copts_s25_20260916-194047_wc60_30s
wc60_30s,copts,rcdp204,WC,26,60.0,3,798.4636,6798.4636,3,798.463581,6798.463581,-0.0,TIE,9.52,26,7650,"{""stall_epochs"": 20}",RCdp204_copts_s26_20260916-194147_wc60_30s
wc60_30s,copts,rcdp204,WC,27,60.0,3,798.4636,6798.4636,3,798.463581,6798.463581,-0.0,TIE,11.77,26,7700,"{""stall_epochs"": 20}",RCdp204_copts_s27_20260916-194247_wc60_30s
wc60_30s,copts,rcdp204,WC,28,60.0,3,798.4636,6798.4636,3,798.463581,6798.463581,-0.0,TIE,11.94,26,7600,"{""stall_epochs"": 20}",RCdp204_copts_s28_20260916-194347_wc60_30s
wc60_30s,copts,rcdp204,WC,29,60.0,3,798.4636,6798.4636,3,798.463581,6798.463581,-0.0,TIE,14.2,26,7700,"{""stall_epochs"": 20}",RCdp204_copts_s29_20260916-194448_wc60_30s
wc60_30s,copts,rcdp204,WC,30,60.0,3,798.4636,6798.4636,3,798.463581,6798.463581,-0.0,TIE,14.25,26,7650,"{""stall_epochs"": 20}",RCdp204_copts_s30_20260916-194548_wc60_30s
wc60_30s,copts,rcdp205,WC,1,60.0,4,1297.6477,9297.6477,4,1297.647746,9297.647746,0.0,TIE,2.98,62,18400,"{""stall_epochs"": 20}",RCdp205_copts_s1_20260916-194648_wc60_30s
wc60_30s,copts,rcdp205,WC,2,60.0,4,1297.6477,9297.6477,4,1297.647746,9297.647746,0.0,TIE,3.02,62,18450,"{""stall_epochs"": 20}",RCdp205_copts_s2_20260916-194748_wc60_30s
wc60_30s,copts,rcdp205,WC,3,60.0,4,1297.6477,9297.6477,4,1297.647746,9297.647746,0.0,TIE,4.01,62,18450,"{""stall_epochs"": 20}",RCdp205_copts_s3_20260916-194848_wc60_30s
wc60_30s,copts,rcdp205,WC,4,60.0,4,1297.6477,9297.6477,4,1297.647746,9297.647746,0.0,TIE,2.97,62,18500,"{""stall_epochs"": 20}",RCdp205_copts_s4_20260916-194948_wc60_30s
wc60_30s,copts,rcdp205,WC,5,60.0,4,1297.6477,9297.6477,4,1297.647746,9297.647746,0.0,TIE,4.06,62,18400,"{""stall_epochs"": 20}",RCdp205_copts_s5_20260916-195048_wc60_30s
wc60_30s,copts,rcdp205,WC,6,60.0,4,1297.6477,9297.6477,4,1297.647746,9297.647746,0.0,TIE,1.94,62,18450,"{""stall_epochs"": 20}",RCdp205_copts_s6_20260916-195148_wc60_30s
wc60_30s,copts,rcdp205,WC,7,60.0,4,1297.6477,9297.6477,4,1297.647746,9297.647746,0.0,TIE,3.05,61,18300,"{""stall_epochs"": 20}",RCdp205_copts_s7_20260916-195248_wc60_30s
wc60_30s,copts,rcdp205,WC,8,60.0,4,1297.6477,9297.6477,4,1297.647746,9297.647746,0.0,TIE,3.98,62,18400,"{""stall_epochs"": 20}",RCdp205_copts_s8_20260916-195348_wc60_30s
wc60_30s,copts,rcdp205,WC,9,60.0,4,1297.6477,9297.6477,4,1297.647746,9297.647746,0.0,TIE,2.98,62,18500,"{""stall_epochs"": 20}",RCdp205_copts_s9_20260916-195449_wc60_30s
wc60_30s,copts,rcdp205,WC,10,60.0,4,1297.6477,9297.6477,4,1297.647746,9297.647746,0.0,TIE,3.01,62,18550,"{""stall_epochs"": 20}",RCdp205_copts_s10_20260916-195549_wc60_30s
wc60_30s,copts,rcdp205,WC,11,60.0,4,1297.6477,9297.6477,4,1297.647746,9297.647746,0.0,TIE,3.0,62,18600,"{""stall_epochs"": 20}",RCdp205_copts_s11_20260916-195649_wc60_30s
wc60_30s,copts,rcdp205,WC,12,60.0,4,1297.6477,9297.6477,4,1297.647746,9297.647746,0.0,TIE,4.08,62,18600,"{""stall_epochs"": 20}",RCdp205_copts_s12_20260916-195749_wc60_30s
wc60_30s,copts,rcdp205,WC,13,60.0,4,1297.6477,9297.6477,4,1297.647746,9297.647746,0.0,TIE,4.05,62,18550,"{""stall_epochs"": 20}",RCdp205_copts_s13_20260916-195849_wc60_30s
wc60_30s,copts,rcdp205,WC,14,60.0,4,1297.6477,9297.6477,4,1297.647746,9297.647746,0.0,TIE,3.99,62,18450,"{""stall_epochs"": 20}",RCdp205_copts_s14_20260916-195949_wc60_30s
wc60_30s,copts,rcdp205,WC,15,60.0,4,1297.6477,9297.6477,4,1297.647746,9297.647746,0.0,TIE,4.09,62,18350,"{""stall_epochs"": 20}",RCdp205_copts_s15_20260916-200049_wc60_30s
wc60_30s,copts,rcdp205,WC,16,60.0,4,1297.6477,9297.6477,4,1297.647746,9297.647746,0.0,TIE,4.02,62,18400,"{""stall_epochs"": 20}",RCdp205_copts_s16_20260916-200149_wc60_30s
wc60_30s,copts,rcdp205,WC,17,60.0,4,1297.6477,9297.6477,4,1297.647746,9297.647746,0.0,TIE,2.97,62,18450,"{""stall_epochs"": 20}",RCdp205_copts_s17_20260916-200249_wc60_30s
wc60_30s,copts,rcdp205,WC,18,60.0,4,1297.6477,9297.6477,4,1297.647746,9297.647746,0.0,TIE,3.01,62,18450,"{""stall_epochs"": 20}",RCdp205_copts_s18_20260916-200350_wc60_30s
wc60_30s,copts,rcdp205,WC,19,60.0,4,1297.6477,9297.6477,4,1297.647746,9297.647746,0.0,TIE,3.96,62,18400,"{""stall_epochs"": 20}",RCdp205_copts_s19_20260916-200450_wc60_30s
wc60_30s,copts,rcdp205,WC,20,60.0,4,1297.6477,9297.6477,4,1297.647746,9297.647746,0.0,TIE,3.01,62,18350,"{""stall_epochs"": 20}",RCdp205_copts_s20_20260916-200550_wc60_30s
wc60_30s,copts,rcdp205,WC,21,60.0,4,1297.6477,9297.6477,4,1297.647746,9297.647746,0.0,TIE,4.0,62,18400,"{""stall_epochs"": 20}",RCdp205_copts_s21_20260916-200650_wc60_30s
wc60_30s,copts,rcdp205,WC,22,60.0,4,1297.6477,9297.6477,4,1297.647746,9297.647746,0.0,TIE,2.99,62,18450,"{""stall_epochs"": 20}",RCdp205_copts_s22_20260916-200750_wc60_30s
wc60_30s,copts,rcdp205,WC,23,60.0,4,1297.6477,9297.6477,4,1297.647746,9297.647746,0.0,TIE,3.06,61,18300,"{""stall_epochs"": 20}",RCdp205_copts_s23_20260916-200850_wc60_30s
wc60_30s,copts,rcdp205,WC,24,60.0,4,1297.6477,9297.6477,4,1297.647746,9297.647746,0.0,TIE,2.99,62,18400,"{""stall_epochs"": 20}",RCdp205_copts_s24_20260916-200950_wc60_30s
wc60_30s,copts,rcdp205,WC,25,60.0,4,1297.6477,9297.6477,4,1297.647746,9297.647746,0.0,TIE,4.03,62,18450,"{""stall_epochs"": 20}",RCdp205_copts_s25_20260916-201050_wc60_30s
wc60_30s,copts,rcdp205,WC,26,60.0,4,1297.6477,9297.6477,4,1297.647746,9297.647746,0.0,TIE,2.01,62,18450,"{""stall_epochs"": 20}",RCdp205_copts_s26_20260916-201150_wc60_30s
wc60_30s,copts,rcdp205,WC,27,60.0,4,1297.6477,9297.6477,4,1297.647746,9297.647746,0.0,TIE,2.99,62,18450,"{""stall_epochs"": 20}",RCdp205_copts_s27_20260916-201251_wc60_30s
wc60_30s,copts,rcdp205,WC,28,60.0,4,1297.6477,9297.6477,4,1297.647746,9297.647746,0.0,TIE,3.02,62,18450,"{""stall_epochs"": 20}",RCdp205_copts_s28_20260916-201351_wc60_30s
wc60_30s,copts,rcdp205,WC,29,60.0,4,1297.6477,9297.6477,4,1297.647746,9297.647746,0.0,TIE,2.97,62,18550,"{""stall_epochs"": 20}",RCdp205_copts_s29_20260916-201451_wc60_30s
wc60_30s,copts,rcdp205,WC,30,60.0,4,1297.6477,9297.6477,4,1297.647746,9297.647746,0.0,TIE,2.99,62,18500,"{""stall_epochs"": 20}",RCdp205_copts_s30_20260916-201551_wc60_30s
wc60_30s,copts,rcdp206,WC,1,60.0,3,1146.3172,7146.3172,3,1146.317229,7146.317229,0.0,TIE,8.38,51,15050,"{""stall_epochs"": 20}",RCdp206_copts_s1_20260916-201651_wc60_30s
wc60_30s,copts,rcdp206,WC,2,60.0,3,1146.3172,7146.3172,3,1146.317229,7146.317229,0.0,TIE,4.66,51,15150,"{""stall_epochs"": 20}",RCdp206_copts_s2_20260916-201751_wc60_30s
wc60_30s,copts,rcdp206,WC,3,60.0,3,1146.3172,7146.3172,3,1146.317229,7146.317229,0.0,TIE,7.12,51,15100,"{""stall_epochs"": 20}",RCdp206_copts_s3_20260916-201852_wc60_30s
wc60_30s,copts,rcdp206,WC,4,60.0,3,1146.3172,7146.3172,3,1146.317229,7146.317229,0.0,TIE,15.45,51,15100,"{""stall_epochs"": 20}",RCdp206_copts_s4_20260916-201952_wc60_30s
wc60_30s,copts,rcdp206,WC,5,60.0,3,1146.3172,7146.3172,3,1146.317229,7146.317229,0.0,TIE,8.3,51,15050,"{""stall_epochs"": 20}",RCdp206_copts_s5_20260916-202052_wc60_30s
wc60_30s,copts,rcdp206,WC,6,60.0,3,1146.3172,7146.3172,3,1146.317229,7146.317229,0.0,TIE,9.64,51,15050,"{""stall_epochs"": 20}",RCdp206_copts_s6_20260916-202152_wc60_30s
wc60_30s,copts,rcdp206,WC,7,60.0,3,1146.3172,7146.3172,3,1146.317229,7146.317229,0.0,TIE,10.66,51,15050,"{""stall_epochs"": 20}",RCdp206_copts_s7_20260916-202252_wc60_30s
wc60_30s,copts,rcdp206,WC,8,60.0,3,1146.3172,7146.3172,3,1146.317229,7146.317229,0.0,TIE,7.03,51,15100,"{""stall_epochs"": 20}",RCdp206_copts_s8_20260916-202352_wc60_30s
wc60_30s,copts,rcdp206,WC,9,60.0,3,1146.3172,7146.3172,3,1146.317229,7146.317229,0.0,TIE,10.7,51,15100,"{""stall_epochs"": 20}",RCdp206_copts_s9_20260916-202452_wc60_30s
wc60_30s,copts,rcdp206,WC,10,60.0,3,1146.3172,7146.3172,3,1146.317229,7146.317229,0.0,TIE,9.48,50,15000,"{""stall_epochs"": 20}",RCdp206_copts_s10_20260916-202552_wc60_30s
wc60_30s,copts,rcdp206,WC,11,60.0,3,1146.3172,7146.3172,3,1146.317229,7146.317229,0.0,TIE,11.79,50,15000,"{""stall_epochs"": 20}",RCdp206_copts_s11_20260916-202653_wc60_30s
wc60_30s,copts,rcdp206,WC,12,60.0,3,1146.3172,7146.3172,3,1146.317229,7146.317229,0.0,TIE,8.22,51,15100,"{""stall_epochs"": 20}",RCdp206_copts_s12_20260916-202753_wc60_30s
wc60_30s,copts,rcdp206,WC,13,60.0,3,1146.3172,7146.3172,3,1146.317229,7146.317229,0.0,TIE,13.1,50,15000,"{""stall_epochs"": 20}",RCdp206_copts_s13_20260916-202853_wc60_30s
wc60_30s,copts,rcdp206,WC,14,60.0,3,1146.3172,7146.3172,3,1146.317229,7146.317229,0.0,TIE,8.18,51,15150,"{""stall_epochs"": 20}",RCdp206_copts_s14_20260916-202953_wc60_30s
wc60_30s,copts,rcdp206,WC,15,60.0,3,1146.3172,7146.3172,3,1146.317229,7146.317229,0.0,TIE,7.16,51,15050,"{""stall_epochs"": 20}",RCdp206_copts_s15_20260916-203053_wc60_30s
wc60_30s,copts,rcdp206,WC,16,60.0,3,1146.3172,7146.3172,3,1146.317229,7146.317229,0.0,TIE,5.87,51,15050,"{""stall_epochs"": 20}",RCdp206_copts_s16_20260916-203153_wc60_30s
wc60_30s,copts,rcdp206,WC,17,60.0,3,1146.3172,7146.3172,3,1146.317229,7146.317229,0.0,TIE,12.0,50,14950,"{""stall_epochs"": 20}",RCdp206_copts_s17_20260916-203253_wc60_30s
wc60_30s,copts,rcdp206,WC,18,60.0,3,1146.3172,7146.3172,3,1146.317229,7146.317229,0.0,TIE,13.12,51,15050,"{""stall_epochs"": 20}",RCdp206_copts_s18_20260916-203354_wc60_30s
wc60_30s,copts,rcdp206,WC,19,60.0,3,1146.3172,7146.3172,3,1146.317229,7146.317229,0.0,TIE,9.64,51,15050,"{""stall_epochs"": 20}",RCdp206_copts_s19_20260916-203454_wc60_30s
wc60_30s,copts,rcdp206,WC,20,60.0,3,1146.3172,7146.3172,3,1146.317229,7146.317229,0.0,TIE,4.61,51,15050,"{""stall_epochs"": 20}",RCdp206_copts_s20_20260916-203554_wc60_30s
wc60_30s,copts,rcdp206,WC,21,60.0,3,1146.3172,7146.3172,3,1146.317229,7146.317229,0.0,TIE,15.57,51,15050,"{""stall_epochs"": 20}",RCdp206_copts_s21_20260916-203654_wc60_30s
wc60_30s,copts,rcdp206,WC,22,60.0,3,1146.3172,7146.3172,3,1146.317229,7146.317229,0.0,TIE,9.44,50,14950,"{""stall_epochs"": 20}",RCdp206_copts_s22_20260916-203754_wc60_30s
wc60_30s,copts,rcdp206,WC,23,60.0,3,1146.3172,7146.3172,3,1146.317229,7146.317229,0.0,TIE,6.98,51,15050,"{""stall_epochs"": 20}",RCdp206_copts_s23_20260916-203854_wc60_30s
wc60_30s,copts,rcdp206,WC,24,60.0,3,1146.3172,7146.3172,3,1146.317229,7146.317229,0.0,TIE,11.94,50,15000,"{""stall_epochs"": 20}",RCdp206_copts_s24_20260916-203954_wc60_30s
wc60_30s,copts,rcdp206,WC,25,60.0,3,1146.3172,7146.3172,3,1146.317229,7146.317229,0.0,TIE,10.82,51,15100,"{""stall_epochs"": 20}",RCdp206_copts_s25_20260916-204054_wc60_30s
wc60_30s,copts,rcdp206,WC,26,60.0,3,1146.3172,7146.3172,3,1146.317229,7146.317229,0.0,TIE,13.36,51,15050,"{""stall_epochs"": 20}",RCdp206_copts_s26_20260916-204155_wc60_30s
wc60_30s,copts,rcdp206,WC,27,60.0,3,1146.3172,7146.3172,3,1146.317229,7146.317229,0.0,TIE,9.48,51,15150,"{""stall_epochs"": 20}",RCdp206_copts_s27_20260916-204255_wc60_30s
wc60_30s,copts,rcdp206,WC,28,60.0,3,1146.3172,7146.3172,3,1146.317229,7146.317229,0.0,TIE,5.77,51,15100,"{""stall_epochs"": 20}",RCdp206_copts_s28_20260916-204355_wc60_30s
wc60_30s,copts,rcdp206,WC,29,60.0,3,1146.3172,7146.3172,3,1146.317229,7146.317229,0.0,TIE,9.44,51,15100,"{""stall_epochs"": 20}",RCdp206_copts_s29_20260916-204455_wc60_30s
wc60_30s,copts,rcdp206,WC,30,60.0,3,1146.3172,7146.3172,3,1146.317229,7146.317229,0.0,TIE,7.01,51,15100,"{""stall_epochs"": 20}",RCdp206_copts_s30_20260916-204555_wc60_30s
wc60_30s,copts,rcdp207,WC,1,60.0,3,1061.1446,7061.1446,3,1061.144555,7061.144555,0.0,TIE,7.59,32,9500,"{""stall_epochs"": 20}",RCdp207_copts_s1_20260916-204656_wc60_30s
wc60_30s,copts,rcdp207,WC,2,60.0,3,1061.1446,7061.1446,3,1061.144555,7061.144555,0.0,TIE,11.46,32,9450,"{""stall_epochs"": 20}",RCdp207_copts_s2_20260916-204756_wc60_30s
wc60_30s,copts,rcdp207,WC,3,60.0,3,1061.8415,7061.8415,3,1061.144555,7061.144555,0.0099,worse,11.46,32,9450,"{""stall_epochs"": 20}",RCdp207_copts_s3_20260916-204856_wc60_30s
wc60_30s,copts,rcdp207,WC,4,60.0,3,1061.8415,7061.8415,3,1061.144555,7061.144555,0.0099,worse,7.72,32,9400,"{""stall_epochs"": 20}",RCdp207_copts_s4_20260916-204956_wc60_30s
wc60_30s,copts,rcdp207,WC,5,60.0,3,1061.1446,7061.1446,3,1061.144555,7061.144555,0.0,TIE,9.52,32,9450,"{""stall_epochs"": 20}",RCdp207_copts_s5_20260916-205056_wc60_30s
wc60_30s,copts,rcdp207,WC,6,60.0,3,1061.1446,7061.1446,3,1061.144555,7061.144555,0.0,TIE,11.44,32,9450,"{""stall_epochs"": 20}",RCdp207_copts_s6_20260916-205156_wc60_30s
wc60_30s,copts,rcdp207,WC,7,60.0,3,1061.1446,7061.1446,3,1061.144555,7061.144555,0.0,TIE,9.56,32,9500,"{""stall_epochs"": 20}",RCdp207_copts_s7_20260916-205256_wc60_30s
wc60_30s,copts,rcdp207,WC,8,60.0,3,1061.1446,7061.1446,3,1061.144555,7061.144555,0.0,TIE,9.53,32,9450,"{""stall_epochs"": 20}",RCdp207_copts_s8_20260916-205356_wc60_30s
wc60_30s,copts,rcdp207,WC,9,60.0,3,1061.1446,7061.1446,3,1061.144555,7061.144555,0.0,TIE,15.22,32,9500,"{""stall_epochs"": 20}",RCdp207_copts_s9_20260916-205456_wc60_30s
wc60_30s,copts,rcdp207,WC,10,60.0,3,1061.1446,7061.1446,3,1061.144555,7061.144555,0.0,TIE,13.42,32,9450,"{""stall_epochs"": 20}",RCdp207_copts_s10_20260916-205557_wc60_30s
wc60_30s,copts,rcdp207,WC,11,60.0,3,1061.1446,7061.1446,3,1061.144555,7061.144555,0.0,TIE,11.52,32,9400,"{""stall_epochs"": 20}",RCdp207_copts_s11_20260916-205657_wc60_30s
wc60_30s,copts,rcdp207,WC,12,60.0,3,1061.1446,7061.1446,3,1061.144555,7061.144555,0.0,TIE,5.68,32,9450,"{""stall_epochs"": 20}",RCdp207_copts_s12_20260916-205757_wc60_30s
wc60_30s,copts,rcdp207,WC,13,60.0,3,1061.1446,7061.1446,3,1061.144555,7061.144555,0.0,TIE,9.53,32,9450,"{""stall_epochs"": 20}",RCdp207_copts_s13_20260916-205857_wc60_30s
wc60_30s,copts,rcdp207,WC,14,60.0,3,1061.1446,7061.1446,3,1061.144555,7061.144555,0.0,TIE,7.66,32,9400,"{""stall_epochs"": 20}",RCdp207_copts_s14_20260916-205957_wc60_30s
wc60_30s,copts,rcdp207,WC,15,60.0,3,1061.1446,7061.1446,3,1061.144555,7061.144555,0.0,TIE,27.04,32,9350,"{""stall_epochs"": 20}",RCdp207_copts_s15_20260916-210058_wc60_30s
wc60_30s,copts,rcdp207,WC,16,60.0,3,1061.1446,7061.1446,3,1061.144555,7061.144555,0.0,TIE,7.57,32,9500,"{""stall_epochs"": 20}",RCdp207_copts_s16_20260916-210158_wc60_30s
wc60_30s,copts,rcdp207,WC,17,60.0,3,1061.8415,7061.8415,3,1061.144555,7061.144555,0.0099,worse,9.55,32,9450,"{""stall_epochs"": 20}",RCdp207_copts_s17_20260916-210258_wc60_30s
wc60_30s,copts,rcdp207,WC,18,60.0,3,1061.1446,7061.1446,3,1061.144555,7061.144555,0.0,TIE,9.52,32,9450,"{""stall_epochs"": 20}",RCdp207_copts_s18_20260916-210358_wc60_30s
wc60_30s,copts,rcdp207,WC,19,60.0,3,1061.1446,7061.1446,3,1061.144555,7061.144555,0.0,TIE,15.25,32,9450,"{""stall_epochs"": 20}",RCdp207_copts_s19_20260916-210458_wc60_30s
wc60_30s,copts,rcdp207,WC,20,60.0,3,1061.1446,7061.1446,3,1061.144555,7061.144555,0.0,TIE,9.57,32,9400,"{""stall_epochs"": 20}",RCdp207_copts_s20_20260916-210559_wc60_30s
wc60_30s,copts,rcdp207,WC,21,60.0,3,1061.1446,7061.1446,3,1061.144555,7061.144555,0.0,TIE,13.44,32,9400,"{""stall_epochs"": 20}",RCdp207_copts_s21_20260916-210659_wc60_30s
wc60_30s,copts,rcdp207,WC,22,60.0,3,1061.1446,7061.1446,3,1061.144555,7061.144555,0.0,TIE,18.95,32,9500,"{""stall_epochs"": 20}",RCdp207_copts_s22_20260916-210759_wc60_30s
wc60_30s,copts,rcdp207,WC,23,60.0,3,1061.1446,7061.1446,3,1061.144555,7061.144555,0.0,TIE,9.59,32,9450,"{""stall_epochs"": 20}",RCdp207_copts_s23_20260916-210859_wc60_30s
wc60_30s,copts,rcdp207,WC,24,60.0,3,1061.1446,7061.1446,3,1061.144555,7061.144555,0.0,TIE,9.61,32,9400,"{""stall_epochs"": 20}",RCdp207_copts_s24_20260916-211000_wc60_30s
wc60_30s,copts,rcdp207,WC,25,60.0,3,1061.1446,7061.1446,3,1061.144555,7061.144555,0.0,TIE,11.54,32,9450,"{""stall_epochs"": 20}",RCdp207_copts_s25_20260916-211100_wc60_30s
wc60_30s,copts,rcdp207,WC,26,60.0,3,1061.1446,7061.1446,3,1061.144555,7061.144555,0.0,TIE,19.13,32,9400,"{""stall_epochs"": 20}",RCdp207_copts_s26_20260916-211200_wc60_30s
wc60_30s,copts,rcdp207,WC,27,60.0,3,1061.1446,7061.1446,3,1061.144555,7061.144555,0.0,TIE,15.22,32,9500,"{""stall_epochs"": 20}",RCdp207_copts_s27_20260916-211300_wc60_30s
wc60_30s,copts,rcdp207,WC,28,60.0,3,1061.1446,7061.1446,3,1061.144555,7061.144555,0.0,TIE,9.52,32,9450,"{""stall_epochs"": 20}",RCdp207_copts_s28_20260916-211400_wc60_30s
wc60_30s,copts,rcdp207,WC,29,60.0,3,1061.1446,7061.1446,3,1061.144555,7061.144555,0.0,TIE,7.63,32,9450,"{""stall_epochs"": 20}",RCdp207_copts_s29_20260916-211500_wc60_30s
wc60_30s,copts,rcdp207,WC,30,60.0,3,1061.1446,7061.1446,3,1061.144555,7061.144555,0.0,TIE,9.64,32,9350,"{""stall_epochs"": 20}",RCdp207_copts_s30_20260916-211601_wc60_30s
wc60_30s,copts,rcdp208,WC,1,60.0,3,828.1414,6828.1414,3,828.141442,6828.141442,0.0,TIE,46.23,24,7000,"{""stall_epochs"": 20}",RCdp208_copts_s1_20260916-211701_wc60_30s
wc60_30s,copts,rcdp208,WC,2,60.0,3,828.7091,6828.7091,3,828.141442,6828.141442,0.0083,worse,20.49,24,7050,"{""stall_epochs"": 20}",RCdp208_copts_s2_20260916-211801_wc60_30s
wc60_30s,copts,rcdp208,WC,3,60.0,3,828.1414,6828.1414,3,828.141442,6828.141442,0.0,TIE,23.03,24,7100,"{""stall_epochs"": 20}",RCdp208_copts_s3_20260916-211901_wc60_30s
wc60_30s,copts,rcdp208,WC,4,60.0,3,828.7091,6828.7091,3,828.141442,6828.141442,0.0083,worse,5.18,24,7000,"{""stall_epochs"": 20}",RCdp208_copts_s4_20260916-212002_wc60_30s
wc60_30s,copts,rcdp208,WC,5,60.0,3,828.1414,6828.1414,3,828.141442,6828.141442,0.0,TIE,10.34,24,7050,"{""stall_epochs"": 20}",RCdp208_copts_s5_20260916-212102_wc60_30s
wc60_30s,copts,rcdp208,WC,6,60.0,3,828.7091,6828.7091,3,828.141442,6828.141442,0.0083,worse,25.61,24,7050,"{""stall_epochs"": 20}",RCdp208_copts_s6_20260916-212202_wc60_30s
wc60_30s,copts,rcdp208,WC,7,60.0,3,828.7091,6828.7091,3,828.141442,6828.141442,0.0083,worse,5.16,24,6950,"{""stall_epochs"": 20}",RCdp208_copts_s7_20260916-212302_wc60_30s
wc60_30s,copts,rcdp208,WC,8,60.0,3,828.1414,6828.1414,3,828.141442,6828.141442,0.0,TIE,46.18,24,7050,"{""stall_epochs"": 20}",RCdp208_copts_s8_20260916-212403_wc60_30s
wc60_30s,copts,rcdp208,WC,9,60.0,3,828.1414,6828.1414,3,828.141442,6828.141442,0.0,TIE,51.3,24,7050,"{""stall_epochs"": 20}",RCdp208_copts_s9_20260916-212503_wc60_30s
wc60_30s,copts,rcdp208,WC,10,60.0,3,828.7091,6828.7091,3,828.141442,6828.141442,0.0083,worse,41.13,24,7000,"{""stall_epochs"": 20}",RCdp208_copts_s10_20260916-212603_wc60_30s
wc60_30s,copts,rcdp208,WC,11,60.0,3,828.7091,6828.7091,3,828.141442,6828.141442,0.0083,worse,20.73,24,7000,"{""stall_epochs"": 20}",RCdp208_copts_s11_20260916-212703_wc60_30s
wc60_30s,copts,rcdp208,WC,12,60.0,3,828.1414,6828.1414,3,828.141442,6828.141442,0.0,TIE,20.52,24,7050,"{""stall_epochs"": 20}",RCdp208_copts_s12_20260916-212803_wc60_30s
wc60_30s,copts,rcdp208,WC,13,60.0,3,828.1414,6828.1414,3,828.141442,6828.141442,0.0,TIE,10.3,24,7050,"{""stall_epochs"": 20}",RCdp208_copts_s13_20260916-212904_wc60_30s
wc60_30s,copts,rcdp208,WC,14,60.0,3,828.7091,6828.7091,3,828.141442,6828.141442,0.0083,worse,28.15,24,7050,"{""stall_epochs"": 20}",RCdp208_copts_s14_20260916-213004_wc60_30s
wc60_30s,copts,rcdp208,WC,15,60.0,3,828.1414,6828.1414,3,828.141442,6828.141442,0.0,TIE,23.39,24,7000,"{""stall_epochs"": 20}",RCdp208_copts_s15_20260916-213104_wc60_30s
wc60_30s,copts,rcdp208,WC,16,60.0,3,828.1414,6828.1414,3,828.141442,6828.141442,0.0,TIE,23.06,24,7050,"{""stall_epochs"": 20}",RCdp208_copts_s16_20260916-213204_wc60_30s
wc60_30s,copts,rcdp208,WC,17,60.0,3,828.1414,6828.1414,3,828.141442,6828.141442,0.0,TIE,15.45,24,7050,"{""stall_epochs"": 20}",RCdp208_copts_s17_20260916-213305_wc60_30s
wc60_30s,copts,rcdp208,WC,18,60.0,3,828.7091,6828.7091,3,828.141442,6828.141442,0.0083,worse,17.98,24,7000,"{""stall_epochs"": 20}",RCdp208_copts_s18_20260916-213405_wc60_30s
wc60_30s,copts,rcdp208,WC,19,60.0,3,828.1414,6828.1414,3,828.141442,6828.141442,0.0,TIE,60.2,24,7000,"{""stall_epochs"": 20}",RCdp208_copts_s19_20260916-213505_wc60_30s
wc60_30s,copts,rcdp208,WC,20,60.0,3,828.1414,6828.1414,3,828.141442,6828.141442,0.0,TIE,35.92,24,7050,"{""stall_epochs"": 20}",RCdp208_copts_s20_20260916-213606_wc60_30s
wc60_30s,copts,rcdp208,WC,21,60.0,3,828.7091,6828.7091,3,828.141442,6828.141442,0.0083,worse,7.74,24,7000,"{""stall_epochs"": 20}",RCdp208_copts_s21_20260916-213706_wc60_30s
wc60_30s,copts,rcdp208,WC,22,60.0,3,828.1414,6828.1414,3,828.141442,6828.141442,0.0,TIE,38.52,24,7050,"{""stall_epochs"": 20}",RCdp208_copts_s22_20260916-213806_wc60_30s
wc60_30s,copts,rcdp208,WC,23,60.0,3,828.1414,6828.1414,3,828.141442,6828.141442,0.0,TIE,18.1,24,7000,"{""stall_epochs"": 20}",RCdp208_copts_s23_20260916-213906_wc60_30s
wc60_30s,copts,rcdp208,WC,24,60.0,3,828.1414,6828.1414,3,828.141442,6828.141442,0.0,TIE,25.82,24,7000,"{""stall_epochs"": 20}",RCdp208_copts_s24_20260916-214007_wc60_30s
wc60_30s,copts,rcdp208,WC,25,60.0,3,828.7091,6828.7091,3,828.141442,6828.141442,0.0083,worse,10.24,24,7000,"{""stall_epochs"": 20}",RCdp208_copts_s25_20260916-214107_wc60_30s
wc60_30s,copts,rcdp208,WC,26,60.0,3,828.1414,6828.1414,3,828.141442,6828.141442,0.0,TIE,25.59,24,7050,"{""stall_epochs"": 20}",RCdp208_copts_s26_20260916-214207_wc60_30s
wc60_30s,copts,rcdp208,WC,27,60.0,3,828.7091,6828.7091,3,828.141442,6828.141442,0.0083,worse,41.13,24,7050,"{""stall_epochs"": 20}",RCdp208_copts_s27_20260916-214307_wc60_30s
wc60_30s,copts,rcdp208,WC,28,60.0,3,828.1414,6828.1414,3,828.141442,6828.141442,0.0,TIE,51.42,24,7000,"{""stall_epochs"": 20}",RCdp208_copts_s28_20260916-214407_wc60_30s
wc60_30s,copts,rcdp208,WC,29,60.0,3,828.7091,6828.7091,3,828.141442,6828.141442,0.0083,worse,20.63,24,7000,"{""stall_epochs"": 20}",RCdp208_copts_s29_20260916-214508_wc60_30s
wc60_30s,copts,rcdp208,WC,30,60.0,3,828.1414,6828.1414,3,828.141442,6828.141442,0.0,TIE,51.64,24,7000,"{""stall_epochs"": 20}",RCdp208_copts_s30_20260916-214608_wc60_30s
