C:\Users\Admin\AppData\Roaming\Python\Python310\site-packages\cupy\_environment.py:286: UserWarning: CUDA path could not be detected. Set CUDA_PATH environment variable if CuPy fails to load.
  warnings.warn(
[wc60_30s] cdp101 seed=1: M=11 D=976.04 gap=0.0 TIE t_best=0.3s wall=61s
[wc60_30s] cdp101 seed=2: M=11 D=976.04 gap=0.0 TIE t_best=0.3s wall=60s
[wc60_30s] cdp101 seed=3: M=11 D=976.04 gap=0.0 TIE t_best=0.3s wall=60s
[wc60_30s] cdp101 seed=4: M=11 D=976.04 gap=0.0 TIE t_best=0.3s wall=60s
[wc60_30s] cdp101 seed=5: M=11 D=976.04 gap=0.0 TIE t_best=0.3s wall=60s
[wc60_30s] cdp101 seed=6: M=11 D=976.04 gap=0.0 TIE t_best=0.3s wall=60s
[wc60_30s] cdp101 seed=7: M=11 D=976.04 gap=0.0 TIE t_best=0.3s wall=60s
[wc60_30s] cdp101 seed=8: M=11 D=976.04 gap=0.0 TIE t_best=0.3s wall=60s
[wc60_30s] cdp101 seed=9: M=11 D=976.04 gap=0.0 TIE t_best=0.3s wall=60s
[wc60_30s] cdp101 seed=10: M=11 D=976.04 gap=0.0 TIE t_best=0.3s wall=60s
[wc60_30s] cdp101 seed=11: M=11 D=976.04 gap=0.0 TIE t_best=0.3s wall=60s
[wc60_30s] cdp101 seed=12: M=11 D=976.04 gap=0.0 TIE t_best=0.3s wall=60s
[wc60_30s] cdp101 seed=13: M=11 D=976.04 gap=0.0 TIE t_best=0.3s wall=60s
[wc60_30s] cdp101 seed=14: M=11 D=976.04 gap=0.0 TIE t_best=0.3s wall=60s
[wc60_30s] cdp101 seed=15: M=11 D=976.04 gap=0.0 TIE t_best=0.3s wall=60s
[wc60_30s] cdp101 seed=16: M=11 D=976.04 gap=0.0 TIE t_best=0.3s wall=60s
[wc60_30s] cdp101 seed=17: M=11 D=976.04 gap=0.0 TIE t_best=0.3s wall=60s
[wc60_30s] cdp101 seed=18: M=11 D=976.04 gap=0.0 TIE t_best=0.3s wall=60s
[wc60_30s] cdp101 seed=19: M=11 D=976.04 gap=0.0 TIE t_best=0.3s wall=60s
[wc60_30s] cdp101 seed=20: M=11 D=976.04 gap=0.0 TIE t_best=0.3s wall=60s
[wc60_30s] cdp101 seed=21: M=11 D=976.04 gap=0.0 TIE t_best=0.3s wall=60s
[wc60_30s] cdp101 seed=22: M=11 D=976.04 gap=0.0 TIE t_best=0.3s wall=60s
[wc60_30s] cdp101 seed=23: M=11 D=976.04 gap=0.0 TIE t_best=0.3s wall=60s
[wc60_30s] cdp101 seed=24: M=11 D=976.04 gap=0.0 TIE t_best=0.3s wall=60s
[wc60_30s] cdp101 seed=25: M=11 D=976.04 gap=0.0 TIE t_best=0.3s wall=60s
[wc60_30s] cdp101 seed=26: M=11 D=976.04 gap=0.0 TIE t_best=0.3s wall=60s
[wc60_30s] cdp101 seed=27: M=11 D=976.04 gap=0.0 TIE t_best=0.3s wall=60s
[wc60_30s] cdp101 seed=28: M=11 D=976.04 gap=0.0 TIE t_best=0.3s wall=60s
[wc60_30s] cdp101 seed=29: M=11 D=976.04 gap=0.0 TIE t_best=0.3s wall=60s
[wc60_30s] cdp101 seed=30: M=11 D=976.04 gap=0.0 TIE t_best=0.3s wall=60s
[wc60_30s] cdp102 seed=1: M=10 D=941.49 gap=0.0 TIE t_best=1.4s wall=60s
[wc60_30s] cdp102 seed=2: M=10 D=941.49 gap=0.0 TIE t_best=1.4s wall=60s
[wc60_30s] cdp102 seed=3: M=10 D=941.49 gap=0.0 TIE t_best=0.7s wall=60s
[wc60_30s] cdp102 seed=4: M=10 D=941.49 gap=0.0 TIE t_best=1.4s wall=60s
[wc60_30s] cdp102 seed=5: M=10 D=941.49 gap=0.0 TIE t_best=1.3s wall=60s
[wc60_30s] cdp102 seed=6: M=10 D=941.49 gap=0.0 TIE t_best=1.4s wall=60s
[wc60_30s] cdp102 seed=7: M=10 D=941.49 gap=0.0 TIE t_best=1.4s wall=60s
[wc60_30s] cdp102 seed=8: M=10 D=941.49 gap=0.0 TIE t_best=1.4s wall=60s
[wc60_30s] cdp102 seed=9: M=10 D=941.49 gap=0.0 TIE t_best=1.4s wall=60s
[wc60_30s] cdp102 seed=10: M=10 D=941.49 gap=0.0 TIE t_best=1.4s wall=60s
[wc60_30s] cdp102 seed=11: M=10 D=941.49 gap=0.0 TIE t_best=0.7s wall=60s
[wc60_30s] cdp102 seed=12: M=10 D=941.49 gap=0.0 TIE t_best=1.4s wall=60s
[wc60_30s] cdp102 seed=13: M=10 D=941.49 gap=0.0 TIE t_best=1.4s wall=60s
[wc60_30s] cdp102 seed=14: M=10 D=941.49 gap=0.0 TIE t_best=1.4s wall=60s
[wc60_30s] cdp102 seed=15: M=10 D=941.49 gap=0.0 TIE t_best=0.7s wall=60s
[wc60_30s] cdp102 seed=16: M=10 D=941.49 gap=0.0 TIE t_best=1.4s wall=60s
[wc60_30s] cdp102 seed=17: M=10 D=941.49 gap=0.0 TIE t_best=1.4s wall=60s
[wc60_30s] cdp102 seed=18: M=10 D=941.49 gap=0.0 TIE t_best=1.4s wall=60s
[wc60_30s] cdp102 seed=19: M=10 D=941.49 gap=0.0 TIE t_best=1.4s wall=60s
[wc60_30s] cdp102 seed=20: M=10 D=941.49 gap=0.0 TIE t_best=1.4s wall=60s
[wc60_30s] cdp102 seed=21: M=10 D=941.49 gap=0.0 TIE t_best=1.4s wall=60s
[wc60_30s] cdp102 seed=22: M=10 D=941.49 gap=0.0 TIE t_best=0.7s wall=60s
[wc60_30s] cdp102 seed=23: M=10 D=941.49 gap=0.0 TIE t_best=1.4s wall=60s
[wc60_30s] cdp102 seed=24: M=10 D=941.49 gap=0.0 TIE t_best=1.4s wall=60s
[wc60_30s] cdp102 seed=25: M=10 D=941.49 gap=0.0 TIE t_best=1.4s wall=60s
[wc60_30s] cdp102 seed=26: M=10 D=941.49 gap=0.0 TIE t_best=0.7s wall=60s
[wc60_30s] cdp102 seed=27: M=10 D=941.49 gap=0.0 TIE t_best=1.3s wall=60s
[wc60_30s] cdp102 seed=28: M=10 D=941.49 gap=0.0 TIE t_best=0.7s wall=60s
[wc60_30s] cdp102 seed=29: M=10 D=941.49 gap=0.0 TIE t_best=1.3s wall=60s
[wc60_30s] cdp102 seed=30: M=10 D=941.49 gap=0.0 TIE t_best=1.3s wall=60s
[wc60_30s] cdp103 seed=1: M=10 D=892.98 gap=-0.0 TIE t_best=5.9s wall=60s
[wc60_30s] cdp103 seed=2: M=10 D=892.98 gap=-0.0 TIE t_best=5.9s wall=60s
[wc60_30s] cdp103 seed=3: M=10 D=892.98 gap=-0.0 TIE t_best=3.9s wall=60s
[wc60_30s] cdp103 seed=4: M=10 D=892.98 gap=-0.0 TIE t_best=5.0s wall=60s
[wc60_30s] cdp103 seed=5: M=10 D=892.98 gap=-0.0 TIE t_best=6.8s wall=60s
[wc60_30s] cdp103 seed=6: M=10 D=892.98 gap=-0.0 TIE t_best=3.9s wall=60s
[wc60_30s] cdp103 seed=7: M=10 D=892.98 gap=-0.0 TIE t_best=2.9s wall=60s
[wc60_30s] cdp103 seed=8: M=10 D=892.98 gap=-0.0 TIE t_best=3.9s wall=60s
[wc60_30s] cdp103 seed=9: M=10 D=892.98 gap=-0.0 TIE t_best=2.0s wall=60s
[wc60_30s] cdp103 seed=10: M=10 D=892.98 gap=-0.0 TIE t_best=6.9s wall=60s
[wc60_30s] cdp103 seed=11: M=10 D=892.98 gap=-0.0 TIE t_best=6.8s wall=60s
[wc60_30s] cdp103 seed=12: M=10 D=892.98 gap=-0.0 TIE t_best=1.9s wall=60s
[wc60_30s] cdp103 seed=13: M=10 D=892.98 gap=-0.0 TIE t_best=2.9s wall=60s
[wc60_30s] cdp103 seed=14: M=10 D=892.98 gap=-0.0 TIE t_best=1.9s wall=60s
[wc60_30s] cdp103 seed=15: M=10 D=892.98 gap=-0.0 TIE t_best=1.9s wall=60s
[wc60_30s] cdp103 seed=16: M=10 D=892.98 gap=-0.0 TIE t_best=6.9s wall=60s
[wc60_30s] cdp103 seed=17: M=10 D=892.98 gap=-0.0 TIE t_best=3.9s wall=60s
[wc60_30s] cdp103 seed=18: M=10 D=892.98 gap=-0.0 TIE t_best=5.0s wall=60s
[wc60_30s] cdp103 seed=19: M=10 D=892.98 gap=-0.0 TIE t_best=8.8s wall=60s
[wc60_30s] cdp103 seed=20: M=10 D=892.98 gap=-0.0 TIE t_best=4.9s wall=60s
[wc60_30s] cdp103 seed=21: M=10 D=892.98 gap=-0.0 TIE t_best=4.9s wall=60s
[wc60_30s] cdp103 seed=22: M=10 D=892.98 gap=-0.0 TIE t_best=1.9s wall=60s
[wc60_30s] cdp103 seed=23: M=10 D=892.98 gap=-0.0 TIE t_best=2.0s wall=60s
[wc60_30s] cdp103 seed=24: M=10 D=892.98 gap=-0.0 TIE t_best=3.0s wall=60s
[wc60_30s] cdp103 seed=25: M=10 D=892.98 gap=-0.0 TIE t_best=2.9s wall=60s
[wc60_30s] cdp103 seed=26: M=10 D=892.98 gap=-0.0 TIE t_best=3.9s wall=60s
[wc60_30s] cdp103 seed=27: M=10 D=892.98 gap=-0.0 TIE t_best=4.9s wall=60s
[wc60_30s] cdp103 seed=28: M=10 D=892.98 gap=-0.0 TIE t_best=2.9s wall=60s
[wc60_30s] cdp103 seed=29: M=10 D=892.98 gap=-0.0 TIE t_best=1.9s wall=60s
[wc60_30s] cdp103 seed=30: M=10 D=892.98 gap=-0.0 TIE t_best=3.9s wall=60s
[wc60_30s] cdp104 seed=1: M=10 D=871.40 gap=0.0 TIE t_best=2.1s wall=60s
[wc60_30s] cdp104 seed=2: M=10 D=871.40 gap=0.0 TIE t_best=3.2s wall=60s
[wc60_30s] cdp104 seed=3: M=10 D=871.40 gap=0.0 TIE t_best=5.4s wall=60s
[wc60_30s] cdp104 seed=4: M=10 D=871.40 gap=0.0 TIE t_best=3.2s wall=60s
[wc60_30s] cdp104 seed=5: M=10 D=871.40 gap=0.0 TIE t_best=3.2s wall=60s
[wc60_30s] cdp104 seed=6: M=10 D=871.40 gap=0.0 TIE t_best=4.2s wall=60s
[wc60_30s] cdp104 seed=7: M=10 D=871.40 gap=0.0 TIE t_best=3.2s wall=60s
[wc60_30s] cdp104 seed=8: M=10 D=871.40 gap=0.0 TIE t_best=2.2s wall=60s
[wc60_30s] cdp104 seed=9: M=10 D=871.40 gap=0.0 TIE t_best=3.2s wall=60s
[wc60_30s] cdp104 seed=10: M=10 D=871.40 gap=0.0 TIE t_best=2.2s wall=60s
[wc60_30s] cdp104 seed=11: M=10 D=871.40 gap=0.0 TIE t_best=4.3s wall=60s
[wc60_30s] cdp104 seed=12: M=10 D=871.40 gap=0.0 TIE t_best=2.1s wall=60s
[wc60_30s] cdp104 seed=13: M=10 D=871.40 gap=0.0 TIE t_best=2.1s wall=60s
[wc60_30s] cdp104 seed=14: M=10 D=871.40 gap=0.0 TIE t_best=2.1s wall=60s
[wc60_30s] cdp104 seed=15: M=10 D=871.40 gap=0.0 TIE t_best=4.3s wall=60s
[wc60_30s] cdp104 seed=16: M=10 D=871.40 gap=0.0 TIE t_best=2.1s wall=60s
[wc60_30s] cdp104 seed=17: M=10 D=871.40 gap=0.0 TIE t_best=3.2s wall=60s
[wc60_30s] cdp104 seed=18: M=10 D=871.40 gap=0.0 TIE t_best=2.1s wall=60s
[wc60_30s] cdp104 seed=19: M=10 D=871.40 gap=0.0 TIE t_best=2.1s wall=60s
[wc60_30s] cdp104 seed=20: M=10 D=871.40 gap=0.0 TIE t_best=2.1s wall=60s
[wc60_30s] cdp104 seed=21: M=10 D=871.40 gap=0.0 TIE t_best=2.1s wall=60s
[wc60_30s] cdp104 seed=22: M=10 D=871.40 gap=0.0 TIE t_best=4.3s wall=60s
[wc60_30s] cdp104 seed=23: M=10 D=871.40 gap=0.0 TIE t_best=1.1s wall=60s
[wc60_30s] cdp104 seed=24: M=10 D=871.40 gap=0.0 TIE t_best=3.2s wall=60s
[wc60_30s] cdp104 seed=25: M=10 D=871.40 gap=0.0 TIE t_best=2.2s wall=60s
[wc60_30s] cdp104 seed=26: M=10 D=871.40 gap=0.0 TIE t_best=2.1s wall=60s
[wc60_30s] cdp104 seed=27: M=10 D=871.40 gap=0.0 TIE t_best=2.1s wall=60s
[wc60_30s] cdp104 seed=28: M=10 D=871.40 gap=0.0 TIE t_best=2.2s wall=60s
[wc60_30s] cdp104 seed=29: M=10 D=871.40 gap=0.0 TIE t_best=3.2s wall=60s
[wc60_30s] cdp104 seed=30: M=10 D=871.40 gap=0.0 TIE t_best=2.2s wall=60s
[wc60_30s] cdp105 seed=1: M=10 D=1053.12 gap=0.0 TIE t_best=0.7s wall=60s
[wc60_30s] cdp105 seed=2: M=10 D=1053.12 gap=0.0 TIE t_best=0.7s wall=60s
[wc60_30s] cdp105 seed=3: M=10 D=1053.12 gap=0.0 TIE t_best=1.1s wall=60s
[wc60_30s] cdp105 seed=4: M=10 D=1053.12 gap=0.0 TIE t_best=1.0s wall=60s
[wc60_30s] cdp105 seed=5: M=10 D=1053.12 gap=0.0 TIE t_best=1.1s wall=60s
[wc60_30s] cdp105 seed=6: M=10 D=1053.12 gap=0.0 TIE t_best=0.7s wall=60s
[wc60_30s] cdp105 seed=7: M=10 D=1053.12 gap=0.0 TIE t_best=1.1s wall=60s
[wc60_30s] cdp105 seed=8: M=10 D=1053.12 gap=0.0 TIE t_best=0.7s wall=60s
[wc60_30s] cdp105 seed=9: M=10 D=1053.12 gap=0.0 TIE t_best=0.7s wall=60s
[wc60_30s] cdp105 seed=10: M=10 D=1053.12 gap=0.0 TIE t_best=1.1s wall=60s
[wc60_30s] cdp105 seed=11: M=10 D=1053.12 gap=0.0 TIE t_best=0.7s wall=60s
[wc60_30s] cdp105 seed=12: M=10 D=1053.12 gap=0.0 TIE t_best=0.3s wall=60s
[wc60_30s] cdp105 seed=13: M=10 D=1053.12 gap=0.0 TIE t_best=0.7s wall=60s
[wc60_30s] cdp105 seed=14: M=10 D=1053.12 gap=0.0 TIE t_best=0.7s wall=60s
[wc60_30s] cdp105 seed=15: M=10 D=1053.12 gap=0.0 TIE t_best=1.1s wall=60s
[wc60_30s] cdp105 seed=16: M=10 D=1053.12 gap=0.0 TIE t_best=0.7s wall=60s
[wc60_30s] cdp105 seed=17: M=10 D=1053.12 gap=0.0 TIE t_best=0.4s wall=60s
[wc60_30s] cdp105 seed=18: M=10 D=1053.12 gap=0.0 TIE t_best=0.7s wall=60s
[wc60_30s] cdp105 seed=19: M=10 D=1053.12 gap=0.0 TIE t_best=1.1s wall=60s
[wc60_30s] cdp105 seed=20: M=10 D=1053.12 gap=0.0 TIE t_best=0.7s wall=60s
[wc60_30s] cdp105 seed=21: M=10 D=1053.12 gap=0.0 TIE t_best=1.0s wall=60s
[wc60_30s] cdp105 seed=22: M=10 D=1053.12 gap=0.0 TIE t_best=0.4s wall=60s
[wc60_30s] cdp105 seed=23: M=10 D=1053.12 gap=0.0 TIE t_best=1.1s wall=60s
[wc60_30s] cdp105 seed=24: M=10 D=1053.12 gap=0.0 TIE t_best=1.1s wall=60s
[wc60_30s] cdp105 seed=25: M=10 D=1053.12 gap=0.0 TIE t_best=0.7s wall=60s
[wc60_30s] cdp105 seed=26: M=10 D=1053.12 gap=0.0 TIE t_best=0.7s wall=60s
[wc60_30s] cdp105 seed=27: M=10 D=1053.12 gap=0.0 TIE t_best=0.7s wall=60s
[wc60_30s] cdp105 seed=28: M=10 D=1053.12 gap=0.0 TIE t_best=0.7s wall=60s
[wc60_30s] cdp105 seed=29: M=10 D=1053.12 gap=0.0 TIE t_best=1.8s wall=60s
[wc60_30s] cdp105 seed=30: M=10 D=1053.12 gap=0.0 TIE t_best=0.7s wall=60s
[wc60_30s] cdp106 seed=1: M=10 D=963.45 gap=-0.0 TIE t_best=0.8s wall=60s
[wc60_30s] cdp106 seed=2: M=10 D=963.45 gap=-0.0 TIE t_best=0.8s wall=60s
[wc60_30s] cdp106 seed=3: M=10 D=963.45 gap=-0.0 TIE t_best=0.8s wall=60s
[wc60_30s] cdp106 seed=4: M=10 D=963.45 gap=-0.0 TIE t_best=0.8s wall=60s
[wc60_30s] cdp106 seed=5: M=10 D=963.45 gap=-0.0 TIE t_best=0.8s wall=60s
[wc60_30s] cdp106 seed=6: M=10 D=963.45 gap=-0.0 TIE t_best=0.8s wall=60s
[wc60_30s] cdp106 seed=7: M=10 D=963.45 gap=-0.0 TIE t_best=0.8s wall=60s
[wc60_30s] cdp106 seed=8: M=10 D=963.45 gap=-0.0 TIE t_best=0.8s wall=60s
[wc60_30s] cdp106 seed=9: M=10 D=963.45 gap=-0.0 TIE t_best=0.8s wall=60s
[wc60_30s] cdp106 seed=10: M=10 D=963.45 gap=-0.0 TIE t_best=0.8s wall=60s
[wc60_30s] cdp106 seed=11: M=10 D=963.45 gap=-0.0 TIE t_best=0.8s wall=60s
[wc60_30s] cdp106 seed=12: M=10 D=963.45 gap=-0.0 TIE t_best=0.8s wall=60s
[wc60_30s] cdp106 seed=13: M=10 D=963.45 gap=-0.0 TIE t_best=0.8s wall=60s
[wc60_30s] cdp106 seed=14: M=10 D=963.45 gap=-0.0 TIE t_best=0.4s wall=60s
[wc60_30s] cdp106 seed=15: M=10 D=963.45 gap=-0.0 TIE t_best=0.8s wall=60s
[wc60_30s] cdp106 seed=16: M=10 D=963.45 gap=-0.0 TIE t_best=0.8s wall=60s
[wc60_30s] cdp106 seed=17: M=10 D=963.45 gap=-0.0 TIE t_best=0.8s wall=60s
[wc60_30s] cdp106 seed=18: M=10 D=963.45 gap=-0.0 TIE t_best=0.8s wall=60s
[wc60_30s] cdp106 seed=19: M=10 D=963.45 gap=-0.0 TIE t_best=0.8s wall=60s
[wc60_30s] cdp106 seed=20: M=10 D=963.45 gap=-0.0 TIE t_best=0.8s wall=60s
[wc60_30s] cdp106 seed=21: M=10 D=963.45 gap=-0.0 TIE t_best=0.4s wall=60s
[wc60_30s] cdp106 seed=22: M=10 D=963.45 gap=-0.0 TIE t_best=0.4s wall=60s
[wc60_30s] cdp106 seed=23: M=10 D=963.45 gap=-0.0 TIE t_best=0.4s wall=60s
[wc60_30s] cdp106 seed=24: M=10 D=963.45 gap=-0.0 TIE t_best=0.4s wall=60s
[wc60_30s] cdp106 seed=25: M=10 D=963.45 gap=-0.0 TIE t_best=0.8s wall=60s
[wc60_30s] cdp106 seed=26: M=10 D=963.45 gap=-0.0 TIE t_best=0.8s wall=60s
[wc60_30s] cdp106 seed=27: M=10 D=963.45 gap=-0.0 TIE t_best=0.4s wall=60s
[wc60_30s] cdp106 seed=28: M=10 D=963.45 gap=-0.0 TIE t_best=0.8s wall=60s
[wc60_30s] cdp106 seed=29: M=10 D=963.45 gap=-0.0 TIE t_best=0.8s wall=60s
[wc60_30s] cdp106 seed=30: M=10 D=963.45 gap=-0.0 TIE t_best=0.8s wall=60s
[wc60_30s] cdp107 seed=1: M=10 D=987.64 gap=-0.0 TIE t_best=1.5s wall=60s
[wc60_30s] cdp107 seed=2: M=10 D=987.64 gap=-0.0 TIE t_best=1.9s wall=60s
[wc60_30s] cdp107 seed=3: M=10 D=987.64 gap=-0.0 TIE t_best=0.8s wall=60s
[wc60_30s] cdp107 seed=4: M=10 D=987.64 gap=-0.0 TIE t_best=3.4s wall=60s
[wc60_30s] cdp107 seed=5: M=10 D=987.64 gap=-0.0 TIE t_best=2.6s wall=60s
[wc60_30s] cdp107 seed=6: M=10 D=987.64 gap=-0.0 TIE t_best=0.8s wall=60s
[wc60_30s] cdp107 seed=7: M=10 D=987.64 gap=-0.0 TIE t_best=0.8s wall=60s
[wc60_30s] cdp107 seed=8: M=10 D=987.64 gap=-0.0 TIE t_best=2.3s wall=60s
[wc60_30s] cdp107 seed=9: M=10 D=987.64 gap=-0.0 TIE t_best=2.3s wall=60s
[wc60_30s] cdp107 seed=10: M=10 D=987.64 gap=-0.0 TIE t_best=0.8s wall=60s
[wc60_30s] cdp107 seed=11: M=10 D=987.64 gap=-0.0 TIE t_best=6.1s wall=60s
[wc60_30s] cdp107 seed=12: M=10 D=987.64 gap=-0.0 TIE t_best=0.8s wall=60s
[wc60_30s] cdp107 seed=13: M=10 D=987.64 gap=-0.0 TIE t_best=4.2s wall=60s
[wc60_30s] cdp107 seed=14: M=10 D=987.64 gap=-0.0 TIE t_best=0.8s wall=60s
[wc60_30s] cdp107 seed=15: M=10 D=987.64 gap=-0.0 TIE t_best=6.8s wall=60s
[wc60_30s] cdp107 seed=16: M=10 D=987.64 gap=-0.0 TIE t_best=3.4s wall=60s
[wc60_30s] cdp107 seed=17: M=10 D=987.64 gap=-0.0 TIE t_best=3.0s wall=60s
[wc60_30s] cdp107 seed=18: M=10 D=987.64 gap=-0.0 TIE t_best=7.5s wall=60s
[wc60_30s] cdp107 seed=19: M=10 D=987.64 gap=-0.0 TIE t_best=1.6s wall=60s
[wc60_30s] cdp107 seed=20: M=10 D=987.64 gap=-0.0 TIE t_best=16.6s wall=62s
[wc60_30s] cdp107 seed=21: M=10 D=987.64 gap=-0.0 TIE t_best=49.3s wall=60s
[wc60_30s] cdp107 seed=22: M=10 D=987.64 gap=-0.0 TIE t_best=19.6s wall=60s
[wc60_30s] cdp107 seed=23: M=10 D=987.64 gap=-0.0 TIE t_best=6.4s wall=60s
[wc60_30s] cdp107 seed=24: M=10 D=987.64 gap=-0.0 TIE t_best=1.5s wall=60s
[wc60_30s] cdp107 seed=25: M=10 D=987.64 gap=-0.0 TIE t_best=0.8s wall=60s
[wc60_30s] cdp107 seed=26: M=10 D=987.64 gap=-0.0 TIE t_best=1.5s wall=60s
[wc60_30s] cdp107 seed=27: M=10 D=987.64 gap=-0.0 TIE t_best=10.6s wall=60s
[wc60_30s] cdp107 seed=28: M=10 D=987.64 gap=-0.0 TIE t_best=8.7s wall=60s
[wc60_30s] cdp107 seed=29: M=10 D=987.64 gap=-0.0 TIE t_best=0.8s wall=60s
[wc60_30s] cdp107 seed=30: M=10 D=987.64 gap=-0.0 TIE t_best=13.7s wall=60s
[wc60_30s] cdp108 seed=1: M=10 D=932.49 gap=0.0 TIE t_best=0.5s wall=60s
[wc60_30s] cdp108 seed=2: M=10 D=932.49 gap=0.0 TIE t_best=0.5s wall=60s
[wc60_30s] cdp108 seed=3: M=10 D=932.49 gap=0.0 TIE t_best=0.5s wall=60s
[wc60_30s] cdp108 seed=4: M=10 D=932.49 gap=0.0 TIE t_best=0.5s wall=60s
[wc60_30s] cdp108 seed=5: M=10 D=932.49 gap=0.0 TIE t_best=0.5s wall=60s
[wc60_30s] cdp108 seed=6: M=10 D=932.49 gap=0.0 TIE t_best=0.5s wall=60s
[wc60_30s] cdp108 seed=7: M=10 D=932.49 gap=0.0 TIE t_best=0.5s wall=60s
[wc60_30s] cdp108 seed=8: M=10 D=932.49 gap=0.0 TIE t_best=0.5s wall=60s
[wc60_30s] cdp108 seed=9: M=10 D=932.49 gap=0.0 TIE t_best=0.5s wall=60s
[wc60_30s] cdp108 seed=10: M=10 D=932.49 gap=0.0 TIE t_best=0.5s wall=60s
[wc60_30s] cdp108 seed=11: M=10 D=932.49 gap=0.0 TIE t_best=0.5s wall=60s
[wc60_30s] cdp108 seed=12: M=10 D=932.49 gap=0.0 TIE t_best=0.5s wall=60s
[wc60_30s] cdp108 seed=13: M=10 D=932.49 gap=0.0 TIE t_best=0.5s wall=60s
[wc60_30s] cdp108 seed=14: M=10 D=932.49 gap=0.0 TIE t_best=0.5s wall=60s
[wc60_30s] cdp108 seed=15: M=10 D=932.49 gap=0.0 TIE t_best=0.5s wall=60s
[wc60_30s] cdp108 seed=16: M=10 D=932.49 gap=0.0 TIE t_best=0.5s wall=60s
[wc60_30s] cdp108 seed=17: M=10 D=932.49 gap=0.0 TIE t_best=0.5s wall=60s
[wc60_30s] cdp108 seed=18: M=10 D=932.49 gap=0.0 TIE t_best=0.5s wall=60s
[wc60_30s] cdp108 seed=19: M=10 D=932.49 gap=0.0 TIE t_best=0.5s wall=60s
[wc60_30s] cdp108 seed=20: M=10 D=932.49 gap=0.0 TIE t_best=0.5s wall=60s
[wc60_30s] cdp108 seed=21: M=10 D=932.49 gap=0.0 TIE t_best=0.5s wall=60s
[wc60_30s] cdp108 seed=22: M=10 D=932.49 gap=0.0 TIE t_best=0.5s wall=60s
[wc60_30s] cdp108 seed=23: M=10 D=932.49 gap=0.0 TIE t_best=0.5s wall=60s
[wc60_30s] cdp108 seed=24: M=10 D=932.49 gap=0.0 TIE t_best=0.5s wall=60s
[wc60_30s] cdp108 seed=25: M=10 D=932.49 gap=0.0 TIE t_best=0.5s wall=60s
[wc60_30s] cdp108 seed=26: M=10 D=932.49 gap=0.0 TIE t_best=0.5s wall=60s
[wc60_30s] cdp108 seed=27: M=10 D=932.49 gap=0.0 TIE t_best=0.5s wall=60s
[wc60_30s] cdp108 seed=28: M=10 D=932.49 gap=0.0 TIE t_best=0.5s wall=60s
[wc60_30s] cdp108 seed=29: M=10 D=932.49 gap=0.0 TIE t_best=0.5s wall=60s
[wc60_30s] cdp108 seed=30: M=10 D=932.49 gap=0.0 TIE t_best=0.5s wall=60s
[wc60_30s] cdp109 seed=1: M=10 D=909.27 gap=0.0 TIE t_best=1.3s wall=60s
[wc60_30s] cdp109 seed=2: M=10 D=909.27 gap=0.0 TIE t_best=0.6s wall=60s
[wc60_30s] cdp109 seed=3: M=10 D=909.27 gap=0.0 TIE t_best=1.2s wall=60s
[wc60_30s] cdp109 seed=4: M=10 D=909.27 gap=0.0 TIE t_best=0.6s wall=60s
[wc60_30s] cdp109 seed=5: M=10 D=909.27 gap=0.0 TIE t_best=1.2s wall=60s
[wc60_30s] cdp109 seed=6: M=10 D=909.27 gap=0.0 TIE t_best=0.6s wall=60s
[wc60_30s] cdp109 seed=7: M=10 D=909.27 gap=0.0 TIE t_best=1.2s wall=60s
[wc60_30s] cdp109 seed=8: M=10 D=909.27 gap=0.0 TIE t_best=0.6s wall=60s
[wc60_30s] cdp109 seed=9: M=10 D=909.27 gap=0.0 TIE t_best=0.6s wall=60s
[wc60_30s] cdp109 seed=10: M=10 D=909.27 gap=0.0 TIE t_best=0.6s wall=60s
[wc60_30s] cdp109 seed=11: M=10 D=909.27 gap=0.0 TIE t_best=1.2s wall=60s
[wc60_30s] cdp109 seed=12: M=10 D=909.27 gap=0.0 TIE t_best=1.8s wall=60s
[wc60_30s] cdp109 seed=13: M=10 D=909.27 gap=0.0 TIE t_best=0.6s wall=60s
[wc60_30s] cdp109 seed=14: M=10 D=909.27 gap=0.0 TIE t_best=0.6s wall=60s
[wc60_30s] cdp109 seed=15: M=10 D=909.27 gap=0.0 TIE t_best=1.2s wall=60s
[wc60_30s] cdp109 seed=16: M=10 D=909.27 gap=0.0 TIE t_best=1.2s wall=60s
[wc60_30s] cdp109 seed=17: M=10 D=909.27 gap=0.0 TIE t_best=0.6s wall=60s
[wc60_30s] cdp109 seed=18: M=10 D=909.27 gap=0.0 TIE t_best=0.6s wall=60s
[wc60_30s] cdp109 seed=19: M=10 D=909.27 gap=0.0 TIE t_best=0.6s wall=60s
[wc60_30s] cdp109 seed=20: M=10 D=909.27 gap=0.0 TIE t_best=1.2s wall=60s
[wc60_30s] cdp109 seed=21: M=10 D=909.27 gap=0.0 TIE t_best=0.6s wall=60s
[wc60_30s] cdp109 seed=22: M=10 D=909.27 gap=0.0 TIE t_best=1.2s wall=60s
[wc60_30s] cdp109 seed=23: M=10 D=909.27 gap=0.0 TIE t_best=0.6s wall=60s
[wc60_30s] cdp109 seed=24: M=10 D=909.27 gap=0.0 TIE t_best=1.2s wall=60s
[wc60_30s] cdp109 seed=25: M=10 D=909.27 gap=0.0 TIE t_best=0.6s wall=60s
[wc60_30s] cdp109 seed=26: M=10 D=909.27 gap=0.0 TIE t_best=1.9s wall=60s
[wc60_30s] cdp109 seed=27: M=10 D=909.27 gap=0.0 TIE t_best=1.2s wall=60s
[wc60_30s] cdp109 seed=28: M=10 D=909.27 gap=0.0 TIE t_best=0.6s wall=60s
[wc60_30s] cdp109 seed=29: M=10 D=909.27 gap=0.0 TIE t_best=1.2s wall=60s
[wc60_30s] cdp109 seed=30: M=10 D=909.27 gap=0.0 TIE t_best=0.6s wall=60s
[wc60_30s] cdp201 seed=1: M=3 D=591.56 gap=-0.0 TIE t_best=0.3s wall=60s
[wc60_30s] cdp201 seed=2: M=3 D=591.56 gap=-0.0 TIE t_best=0.3s wall=60s
[wc60_30s] cdp201 seed=3: M=3 D=591.56 gap=-0.0 TIE t_best=0.3s wall=60s
[wc60_30s] cdp201 seed=4: M=3 D=591.56 gap=-0.0 TIE t_best=0.3s wall=60s
[wc60_30s] cdp201 seed=5: M=3 D=591.56 gap=-0.0 TIE t_best=0.3s wall=60s
[wc60_30s] cdp201 seed=6: M=3 D=591.56 gap=-0.0 TIE t_best=0.3s wall=60s
[wc60_30s] cdp201 seed=7: M=3 D=591.56 gap=-0.0 TIE t_best=0.3s wall=60s
[wc60_30s] cdp201 seed=8: M=3 D=591.56 gap=-0.0 TIE t_best=0.3s wall=60s
[wc60_30s] cdp201 seed=9: M=3 D=591.56 gap=-0.0 TIE t_best=0.3s wall=60s
[wc60_30s] cdp201 seed=10: M=3 D=591.56 gap=-0.0 TIE t_best=0.3s wall=60s
[wc60_30s] cdp201 seed=11: M=3 D=591.56 gap=-0.0 TIE t_best=0.3s wall=60s
[wc60_30s] cdp201 seed=12: M=3 D=591.56 gap=-0.0 TIE t_best=0.3s wall=60s
[wc60_30s] cdp201 seed=13: M=3 D=591.56 gap=-0.0 TIE t_best=0.3s wall=60s
[wc60_30s] cdp201 seed=14: M=3 D=591.56 gap=-0.0 TIE t_best=0.3s wall=60s
[wc60_30s] cdp201 seed=15: M=3 D=591.56 gap=-0.0 TIE t_best=0.3s wall=60s
[wc60_30s] cdp201 seed=16: M=3 D=591.56 gap=-0.0 TIE t_best=0.3s wall=60s
[wc60_30s] cdp201 seed=17: M=3 D=591.56 gap=-0.0 TIE t_best=0.3s wall=60s
[wc60_30s] cdp201 seed=18: M=3 D=591.56 gap=-0.0 TIE t_best=0.3s wall=60s
[wc60_30s] cdp201 seed=19: M=3 D=591.56 gap=-0.0 TIE t_best=0.3s wall=60s
[wc60_30s] cdp201 seed=20: M=3 D=591.56 gap=-0.0 TIE t_best=0.3s wall=60s
[wc60_30s] cdp201 seed=21: M=3 D=591.56 gap=-0.0 TIE t_best=0.3s wall=60s
[wc60_30s] cdp201 seed=22: M=3 D=591.56 gap=-0.0 TIE t_best=0.3s wall=60s
[wc60_30s] cdp201 seed=23: M=3 D=591.56 gap=-0.0 TIE t_best=0.3s wall=60s
[wc60_30s] cdp201 seed=24: M=3 D=591.56 gap=-0.0 TIE t_best=0.3s wall=60s
[wc60_30s] cdp201 seed=25: M=3 D=591.56 gap=-0.0 TIE t_best=0.3s wall=60s
[wc60_30s] cdp201 seed=26: M=3 D=591.56 gap=-0.0 TIE t_best=0.3s wall=60s
[wc60_30s] cdp201 seed=27: M=3 D=591.56 gap=-0.0 TIE t_best=0.3s wall=60s
[wc60_30s] cdp201 seed=28: M=3 D=591.56 gap=-0.0 TIE t_best=0.3s wall=60s
[wc60_30s] cdp201 seed=29: M=3 D=591.56 gap=-0.0 TIE t_best=0.3s wall=60s
[wc60_30s] cdp201 seed=30: M=3 D=591.56 gap=-0.0 TIE t_best=0.3s wall=60s
[wc60_30s] cdp202 seed=1: M=3 D=591.56 gap=-0.0 TIE t_best=1.2s wall=60s
[wc60_30s] cdp202 seed=2: M=3 D=591.56 gap=-0.0 TIE t_best=1.2s wall=60s
[wc60_30s] cdp202 seed=3: M=3 D=591.56 gap=-0.0 TIE t_best=1.2s wall=60s
[wc60_30s] cdp202 seed=4: M=3 D=591.56 gap=-0.0 TIE t_best=1.2s wall=60s
[wc60_30s] cdp202 seed=5: M=3 D=591.56 gap=-0.0 TIE t_best=1.2s wall=60s
[wc60_30s] cdp202 seed=6: M=3 D=591.56 gap=-0.0 TIE t_best=1.2s wall=60s
[wc60_30s] cdp202 seed=7: M=3 D=591.56 gap=-0.0 TIE t_best=1.2s wall=60s
[wc60_30s] cdp202 seed=8: M=3 D=591.56 gap=-0.0 TIE t_best=1.2s wall=60s
[wc60_30s] cdp202 seed=9: M=3 D=591.56 gap=-0.0 TIE t_best=1.2s wall=60s
[wc60_30s] cdp202 seed=10: M=3 D=591.56 gap=-0.0 TIE t_best=1.2s wall=60s
[wc60_30s] cdp202 seed=11: M=3 D=591.56 gap=-0.0 TIE t_best=1.2s wall=60s
[wc60_30s] cdp202 seed=12: M=3 D=591.56 gap=-0.0 TIE t_best=1.2s wall=60s
[wc60_30s] cdp202 seed=13: M=3 D=591.56 gap=-0.0 TIE t_best=1.2s wall=60s
[wc60_30s] cdp202 seed=14: M=3 D=591.56 gap=-0.0 TIE t_best=1.2s wall=60s
[wc60_30s] cdp202 seed=15: M=3 D=591.56 gap=-0.0 TIE t_best=1.2s wall=60s
[wc60_30s] cdp202 seed=16: M=3 D=591.56 gap=-0.0 TIE t_best=1.2s wall=60s
[wc60_30s] cdp202 seed=17: M=3 D=591.56 gap=-0.0 TIE t_best=1.2s wall=60s
[wc60_30s] cdp202 seed=18: M=3 D=591.56 gap=-0.0 TIE t_best=1.2s wall=60s
[wc60_30s] cdp202 seed=19: M=3 D=591.56 gap=-0.0 TIE t_best=1.2s wall=60s
[wc60_30s] cdp202 seed=20: M=3 D=591.56 gap=-0.0 TIE t_best=1.2s wall=60s
[wc60_30s] cdp202 seed=21: M=3 D=591.56 gap=-0.0 TIE t_best=1.2s wall=60s
[wc60_30s] cdp202 seed=22: M=3 D=591.56 gap=-0.0 TIE t_best=1.2s wall=60s
[wc60_30s] cdp202 seed=23: M=3 D=591.56 gap=-0.0 TIE t_best=1.2s wall=60s
[wc60_30s] cdp202 seed=24: M=3 D=591.56 gap=-0.0 TIE t_best=1.2s wall=60s
[wc60_30s] cdp202 seed=25: M=3 D=591.56 gap=-0.0 TIE t_best=1.2s wall=60s
[wc60_30s] cdp202 seed=26: M=3 D=591.56 gap=-0.0 TIE t_best=1.2s wall=60s
[wc60_30s] cdp202 seed=27: M=3 D=591.56 gap=-0.0 TIE t_best=1.2s wall=60s
[wc60_30s] cdp202 seed=28: M=3 D=591.56 gap=-0.0 TIE t_best=1.2s wall=60s
[wc60_30s] cdp202 seed=29: M=3 D=591.56 gap=-0.0 TIE t_best=1.2s wall=60s
[wc60_30s] cdp202 seed=30: M=3 D=591.56 gap=-0.0 TIE t_best=1.2s wall=60s
[wc60_30s] cdp203 seed=1: M=3 D=591.17 gap=-0.0 TIE t_best=1.8s wall=60s
[wc60_30s] cdp203 seed=2: M=3 D=591.17 gap=-0.0 TIE t_best=1.8s wall=60s
[wc60_30s] cdp203 seed=3: M=3 D=591.17 gap=-0.0 TIE t_best=1.7s wall=60s
[wc60_30s] cdp203 seed=4: M=3 D=591.17 gap=-0.0 TIE t_best=1.8s wall=60s
[wc60_30s] cdp203 seed=5: M=3 D=591.17 gap=-0.0 TIE t_best=1.7s wall=60s
[wc60_30s] cdp203 seed=6: M=3 D=591.17 gap=-0.0 TIE t_best=1.7s wall=60s
[wc60_30s] cdp203 seed=7: M=3 D=591.17 gap=-0.0 TIE t_best=1.7s wall=60s
[wc60_30s] cdp203 seed=8: M=3 D=591.17 gap=-0.0 TIE t_best=1.7s wall=60s
[wc60_30s] cdp203 seed=9: M=3 D=591.17 gap=-0.0 TIE t_best=1.7s wall=60s
[wc60_30s] cdp203 seed=10: M=3 D=591.17 gap=-0.0 TIE t_best=1.7s wall=60s
[wc60_30s] cdp203 seed=11: M=3 D=591.17 gap=-0.0 TIE t_best=1.7s wall=60s
[wc60_30s] cdp203 seed=12: M=3 D=591.17 gap=-0.0 TIE t_best=1.7s wall=60s
[wc60_30s] cdp203 seed=13: M=3 D=591.17 gap=-0.0 TIE t_best=1.8s wall=60s
[wc60_30s] cdp203 seed=14: M=3 D=591.17 gap=-0.0 TIE t_best=1.8s wall=60s
[wc60_30s] cdp203 seed=15: M=3 D=591.17 gap=-0.0 TIE t_best=1.7s wall=60s
[wc60_30s] cdp203 seed=16: M=3 D=591.17 gap=-0.0 TIE t_best=1.7s wall=60s
[wc60_30s] cdp203 seed=17: M=3 D=591.17 gap=-0.0 TIE t_best=1.7s wall=60s
[wc60_30s] cdp203 seed=18: M=3 D=591.17 gap=-0.0 TIE t_best=1.7s wall=60s
[wc60_30s] cdp203 seed=19: M=3 D=591.17 gap=-0.0 TIE t_best=1.8s wall=60s
[wc60_30s] cdp203 seed=20: M=3 D=591.17 gap=-0.0 TIE t_best=1.7s wall=60s
[wc60_30s] cdp203 seed=21: M=3 D=591.17 gap=-0.0 TIE t_best=1.8s wall=60s
[wc60_30s] cdp203 seed=22: M=3 D=591.17 gap=-0.0 TIE t_best=1.7s wall=60s
[wc60_30s] cdp203 seed=23: M=3 D=591.17 gap=-0.0 TIE t_best=1.7s wall=60s
[wc60_30s] cdp203 seed=24: M=3 D=591.17 gap=-0.0 TIE t_best=1.8s wall=60s
[wc60_30s] cdp203 seed=25: M=3 D=591.17 gap=-0.0 TIE t_best=1.7s wall=60s
[wc60_30s] cdp203 seed=26: M=3 D=591.17 gap=-0.0 TIE t_best=1.8s wall=60s
[wc60_30s] cdp203 seed=27: M=3 D=591.17 gap=-0.0 TIE t_best=1.8s wall=60s
[wc60_30s] cdp203 seed=28: M=3 D=591.17 gap=-0.0 TIE t_best=1.7s wall=60s
[wc60_30s] cdp203 seed=29: M=3 D=591.17 gap=-0.0 TIE t_best=1.7s wall=60s
[wc60_30s] cdp203 seed=30: M=3 D=591.17 gap=-0.0 TIE t_best=1.7s wall=60s
[wc60_30s] cdp204 seed=1: M=3 D=590.60 gap=-0.0 TIE t_best=2.0s wall=60s
[wc60_30s] cdp204 seed=2: M=3 D=590.60 gap=-0.0 TIE t_best=2.0s wall=60s
[wc60_30s] cdp204 seed=3: M=3 D=590.60 gap=-0.0 TIE t_best=2.0s wall=60s
[wc60_30s] cdp204 seed=4: M=3 D=590.60 gap=-0.0 TIE t_best=2.0s wall=60s
[wc60_30s] cdp204 seed=5: M=3 D=590.60 gap=-0.0 TIE t_best=2.0s wall=60s
[wc60_30s] cdp204 seed=6: M=3 D=590.60 gap=-0.0 TIE t_best=2.0s wall=60s
[wc60_30s] cdp204 seed=7: M=3 D=590.60 gap=-0.0 TIE t_best=2.0s wall=60s
[wc60_30s] cdp204 seed=8: M=3 D=590.60 gap=-0.0 TIE t_best=2.0s wall=60s
[wc60_30s] cdp204 seed=9: M=3 D=590.60 gap=-0.0 TIE t_best=2.0s wall=60s
[wc60_30s] cdp204 seed=10: M=3 D=590.60 gap=-0.0 TIE t_best=2.0s wall=60s
[wc60_30s] cdp204 seed=11: M=3 D=590.60 gap=-0.0 TIE t_best=2.0s wall=60s
[wc60_30s] cdp204 seed=12: M=3 D=590.60 gap=-0.0 TIE t_best=2.0s wall=60s
[wc60_30s] cdp204 seed=13: M=3 D=590.60 gap=-0.0 TIE t_best=2.0s wall=60s
[wc60_30s] cdp204 seed=14: M=3 D=590.60 gap=-0.0 TIE t_best=2.0s wall=60s
[wc60_30s] cdp204 seed=15: M=3 D=590.60 gap=-0.0 TIE t_best=2.0s wall=60s
[wc60_30s] cdp204 seed=16: M=3 D=590.60 gap=-0.0 TIE t_best=2.0s wall=60s
[wc60_30s] cdp204 seed=17: M=3 D=590.60 gap=-0.0 TIE t_best=2.0s wall=60s
[wc60_30s] cdp204 seed=18: M=3 D=590.60 gap=-0.0 TIE t_best=2.0s wall=60s
[wc60_30s] cdp204 seed=19: M=3 D=590.60 gap=-0.0 TIE t_best=2.0s wall=60s
[wc60_30s] cdp204 seed=20: M=3 D=590.60 gap=-0.0 TIE t_best=2.0s wall=60s
[wc60_30s] cdp204 seed=21: M=3 D=590.60 gap=-0.0 TIE t_best=2.0s wall=60s
[wc60_30s] cdp204 seed=22: M=3 D=590.60 gap=-0.0 TIE t_best=2.0s wall=60s
[wc60_30s] cdp204 seed=23: M=3 D=590.60 gap=-0.0 TIE t_best=2.0s wall=60s
[wc60_30s] cdp204 seed=24: M=3 D=590.60 gap=-0.0 TIE t_best=2.0s wall=60s
[wc60_30s] cdp204 seed=25: M=3 D=590.60 gap=-0.0 TIE t_best=2.0s wall=60s
[wc60_30s] cdp204 seed=26: M=3 D=590.60 gap=-0.0 TIE t_best=2.0s wall=60s
[wc60_30s] cdp204 seed=27: M=3 D=590.60 gap=-0.0 TIE t_best=2.0s wall=60s
[wc60_30s] cdp204 seed=28: M=3 D=590.60 gap=-0.0 TIE t_best=2.0s wall=60s
[wc60_30s] cdp204 seed=29: M=3 D=590.60 gap=-0.0 TIE t_best=2.0s wall=60s
[wc60_30s] cdp204 seed=30: M=3 D=590.60 gap=-0.0 TIE t_best=2.0s wall=60s
[wc60_30s] cdp205 seed=1: M=3 D=588.88 gap=-0.0 TIE t_best=0.5s wall=60s
[wc60_30s] cdp205 seed=2: M=3 D=588.88 gap=-0.0 TIE t_best=0.5s wall=60s
[wc60_30s] cdp205 seed=3: M=3 D=588.88 gap=-0.0 TIE t_best=0.5s wall=60s
[wc60_30s] cdp205 seed=4: M=3 D=588.88 gap=-0.0 TIE t_best=0.5s wall=60s
[wc60_30s] cdp205 seed=5: M=3 D=588.88 gap=-0.0 TIE t_best=0.5s wall=60s
[wc60_30s] cdp205 seed=6: M=3 D=588.88 gap=-0.0 TIE t_best=0.5s wall=60s
[wc60_30s] cdp205 seed=7: M=3 D=588.88 gap=-0.0 TIE t_best=0.5s wall=60s
[wc60_30s] cdp205 seed=8: M=3 D=588.88 gap=-0.0 TIE t_best=0.5s wall=60s
[wc60_30s] cdp205 seed=9: M=3 D=588.88 gap=-0.0 TIE t_best=0.5s wall=60s
[wc60_30s] cdp205 seed=10: M=3 D=588.88 gap=-0.0 TIE t_best=0.5s wall=60s
[wc60_30s] cdp205 seed=11: M=3 D=588.88 gap=-0.0 TIE t_best=0.5s wall=60s
[wc60_30s] cdp205 seed=12: M=3 D=588.88 gap=-0.0 TIE t_best=0.5s wall=60s
[wc60_30s] cdp205 seed=13: M=3 D=588.88 gap=-0.0 TIE t_best=0.5s wall=60s
[wc60_30s] cdp205 seed=14: M=3 D=588.88 gap=-0.0 TIE t_best=0.5s wall=60s
[wc60_30s] cdp205 seed=15: M=3 D=588.88 gap=-0.0 TIE t_best=0.5s wall=60s
[wc60_30s] cdp205 seed=16: M=3 D=588.88 gap=-0.0 TIE t_best=0.5s wall=60s
[wc60_30s] cdp205 seed=17: M=3 D=588.88 gap=-0.0 TIE t_best=0.5s wall=60s
[wc60_30s] cdp205 seed=18: M=3 D=588.88 gap=-0.0 TIE t_best=0.5s wall=60s
[wc60_30s] cdp205 seed=19: M=3 D=588.88 gap=-0.0 TIE t_best=0.5s wall=60s
[wc60_30s] cdp205 seed=20: M=3 D=588.88 gap=-0.0 TIE t_best=0.5s wall=60s
[wc60_30s] cdp205 seed=21: M=3 D=588.88 gap=-0.0 TIE t_best=0.5s wall=60s
[wc60_30s] cdp205 seed=22: M=3 D=588.88 gap=-0.0 TIE t_best=0.5s wall=60s
[wc60_30s] cdp205 seed=23: M=3 D=588.88 gap=-0.0 TIE t_best=0.5s wall=60s
[wc60_30s] cdp205 seed=24: M=3 D=588.88 gap=-0.0 TIE t_best=0.5s wall=60s
[wc60_30s] cdp205 seed=25: M=3 D=588.88 gap=-0.0 TIE t_best=0.5s wall=60s
[wc60_30s] cdp205 seed=26: M=3 D=588.88 gap=-0.0 TIE t_best=0.5s wall=60s
[wc60_30s] cdp205 seed=27: M=3 D=588.88 gap=-0.0 TIE t_best=0.5s wall=60s
[wc60_30s] cdp205 seed=28: M=3 D=588.88 gap=-0.0 TIE t_best=0.5s wall=60s
[wc60_30s] cdp205 seed=29: M=3 D=588.88 gap=-0.0 TIE t_best=0.5s wall=60s
[wc60_30s] cdp205 seed=30: M=3 D=588.88 gap=-0.0 TIE t_best=0.5s wall=60s
[wc60_30s] cdp206 seed=1: M=3 D=588.49 gap=-0.0 TIE t_best=0.7s wall=60s
[wc60_30s] cdp206 seed=2: M=3 D=588.49 gap=-0.0 TIE t_best=0.7s wall=60s
[wc60_30s] cdp206 seed=3: M=3 D=588.49 gap=-0.0 TIE t_best=0.8s wall=60s
[wc60_30s] cdp206 seed=4: M=3 D=588.49 gap=-0.0 TIE t_best=0.8s wall=60s
[wc60_30s] cdp206 seed=5: M=3 D=588.49 gap=-0.0 TIE t_best=0.8s wall=60s
[wc60_30s] cdp206 seed=6: M=3 D=588.49 gap=-0.0 TIE t_best=0.7s wall=60s
[wc60_30s] cdp206 seed=7: M=3 D=588.49 gap=-0.0 TIE t_best=0.8s wall=60s
[wc60_30s] cdp206 seed=8: M=3 D=588.49 gap=-0.0 TIE t_best=0.7s wall=60s
[wc60_30s] cdp206 seed=9: M=3 D=588.49 gap=-0.0 TIE t_best=0.7s wall=60s
[wc60_30s] cdp206 seed=10: M=3 D=588.49 gap=-0.0 TIE t_best=0.8s wall=60s
[wc60_30s] cdp206 seed=11: M=3 D=588.49 gap=-0.0 TIE t_best=0.7s wall=60s
[wc60_30s] cdp206 seed=12: M=3 D=588.49 gap=-0.0 TIE t_best=0.7s wall=60s
[wc60_30s] cdp206 seed=13: M=3 D=588.49 gap=-0.0 TIE t_best=0.8s wall=60s
[wc60_30s] cdp206 seed=14: M=3 D=588.49 gap=-0.0 TIE t_best=0.7s wall=60s
[wc60_30s] cdp206 seed=15: M=3 D=588.49 gap=-0.0 TIE t_best=0.7s wall=60s
[wc60_30s] cdp206 seed=16: M=3 D=588.49 gap=-0.0 TIE t_best=0.7s wall=60s
[wc60_30s] cdp206 seed=17: M=3 D=588.49 gap=-0.0 TIE t_best=0.7s wall=60s
[wc60_30s] cdp206 seed=18: M=3 D=588.49 gap=-0.0 TIE t_best=0.8s wall=60s
[wc60_30s] cdp206 seed=19: M=3 D=588.49 gap=-0.0 TIE t_best=0.7s wall=60s
[wc60_30s] cdp206 seed=20: M=3 D=588.49 gap=-0.0 TIE t_best=0.8s wall=60s
[wc60_30s] cdp206 seed=21: M=3 D=588.49 gap=-0.0 TIE t_best=0.7s wall=60s
[wc60_30s] cdp206 seed=22: M=3 D=588.49 gap=-0.0 TIE t_best=0.7s wall=60s
[wc60_30s] cdp206 seed=23: M=3 D=588.49 gap=-0.0 TIE t_best=0.7s wall=60s
[wc60_30s] cdp206 seed=24: M=3 D=588.49 gap=-0.0 TIE t_best=0.8s wall=60s
[wc60_30s] cdp206 seed=25: M=3 D=588.49 gap=-0.0 TIE t_best=0.7s wall=60s
[wc60_30s] cdp206 seed=26: M=3 D=588.49 gap=-0.0 TIE t_best=0.7s wall=60s
[wc60_30s] cdp206 seed=27: M=3 D=588.49 gap=-0.0 TIE t_best=0.7s wall=60s
[wc60_30s] cdp206 seed=28: M=3 D=588.49 gap=-0.0 TIE t_best=0.8s wall=60s
[wc60_30s] cdp206 seed=29: M=3 D=588.49 gap=-0.0 TIE t_best=0.7s wall=60s
[wc60_30s] cdp206 seed=30: M=3 D=588.49 gap=-0.0 TIE t_best=0.7s wall=60s
[wc60_30s] cdp207 seed=1: M=3 D=588.29 gap=0.0 TIE t_best=0.8s wall=60s
[wc60_30s] cdp207 seed=2: M=3 D=588.29 gap=0.0 TIE t_best=0.8s wall=60s
[wc60_30s] cdp207 seed=3: M=3 D=588.29 gap=0.0 TIE t_best=0.9s wall=60s
[wc60_30s] cdp207 seed=4: M=3 D=588.29 gap=0.0 TIE t_best=0.8s wall=60s
[wc60_30s] cdp207 seed=5: M=3 D=588.29 gap=0.0 TIE t_best=0.8s wall=60s
[wc60_30s] cdp207 seed=6: M=3 D=588.29 gap=0.0 TIE t_best=0.8s wall=60s
[wc60_30s] cdp207 seed=7: M=3 D=588.29 gap=0.0 TIE t_best=0.9s wall=60s
[wc60_30s] cdp207 seed=8: M=3 D=588.29 gap=0.0 TIE t_best=0.9s wall=60s
[wc60_30s] cdp207 seed=9: M=3 D=588.29 gap=0.0 TIE t_best=0.8s wall=60s
[wc60_30s] cdp207 seed=10: M=3 D=588.29 gap=0.0 TIE t_best=0.9s wall=60s
[wc60_30s] cdp207 seed=11: M=3 D=588.29 gap=0.0 TIE t_best=0.9s wall=60s
[wc60_30s] cdp207 seed=12: M=3 D=588.29 gap=0.0 TIE t_best=0.8s wall=60s
[wc60_30s] cdp207 seed=13: M=3 D=588.29 gap=0.0 TIE t_best=0.9s wall=60s
[wc60_30s] cdp207 seed=14: M=3 D=588.29 gap=0.0 TIE t_best=0.9s wall=60s
[wc60_30s] cdp207 seed=15: M=3 D=588.29 gap=0.0 TIE t_best=0.8s wall=60s
[wc60_30s] cdp207 seed=16: M=3 D=588.29 gap=0.0 TIE t_best=0.8s wall=60s
[wc60_30s] cdp207 seed=17: M=3 D=588.29 gap=0.0 TIE t_best=0.9s wall=60s
[wc60_30s] cdp207 seed=18: M=3 D=588.29 gap=0.0 TIE t_best=0.9s wall=60s
[wc60_30s] cdp207 seed=19: M=3 D=588.29 gap=0.0 TIE t_best=0.9s wall=60s
[wc60_30s] cdp207 seed=20: M=3 D=588.29 gap=0.0 TIE t_best=0.8s wall=60s
[wc60_30s] cdp207 seed=21: M=3 D=588.29 gap=0.0 TIE t_best=0.9s wall=60s
[wc60_30s] cdp207 seed=22: M=3 D=588.29 gap=0.0 TIE t_best=0.8s wall=60s
[wc60_30s] cdp207 seed=23: M=3 D=588.29 gap=0.0 TIE t_best=0.8s wall=60s
[wc60_30s] cdp207 seed=24: M=3 D=588.29 gap=0.0 TIE t_best=0.9s wall=60s
[wc60_30s] cdp207 seed=25: M=3 D=588.29 gap=0.0 TIE t_best=0.8s wall=60s
[wc60_30s] cdp207 seed=26: M=3 D=588.29 gap=0.0 TIE t_best=0.9s wall=60s
[wc60_30s] cdp207 seed=27: M=3 D=588.29 gap=0.0 TIE t_best=0.9s wall=60s
[wc60_30s] cdp207 seed=28: M=3 D=588.29 gap=0.0 TIE t_best=0.8s wall=60s
[wc60_30s] cdp207 seed=29: M=3 D=588.29 gap=0.0 TIE t_best=0.9s wall=60s
[wc60_30s] cdp207 seed=30: M=3 D=588.29 gap=0.0 TIE t_best=0.9s wall=60s
[wc60_30s] cdp208 seed=1: M=3 D=588.32 gap=-0.0 TIE t_best=0.9s wall=60s
[wc60_30s] cdp208 seed=2: M=3 D=588.32 gap=-0.0 TIE t_best=0.9s wall=60s
[wc60_30s] cdp208 seed=3: M=3 D=588.32 gap=-0.0 TIE t_best=0.9s wall=60s
[wc60_30s] cdp208 seed=4: M=3 D=588.32 gap=-0.0 TIE t_best=0.9s wall=60s
[wc60_30s] cdp208 seed=5: M=3 D=588.32 gap=-0.0 TIE t_best=0.9s wall=60s
[wc60_30s] cdp208 seed=6: M=3 D=588.32 gap=-0.0 TIE t_best=0.9s wall=60s
[wc60_30s] cdp208 seed=7: M=3 D=588.32 gap=-0.0 TIE t_best=0.9s wall=60s
[wc60_30s] cdp208 seed=8: M=3 D=588.32 gap=-0.0 TIE t_best=0.9s wall=60s
[wc60_30s] cdp208 seed=9: M=3 D=588.32 gap=-0.0 TIE t_best=0.9s wall=60s
[wc60_30s] cdp208 seed=10: M=3 D=588.32 gap=-0.0 TIE t_best=0.9s wall=60s
[wc60_30s] cdp208 seed=11: M=3 D=588.32 gap=-0.0 TIE t_best=0.9s wall=60s
[wc60_30s] cdp208 seed=12: M=3 D=588.32 gap=-0.0 TIE t_best=0.9s wall=60s
[wc60_30s] cdp208 seed=13: M=3 D=588.32 gap=-0.0 TIE t_best=0.9s wall=60s
[wc60_30s] cdp208 seed=14: M=3 D=588.32 gap=-0.0 TIE t_best=0.9s wall=60s
[wc60_30s] cdp208 seed=15: M=3 D=588.32 gap=-0.0 TIE t_best=0.9s wall=60s
[wc60_30s] cdp208 seed=16: M=3 D=588.32 gap=-0.0 TIE t_best=0.9s wall=60s
[wc60_30s] cdp208 seed=17: M=3 D=588.32 gap=-0.0 TIE t_best=0.9s wall=60s
[wc60_30s] cdp208 seed=18: M=3 D=588.32 gap=-0.0 TIE t_best=0.9s wall=60s
[wc60_30s] cdp208 seed=19: M=3 D=588.32 gap=-0.0 TIE t_best=0.9s wall=60s
[wc60_30s] cdp208 seed=20: M=3 D=588.32 gap=-0.0 TIE t_best=0.9s wall=60s
[wc60_30s] cdp208 seed=21: M=3 D=588.32 gap=-0.0 TIE t_best=0.9s wall=60s
[wc60_30s] cdp208 seed=22: M=3 D=588.32 gap=-0.0 TIE t_best=0.9s wall=60s
[wc60_30s] cdp208 seed=23: M=3 D=588.32 gap=-0.0 TIE t_best=0.9s wall=60s
[wc60_30s] cdp208 seed=24: M=3 D=588.32 gap=-0.0 TIE t_best=0.9s wall=60s
[wc60_30s] cdp208 seed=25: M=3 D=588.32 gap=-0.0 TIE t_best=0.9s wall=60s
[wc60_30s] cdp208 seed=26: M=3 D=588.32 gap=-0.0 TIE t_best=0.9s wall=60s
[wc60_30s] cdp208 seed=27: M=3 D=588.32 gap=-0.0 TIE t_best=0.9s wall=60s
[wc60_30s] cdp208 seed=28: M=3 D=588.32 gap=-0.0 TIE t_best=0.9s wall=60s
[wc60_30s] cdp208 seed=29: M=3 D=588.32 gap=-0.0 TIE t_best=0.9s wall=60s
[wc60_30s] cdp208 seed=30: M=3 D=588.32 gap=-0.0 TIE t_best=0.9s wall=60s
[wc60_30s] rdp101 seed=1: M=19 D=1650.80 gap=-0.0 TIE t_best=1.0s wall=60s
[wc60_30s] rdp101 seed=2: M=19 D=1650.80 gap=-0.0 TIE t_best=1.3s wall=60s
[wc60_30s] rdp101 seed=3: M=19 D=1650.80 gap=-0.0 TIE t_best=1.0s wall=60s
[wc60_30s] rdp101 seed=4: M=19 D=1650.80 gap=-0.0 TIE t_best=1.0s wall=60s
[wc60_30s] rdp101 seed=5: M=19 D=1650.80 gap=-0.0 TIE t_best=1.0s wall=60s
[wc60_30s] rdp101 seed=6: M=19 D=1650.80 gap=-0.0 TIE t_best=1.0s wall=60s
[wc60_30s] rdp101 seed=7: M=19 D=1650.80 gap=-0.0 TIE t_best=1.0s wall=60s
[wc60_30s] rdp101 seed=8: M=19 D=1650.80 gap=-0.0 TIE t_best=1.3s wall=60s
[wc60_30s] rdp101 seed=9: M=19 D=1650.80 gap=-0.0 TIE t_best=1.3s wall=60s
[wc60_30s] rdp101 seed=10: M=19 D=1650.80 gap=-0.0 TIE t_best=1.3s wall=60s
[wc60_30s] rdp101 seed=11: M=19 D=1650.80 gap=-0.0 TIE t_best=1.0s wall=60s
[wc60_30s] rdp101 seed=12: M=19 D=1650.80 gap=-0.0 TIE t_best=1.6s wall=60s
[wc60_30s] rdp101 seed=13: M=19 D=1650.80 gap=-0.0 TIE t_best=0.9s wall=60s
[wc60_30s] rdp101 seed=14: M=19 D=1650.80 gap=-0.0 TIE t_best=1.3s wall=60s
[wc60_30s] rdp101 seed=15: M=19 D=1650.80 gap=-0.0 TIE t_best=0.9s wall=60s
[wc60_30s] rdp101 seed=16: M=19 D=1650.80 gap=-0.0 TIE t_best=1.0s wall=60s
[wc60_30s] rdp101 seed=17: M=19 D=1650.80 gap=-0.0 TIE t_best=1.3s wall=60s
[wc60_30s] rdp101 seed=18: M=19 D=1650.80 gap=-0.0 TIE t_best=1.0s wall=60s
[wc60_30s] rdp101 seed=19: M=19 D=1650.80 gap=-0.0 TIE t_best=1.0s wall=60s
[wc60_30s] rdp101 seed=20: M=19 D=1650.80 gap=-0.0 TIE t_best=1.3s wall=60s
[wc60_30s] rdp101 seed=21: M=19 D=1650.80 gap=-0.0 TIE t_best=1.0s wall=60s
[wc60_30s] rdp101 seed=22: M=19 D=1650.80 gap=-0.0 TIE t_best=1.0s wall=60s
[wc60_30s] rdp101 seed=23: M=19 D=1650.80 gap=-0.0 TIE t_best=1.0s wall=60s
[wc60_30s] rdp101 seed=24: M=19 D=1650.80 gap=-0.0 TIE t_best=1.0s wall=60s
[wc60_30s] rdp101 seed=25: M=19 D=1650.80 gap=-0.0 TIE t_best=0.9s wall=60s
[wc60_30s] rdp101 seed=26: M=19 D=1650.80 gap=-0.0 TIE t_best=0.6s wall=60s
[wc60_30s] rdp101 seed=27: M=19 D=1650.80 gap=-0.0 TIE t_best=1.0s wall=60s
[wc60_30s] rdp101 seed=28: M=19 D=1650.80 gap=-0.0 TIE t_best=1.0s wall=60s
[wc60_30s] rdp101 seed=29: M=19 D=1650.80 gap=-0.0 TIE t_best=1.0s wall=60s
[wc60_30s] rdp101 seed=30: M=19 D=1650.80 gap=-0.0 TIE t_best=1.2s wall=60s
[wc60_30s] rdp102 seed=1: M=17 D=1486.12 gap=0.0 TIE t_best=1.9s wall=60s
[wc60_30s] rdp102 seed=2: M=17 D=1486.12 gap=0.0 TIE t_best=1.9s wall=60s
[wc60_30s] rdp102 seed=3: M=17 D=1486.12 gap=0.0 TIE t_best=1.3s wall=60s
[wc60_30s] rdp102 seed=4: M=17 D=1486.12 gap=0.0 TIE t_best=1.9s wall=60s
[wc60_30s] rdp102 seed=5: M=17 D=1486.12 gap=0.0 TIE t_best=1.9s wall=60s
[wc60_30s] rdp102 seed=6: M=17 D=1486.12 gap=0.0 TIE t_best=1.9s wall=60s
[wc60_30s] rdp102 seed=7: M=17 D=1486.12 gap=0.0 TIE t_best=1.9s wall=60s
[wc60_30s] rdp102 seed=8: M=17 D=1486.12 gap=0.0 TIE t_best=1.3s wall=60s
[wc60_30s] rdp102 seed=9: M=17 D=1486.12 gap=0.0 TIE t_best=1.9s wall=60s
[wc60_30s] rdp102 seed=10: M=17 D=1486.12 gap=0.0 TIE t_best=1.3s wall=60s
[wc60_30s] rdp102 seed=11: M=17 D=1486.12 gap=0.0 TIE t_best=1.9s wall=60s
[wc60_30s] rdp102 seed=12: M=17 D=1486.12 gap=0.0 TIE t_best=2.0s wall=60s
[wc60_30s] rdp102 seed=13: M=17 D=1486.12 gap=0.0 TIE t_best=1.3s wall=60s
[wc60_30s] rdp102 seed=14: M=17 D=1486.12 gap=0.0 TIE t_best=1.3s wall=60s
[wc60_30s] rdp102 seed=15: M=17 D=1486.12 gap=0.0 TIE t_best=1.9s wall=60s
[wc60_30s] rdp102 seed=16: M=17 D=1486.12 gap=0.0 TIE t_best=1.9s wall=60s
[wc60_30s] rdp102 seed=17: M=17 D=1486.12 gap=0.0 TIE t_best=1.9s wall=60s
[wc60_30s] rdp102 seed=18: M=17 D=1486.12 gap=0.0 TIE t_best=1.9s wall=60s
[wc60_30s] rdp102 seed=19: M=17 D=1486.12 gap=0.0 TIE t_best=1.3s wall=60s
[wc60_30s] rdp102 seed=20: M=17 D=1486.12 gap=0.0 TIE t_best=1.3s wall=60s
[wc60_30s] rdp102 seed=21: M=17 D=1486.12 gap=0.0 TIE t_best=1.3s wall=60s
[wc60_30s] rdp102 seed=22: M=17 D=1486.12 gap=0.0 TIE t_best=1.9s wall=60s
[wc60_30s] rdp102 seed=23: M=17 D=1486.12 gap=0.0 TIE t_best=1.9s wall=60s
[wc60_30s] rdp102 seed=24: M=17 D=1486.12 gap=0.0 TIE t_best=1.9s wall=60s
[wc60_30s] rdp102 seed=25: M=17 D=1486.12 gap=0.0 TIE t_best=1.9s wall=60s
[wc60_30s] rdp102 seed=26: M=17 D=1486.12 gap=0.0 TIE t_best=1.3s wall=60s
[wc60_30s] rdp102 seed=27: M=17 D=1486.12 gap=0.0 TIE t_best=1.3s wall=60s
[wc60_30s] rdp102 seed=28: M=17 D=1486.12 gap=0.0 TIE t_best=1.9s wall=60s
[wc60_30s] rdp102 seed=29: M=17 D=1486.12 gap=0.0 TIE t_best=1.9s wall=60s
[wc60_30s] rdp102 seed=30: M=17 D=1486.12 gap=0.0 TIE t_best=1.9s wall=60s
[wc60_30s] rdp103 seed=1: M=13 D=1294.64 gap=0.0 TIE t_best=2.8s wall=60s
[wc60_30s] rdp103 seed=2: M=13 D=1294.64 gap=0.0 TIE t_best=3.8s wall=60s
[wc60_30s] rdp103 seed=3: M=13 D=1294.64 gap=0.0 TIE t_best=27.6s wall=60s
[wc60_30s] rdp103 seed=4: M=13 D=1294.64 gap=0.0 TIE t_best=3.7s wall=60s
[wc60_30s] rdp103 seed=5: M=13 D=1294.64 gap=0.0 TIE t_best=14.3s wall=60s
[wc60_30s] rdp103 seed=6: M=13 D=1294.64 gap=0.0 TIE t_best=6.6s wall=60s
[wc60_30s] rdp103 seed=7: M=13 D=1294.64 gap=0.0 TIE t_best=2.8s wall=60s
[wc60_30s] rdp103 seed=8: M=13 D=1294.64 gap=0.0 TIE t_best=3.8s wall=60s
[wc60_30s] rdp103 seed=9: M=13 D=1294.64 gap=0.0 TIE t_best=3.8s wall=60s
[wc60_30s] rdp103 seed=10: M=13 D=1294.64 gap=0.0 TIE t_best=3.8s wall=60s
[wc60_30s] rdp103 seed=11: M=13 D=1294.64 gap=0.0 TIE t_best=2.8s wall=60s
[wc60_30s] rdp103 seed=12: M=13 D=1294.64 gap=0.0 TIE t_best=19.1s wall=60s
[wc60_30s] rdp103 seed=13: M=13 D=1294.64 gap=0.0 TIE t_best=3.8s wall=60s
[wc60_30s] rdp103 seed=14: M=13 D=1294.64 gap=0.0 TIE t_best=2.8s wall=60s
[wc60_30s] rdp103 seed=15: M=13 D=1294.64 gap=0.0 TIE t_best=2.8s wall=60s
[wc60_30s] rdp103 seed=16: M=13 D=1294.64 gap=0.0 TIE t_best=14.3s wall=60s
[wc60_30s] rdp103 seed=17: M=13 D=1294.64 gap=0.0 TIE t_best=3.8s wall=60s
[wc60_30s] rdp103 seed=18: M=13 D=1294.64 gap=0.0 TIE t_best=3.7s wall=60s
[wc60_30s] rdp103 seed=19: M=13 D=1294.64 gap=0.0 TIE t_best=4.8s wall=60s
[wc60_30s] rdp103 seed=20: M=13 D=1294.64 gap=0.0 TIE t_best=3.8s wall=60s
[wc60_30s] rdp103 seed=21: M=13 D=1294.64 gap=0.0 TIE t_best=4.8s wall=60s
[wc60_30s] rdp103 seed=22: M=13 D=1294.64 gap=0.0 TIE t_best=4.7s wall=60s
[wc60_30s] rdp103 seed=23: M=13 D=1294.64 gap=0.0 TIE t_best=3.8s wall=60s
[wc60_30s] rdp103 seed=24: M=13 D=1294.64 gap=0.0 TIE t_best=2.9s wall=60s
[wc60_30s] rdp103 seed=25: M=13 D=1294.64 gap=0.0 TIE t_best=3.8s wall=60s
[wc60_30s] rdp103 seed=26: M=13 D=1294.64 gap=0.0 TIE t_best=1.9s wall=60s
[wc60_30s] rdp103 seed=27: M=13 D=1294.64 gap=0.0 TIE t_best=4.7s wall=60s
[wc60_30s] rdp103 seed=28: M=13 D=1294.64 gap=0.0 TIE t_best=3.8s wall=60s
[wc60_30s] rdp103 seed=29: M=13 D=1294.64 gap=0.0 TIE t_best=2.8s wall=60s
[wc60_30s] rdp103 seed=30: M=13 D=1294.64 gap=0.0 TIE t_best=3.7s wall=60s
[wc60_30s] rdp104 seed=1: M=9 D=1017.22 gap=-0.0483 NEW_BEST t_best=3.9s wall=60s
[wc60_30s] rdp104 seed=2: M=9 D=1017.22 gap=-0.0483 NEW_BEST t_best=5.2s wall=60s
[wc60_30s] rdp104 seed=3: M=9 D=1017.22 gap=-0.0483 NEW_BEST t_best=7.8s wall=60s
[wc60_30s] rdp104 seed=4: M=9 D=1017.22 gap=-0.0483 NEW_BEST t_best=7.8s wall=60s
[wc60_30s] rdp104 seed=5: M=9 D=1017.22 gap=-0.0483 NEW_BEST t_best=21.1s wall=60s
[wc60_30s] rdp104 seed=6: M=9 D=1017.22 gap=-0.0483 NEW_BEST t_best=5.2s wall=60s
[wc60_30s] rdp104 seed=7: M=9 D=1017.22 gap=-0.0483 NEW_BEST t_best=10.6s wall=60s
[wc60_30s] rdp104 seed=8: M=9 D=1017.22 gap=-0.0483 NEW_BEST t_best=3.9s wall=60s
[wc60_30s] rdp104 seed=9: M=9 D=1017.22 gap=-0.0483 NEW_BEST t_best=9.1s wall=60s
[wc60_30s] rdp104 seed=10: M=9 D=1017.22 gap=-0.0483 NEW_BEST t_best=7.8s wall=60s
[wc60_30s] rdp104 seed=11: M=9 D=1017.22 gap=-0.0483 NEW_BEST t_best=7.9s wall=60s
[wc60_30s] rdp104 seed=12: M=9 D=1017.22 gap=-0.0483 NEW_BEST t_best=6.5s wall=60s
[wc60_30s] rdp104 seed=13: M=9 D=1017.22 gap=-0.0483 NEW_BEST t_best=6.6s wall=60s
[wc60_30s] rdp104 seed=14: M=9 D=1017.22 gap=-0.0483 NEW_BEST t_best=6.5s wall=60s
[wc60_30s] rdp104 seed=15: M=9 D=1017.22 gap=-0.0483 NEW_BEST t_best=7.9s wall=60s
[wc60_30s] rdp104 seed=16: M=9 D=1017.22 gap=-0.0483 NEW_BEST t_best=9.1s wall=60s
[wc60_30s] rdp104 seed=17: M=9 D=1017.22 gap=-0.0483 NEW_BEST t_best=5.2s wall=60s
[wc60_30s] rdp104 seed=18: M=9 D=1017.22 gap=-0.0483 NEW_BEST t_best=3.9s wall=60s
[wc60_30s] rdp104 seed=19: M=9 D=1017.22 gap=-0.0483 NEW_BEST t_best=9.1s wall=60s
[wc60_30s] rdp104 seed=20: M=9 D=1017.22 gap=-0.0483 NEW_BEST t_best=6.6s wall=60s
[wc60_30s] rdp104 seed=21: M=9 D=1017.22 gap=-0.0483 NEW_BEST t_best=13.1s wall=60s
[wc60_30s] rdp104 seed=22: M=9 D=1017.22 gap=-0.0483 NEW_BEST t_best=9.1s wall=60s
[wc60_30s] rdp104 seed=23: M=9 D=1017.22 gap=-0.0483 NEW_BEST t_best=9.2s wall=60s
[wc60_30s] rdp104 seed=24: M=9 D=1017.22 gap=-0.0483 NEW_BEST t_best=2.6s wall=60s
[wc60_30s] rdp104 seed=25: M=9 D=1017.22 gap=-0.0483 NEW_BEST t_best=7.8s wall=60s
[wc60_30s] rdp104 seed=26: M=9 D=1017.22 gap=-0.0483 NEW_BEST t_best=7.9s wall=60s
[wc60_30s] rdp104 seed=27: M=9 D=1017.22 gap=-0.0483 NEW_BEST t_best=6.6s wall=60s
[wc60_30s] rdp104 seed=28: M=9 D=1017.22 gap=-0.0483 NEW_BEST t_best=7.9s wall=60s
[wc60_30s] rdp104 seed=29: M=9 D=1017.22 gap=-0.0483 NEW_BEST t_best=10.5s wall=60s
[wc60_30s] rdp104 seed=30: M=9 D=1017.22 gap=-0.0483 NEW_BEST t_best=7.9s wall=60s
[wc60_30s] rdp105 seed=1: M=14 D=1377.11 gap=-0.0 TIE t_best=0.4s wall=60s
[wc60_30s] rdp105 seed=2: M=14 D=1377.11 gap=-0.0 TIE t_best=0.4s wall=60s
[wc60_30s] rdp105 seed=3: M=14 D=1377.11 gap=-0.0 TIE t_best=0.4s wall=60s
[wc60_30s] rdp105 seed=4: M=14 D=1377.11 gap=-0.0 TIE t_best=0.4s wall=60s
[wc60_30s] rdp105 seed=5: M=14 D=1377.11 gap=-0.0 TIE t_best=0.9s wall=60s
[wc60_30s] rdp105 seed=6: M=14 D=1377.11 gap=-0.0 TIE t_best=0.9s wall=60s
[wc60_30s] rdp105 seed=7: M=14 D=1377.11 gap=-0.0 TIE t_best=0.4s wall=60s
[wc60_30s] rdp105 seed=8: M=14 D=1377.11 gap=-0.0 TIE t_best=0.5s wall=60s
[wc60_30s] rdp105 seed=9: M=14 D=1377.11 gap=-0.0 TIE t_best=0.4s wall=60s
[wc60_30s] rdp105 seed=10: M=14 D=1377.11 gap=-0.0 TIE t_best=0.4s wall=60s
[wc60_30s] rdp105 seed=11: M=14 D=1377.11 gap=-0.0 TIE t_best=0.4s wall=60s
[wc60_30s] rdp105 seed=12: M=14 D=1377.11 gap=-0.0 TIE t_best=0.9s wall=60s
[wc60_30s] rdp105 seed=13: M=14 D=1377.11 gap=-0.0 TIE t_best=0.5s wall=60s
[wc60_30s] rdp105 seed=14: M=14 D=1377.11 gap=-0.0 TIE t_best=0.9s wall=60s
[wc60_30s] rdp105 seed=15: M=14 D=1377.11 gap=-0.0 TIE t_best=0.9s wall=60s
[wc60_30s] rdp105 seed=16: M=14 D=1377.11 gap=-0.0 TIE t_best=0.9s wall=60s
[wc60_30s] rdp105 seed=17: M=14 D=1377.11 gap=-0.0 TIE t_best=0.5s wall=60s
[wc60_30s] rdp105 seed=18: M=14 D=1377.11 gap=-0.0 TIE t_best=0.4s wall=60s
[wc60_30s] rdp105 seed=19: M=14 D=1377.11 gap=-0.0 TIE t_best=0.4s wall=60s
[wc60_30s] rdp105 seed=20: M=14 D=1377.11 gap=-0.0 TIE t_best=0.9s wall=60s
[wc60_30s] rdp105 seed=21: M=14 D=1377.11 gap=-0.0 TIE t_best=0.4s wall=60s
[wc60_30s] rdp105 seed=22: M=14 D=1377.11 gap=-0.0 TIE t_best=0.4s wall=60s
[wc60_30s] rdp105 seed=23: M=14 D=1377.11 gap=-0.0 TIE t_best=0.5s wall=60s
[wc60_30s] rdp105 seed=24: M=14 D=1377.11 gap=-0.0 TIE t_best=0.5s wall=60s
[wc60_30s] rdp105 seed=25: M=14 D=1377.11 gap=-0.0 TIE t_best=0.9s wall=60s
[wc60_30s] rdp105 seed=26: M=14 D=1377.11 gap=-0.0 TIE t_best=0.9s wall=60s
[wc60_30s] rdp105 seed=27: M=14 D=1377.11 gap=-0.0 TIE t_best=0.4s wall=60s
[wc60_30s] rdp105 seed=28: M=14 D=1377.11 gap=-0.0 TIE t_best=0.9s wall=60s
[wc60_30s] rdp105 seed=29: M=14 D=1377.11 gap=-0.0 TIE t_best=0.9s wall=60s
[wc60_30s] rdp105 seed=30: M=14 D=1377.11 gap=-0.0 TIE t_best=0.9s wall=60s
[wc60_30s] rdp106 seed=1: M=12 D=1252.03 gap=-0.0 TIE t_best=1.6s wall=60s
[wc60_30s] rdp106 seed=2: M=12 D=1252.03 gap=-0.0 TIE t_best=0.8s wall=60s
[wc60_30s] rdp106 seed=3: M=12 D=1252.03 gap=-0.0 TIE t_best=1.6s wall=60s
[wc60_30s] rdp106 seed=4: M=12 D=1252.03 gap=-0.0 TIE t_best=1.6s wall=60s
[wc60_30s] rdp106 seed=5: M=12 D=1252.03 gap=-0.0 TIE t_best=1.6s wall=60s
[wc60_30s] rdp106 seed=6: M=12 D=1252.03 gap=-0.0 TIE t_best=0.8s wall=60s
[wc60_30s] rdp106 seed=7: M=12 D=1252.03 gap=-0.0 TIE t_best=1.6s wall=60s
[wc60_30s] rdp106 seed=8: M=12 D=1252.03 gap=-0.0 TIE t_best=1.6s wall=60s
[wc60_30s] rdp106 seed=9: M=12 D=1252.03 gap=-0.0 TIE t_best=1.6s wall=60s
[wc60_30s] rdp106 seed=10: M=12 D=1252.03 gap=-0.0 TIE t_best=1.6s wall=60s
[wc60_30s] rdp106 seed=11: M=12 D=1252.03 gap=-0.0 TIE t_best=1.6s wall=60s
[wc60_30s] rdp106 seed=12: M=12 D=1252.03 gap=-0.0 TIE t_best=1.6s wall=60s
[wc60_30s] rdp106 seed=13: M=12 D=1252.03 gap=-0.0 TIE t_best=1.6s wall=60s
[wc60_30s] rdp106 seed=14: M=12 D=1252.03 gap=-0.0 TIE t_best=1.6s wall=60s
[wc60_30s] rdp106 seed=15: M=12 D=1252.03 gap=-0.0 TIE t_best=1.6s wall=60s
[wc60_30s] rdp106 seed=16: M=12 D=1252.03 gap=-0.0 TIE t_best=3.2s wall=60s
[wc60_30s] rdp106 seed=17: M=12 D=1252.03 gap=-0.0 TIE t_best=1.6s wall=60s
[wc60_30s] rdp106 seed=18: M=12 D=1252.03 gap=-0.0 TIE t_best=1.6s wall=60s
[wc60_30s] rdp106 seed=19: M=12 D=1252.03 gap=-0.0 TIE t_best=1.6s wall=60s
[wc60_30s] rdp106 seed=20: M=12 D=1252.03 gap=-0.0 TIE t_best=1.6s wall=60s
[wc60_30s] rdp106 seed=21: M=12 D=1252.03 gap=-0.0 TIE t_best=1.6s wall=60s
[wc60_30s] rdp106 seed=22: M=12 D=1252.03 gap=-0.0 TIE t_best=1.6s wall=60s
[wc60_30s] rdp106 seed=23: M=12 D=1252.03 gap=-0.0 TIE t_best=2.4s wall=60s
[wc60_30s] rdp106 seed=24: M=12 D=1252.03 gap=-0.0 TIE t_best=1.6s wall=60s
[wc60_30s] rdp106 seed=25: M=12 D=1252.03 gap=-0.0 TIE t_best=2.5s wall=60s
[wc60_30s] rdp106 seed=26: M=12 D=1252.03 gap=-0.0 TIE t_best=1.6s wall=60s
[wc60_30s] rdp106 seed=27: M=12 D=1252.03 gap=-0.0 TIE t_best=1.6s wall=60s
[wc60_30s] rdp106 seed=28: M=12 D=1252.03 gap=-0.0 TIE t_best=1.6s wall=60s
[wc60_30s] rdp106 seed=29: M=12 D=1252.03 gap=-0.0 TIE t_best=1.6s wall=60s
[wc60_30s] rdp106 seed=30: M=12 D=1252.03 gap=-0.0 TIE t_best=1.7s wall=60s
[wc60_30s] rdp107 seed=1: M=10 D=1112.55 gap=0.0 TIE t_best=20.8s wall=60s
[wc60_30s] rdp107 seed=2: M=10 D=1112.55 gap=0.0 TIE t_best=37.3s wall=60s
[wc60_30s] rdp107 seed=3: M=10 D=1112.55 gap=0.0 TIE t_best=12.7s wall=60s
[wc60_30s] rdp107 seed=4: M=10 D=1112.55 gap=0.0 TIE t_best=11.5s wall=60s
[wc60_30s] rdp107 seed=5: M=10 D=1112.55 gap=0.0 TIE t_best=8.2s wall=60s
[wc60_30s] rdp107 seed=6: M=10 D=1112.55 gap=0.0 TIE t_best=19.7s wall=60s
[wc60_30s] rdp107 seed=7: M=10 D=1112.55 gap=0.0 TIE t_best=24.4s wall=60s
[wc60_30s] rdp107 seed=8: M=10 D=1112.55 gap=0.0 TIE t_best=15.1s wall=60s
[wc60_30s] rdp107 seed=9: M=10 D=1112.55 gap=0.0 TIE t_best=5.7s wall=60s
[wc60_30s] rdp107 seed=10: M=10 D=1112.55 gap=0.0 TIE t_best=6.9s wall=60s
[wc60_30s] rdp107 seed=11: M=10 D=1112.55 gap=0.0 TIE t_best=11.5s wall=60s
[wc60_30s] rdp107 seed=12: M=10 D=1112.55 gap=0.0 TIE t_best=7.0s wall=60s
[wc60_30s] rdp107 seed=13: M=10 D=1112.55 gap=0.0 TIE t_best=13.9s wall=60s
[wc60_30s] rdp107 seed=14: M=10 D=1112.55 gap=0.0 TIE t_best=15.1s wall=60s
[wc60_30s] rdp107 seed=15: M=10 D=1112.55 gap=0.0 TIE t_best=16.3s wall=60s
[wc60_30s] rdp107 seed=16: M=10 D=1112.55 gap=0.0 TIE t_best=8.1s wall=60s
[wc60_30s] rdp107 seed=17: M=10 D=1112.55 gap=0.0 TIE t_best=10.4s wall=60s
[wc60_30s] rdp107 seed=18: M=10 D=1112.55 gap=0.0 TIE t_best=11.6s wall=60s
[wc60_30s] rdp107 seed=19: M=10 D=1112.55 gap=0.0 TIE t_best=16.2s wall=60s
[wc60_30s] rdp107 seed=20: M=10 D=1112.55 gap=0.0 TIE t_best=15.2s wall=60s
[wc60_30s] rdp107 seed=21: M=10 D=1112.55 gap=0.0 TIE t_best=11.6s wall=60s
[wc60_30s] rdp107 seed=22: M=10 D=1112.55 gap=0.0 TIE t_best=15.1s wall=60s
[wc60_30s] rdp107 seed=23: M=10 D=1112.55 gap=0.0 TIE t_best=12.7s wall=60s
[wc60_30s] rdp107 seed=24: M=10 D=1112.55 gap=0.0 TIE t_best=18.5s wall=60s
[wc60_30s] rdp107 seed=25: M=10 D=1112.55 gap=0.0 TIE t_best=20.9s wall=60s
[wc60_30s] rdp107 seed=26: M=10 D=1112.55 gap=0.0 TIE t_best=10.4s wall=60s
[wc60_30s] rdp107 seed=27: M=10 D=1112.55 gap=0.0 TIE t_best=8.1s wall=60s
[wc60_30s] rdp107 seed=28: M=10 D=1112.55 gap=0.0 TIE t_best=11.5s wall=60s
[wc60_30s] rdp107 seed=29: M=10 D=1112.55 gap=0.0 TIE t_best=16.2s wall=60s
[wc60_30s] rdp107 seed=30: M=10 D=1112.55 gap=0.0 TIE t_best=39.5s wall=60s
[wc60_30s] rdp108 seed=1: M=9 D=965.22 gap=-0.0 TIE t_best=9.7s wall=60s
[wc60_30s] rdp108 seed=2: M=9 D=965.22 gap=-0.0 TIE t_best=12.5s wall=60s
[wc60_30s] rdp108 seed=3: M=9 D=965.22 gap=-0.0 TIE t_best=6.8s wall=60s
[wc60_30s] rdp108 seed=4: M=9 D=965.22 gap=-0.0 TIE t_best=6.9s wall=60s
[wc60_30s] rdp108 seed=5: M=9 D=965.22 gap=-0.0 TIE t_best=7.0s wall=60s
[wc60_30s] rdp108 seed=6: M=9 D=965.22 gap=-0.0 TIE t_best=6.9s wall=60s
[wc60_30s] rdp108 seed=7: M=9 D=965.22 gap=-0.0 TIE t_best=16.8s wall=60s
[wc60_30s] rdp108 seed=8: M=9 D=965.22 gap=-0.0 TIE t_best=9.7s wall=60s
[wc60_30s] rdp108 seed=9: M=9 D=965.22 gap=-0.0 TIE t_best=6.8s wall=60s
[wc60_30s] rdp108 seed=10: M=9 D=965.22 gap=-0.0 TIE t_best=6.9s wall=60s
[wc60_30s] rdp108 seed=11: M=9 D=965.22 gap=-0.0 TIE t_best=9.8s wall=60s
[wc60_30s] rdp108 seed=12: M=9 D=965.22 gap=-0.0 TIE t_best=8.3s wall=60s
[wc60_30s] rdp108 seed=13: M=9 D=965.22 gap=-0.0 TIE t_best=6.9s wall=60s
[wc60_30s] rdp108 seed=14: M=9 D=965.22 gap=-0.0 TIE t_best=6.9s wall=60s
[wc60_30s] rdp108 seed=15: M=9 D=965.22 gap=-0.0 TIE t_best=8.3s wall=60s
[wc60_30s] rdp108 seed=16: M=9 D=965.22 gap=-0.0 TIE t_best=9.6s wall=60s
[wc60_30s] rdp108 seed=17: M=9 D=965.22 gap=-0.0 TIE t_best=8.3s wall=60s
[wc60_30s] rdp108 seed=18: M=9 D=965.22 gap=-0.0 TIE t_best=11.0s wall=60s
[wc60_30s] rdp108 seed=19: M=9 D=965.22 gap=-0.0 TIE t_best=9.7s wall=60s
[wc60_30s] rdp108 seed=20: M=9 D=965.22 gap=-0.0 TIE t_best=11.1s wall=60s
[wc60_30s] rdp108 seed=21: M=9 D=965.22 gap=-0.0 TIE t_best=7.0s wall=60s
[wc60_30s] rdp108 seed=22: M=9 D=965.22 gap=-0.0 TIE t_best=12.5s wall=60s
[wc60_30s] rdp108 seed=23: M=9 D=965.22 gap=-0.0 TIE t_best=15.6s wall=60s
[wc60_30s] rdp108 seed=24: M=9 D=965.22 gap=-0.0 TIE t_best=9.7s wall=60s
[wc60_30s] rdp108 seed=25: M=9 D=965.22 gap=-0.0 TIE t_best=11.2s wall=62s
[wc60_30s] rdp108 seed=26: M=9 D=965.22 gap=-0.0 TIE t_best=12.5s wall=60s
[wc60_30s] rdp108 seed=27: M=9 D=965.22 gap=-0.0 TIE t_best=12.6s wall=60s
[wc60_30s] rdp108 seed=28: M=9 D=965.22 gap=-0.0 TIE t_best=11.1s wall=60s
[wc60_30s] rdp108 seed=29: M=9 D=965.22 gap=-0.0 TIE t_best=9.7s wall=60s
[wc60_30s] rdp108 seed=30: M=9 D=965.22 gap=-0.0 TIE t_best=6.9s wall=60s
[wc60_30s] rdp109 seed=1: M=11 D=1194.73 gap=-0.0 TIE t_best=4.0s wall=60s
[wc60_30s] rdp109 seed=2: M=11 D=1194.73 gap=-0.0 TIE t_best=2.7s wall=60s
[wc60_30s] rdp109 seed=3: M=11 D=1194.73 gap=-0.0 TIE t_best=3.4s wall=60s
[wc60_30s] rdp109 seed=4: M=11 D=1194.73 gap=-0.0 TIE t_best=2.0s wall=60s
[wc60_30s] rdp109 seed=5: M=11 D=1194.73 gap=-0.0 TIE t_best=4.1s wall=60s
[wc60_30s] rdp109 seed=6: M=11 D=1194.73 gap=-0.0 TIE t_best=3.4s wall=60s
[wc60_30s] rdp109 seed=7: M=11 D=1194.73 gap=-0.0 TIE t_best=3.4s wall=60s
[wc60_30s] rdp109 seed=8: M=11 D=1194.73 gap=-0.0 TIE t_best=4.1s wall=60s
[wc60_30s] rdp109 seed=9: M=11 D=1194.73 gap=-0.0 TIE t_best=2.7s wall=60s
[wc60_30s] rdp109 seed=10: M=11 D=1194.73 gap=-0.0 TIE t_best=4.1s wall=60s
[wc60_30s] rdp109 seed=11: M=11 D=1194.73 gap=-0.0 TIE t_best=4.1s wall=60s
[wc60_30s] rdp109 seed=12: M=11 D=1194.73 gap=-0.0 TIE t_best=2.7s wall=60s
[wc60_30s] rdp109 seed=13: M=11 D=1194.73 gap=-0.0 TIE t_best=2.7s wall=60s
[wc60_30s] rdp109 seed=14: M=11 D=1194.73 gap=-0.0 TIE t_best=4.0s wall=60s
[wc60_30s] rdp109 seed=15: M=11 D=1194.73 gap=-0.0 TIE t_best=3.4s wall=60s
[wc60_30s] rdp109 seed=16: M=11 D=1194.73 gap=-0.0 TIE t_best=3.4s wall=60s
[wc60_30s] rdp109 seed=17: M=11 D=1194.73 gap=-0.0 TIE t_best=4.7s wall=60s
[wc60_30s] rdp109 seed=18: M=11 D=1194.73 gap=-0.0 TIE t_best=2.7s wall=60s
[wc60_30s] rdp109 seed=19: M=11 D=1194.73 gap=-0.0 TIE t_best=3.4s wall=60s
[wc60_30s] rdp109 seed=20: M=11 D=1194.73 gap=-0.0 TIE t_best=3.4s wall=60s
[wc60_30s] rdp109 seed=21: M=11 D=1194.73 gap=-0.0 TIE t_best=2.7s wall=60s
[wc60_30s] rdp109 seed=22: M=11 D=1194.73 gap=-0.0 TIE t_best=3.3s wall=60s
[wc60_30s] rdp109 seed=23: M=11 D=1194.73 gap=-0.0 TIE t_best=4.7s wall=60s
[wc60_30s] rdp109 seed=24: M=11 D=1194.73 gap=-0.0 TIE t_best=2.7s wall=60s
[wc60_30s] rdp109 seed=25: M=11 D=1194.73 gap=-0.0 TIE t_best=1.3s wall=60s
[wc60_30s] rdp109 seed=26: M=11 D=1194.73 gap=-0.0 TIE t_best=3.4s wall=60s
[wc60_30s] rdp109 seed=27: M=11 D=1194.73 gap=-0.0 TIE t_best=2.7s wall=60s
[wc60_30s] rdp109 seed=28: M=11 D=1194.73 gap=-0.0 TIE t_best=4.0s wall=60s
[wc60_30s] rdp109 seed=29: M=11 D=1194.73 gap=-0.0 TIE t_best=1.4s wall=60s
[wc60_30s] rdp109 seed=30: M=11 D=1194.73 gap=-0.0 TIE t_best=3.4s wall=60s
[wc60_30s] rdp110 seed=1: M=10 D=1121.46 gap=0.0 TIE t_best=15.5s wall=60s
[wc60_30s] rdp110 seed=2: M=10 D=1121.46 gap=0.0 TIE t_best=10.4s wall=60s
[wc60_30s] rdp110 seed=3: M=10 D=1121.46 gap=0.0 TIE t_best=13.5s wall=60s
[wc60_30s] rdp110 seed=4: M=10 D=1121.46 gap=0.0 TIE t_best=14.5s wall=60s
[wc60_30s] rdp110 seed=5: M=10 D=1121.46 gap=0.0 TIE t_best=16.6s wall=60s
[wc60_30s] rdp110 seed=6: M=10 D=1123.92 gap=0.0116 worse t_best=5.2s wall=60s
[wc60_30s] rdp110 seed=7: M=10 D=1121.46 gap=0.0 TIE t_best=17.6s wall=60s
[wc60_30s] rdp110 seed=8: M=10 D=1121.46 gap=0.0 TIE t_best=12.4s wall=60s
[wc60_30s] rdp110 seed=9: M=10 D=1121.46 gap=0.0 TIE t_best=5.2s wall=60s
[wc60_30s] rdp110 seed=10: M=10 D=1121.46 gap=0.0 TIE t_best=8.3s wall=60s
[wc60_30s] rdp110 seed=11: M=10 D=1121.46 gap=0.0 TIE t_best=46.6s wall=60s
[wc60_30s] rdp110 seed=12: M=10 D=1121.46 gap=0.0 TIE t_best=11.5s wall=60s
[wc60_30s] rdp110 seed=13: M=10 D=1121.46 gap=0.0 TIE t_best=20.7s wall=60s
[wc60_30s] rdp110 seed=14: M=10 D=1121.46 gap=0.0 TIE t_best=34.1s wall=60s
[wc60_30s] rdp110 seed=15: M=10 D=1121.46 gap=0.0 TIE t_best=13.5s wall=60s
[wc60_30s] rdp110 seed=16: M=10 D=1121.46 gap=0.0 TIE t_best=13.5s wall=60s
[wc60_30s] rdp110 seed=17: M=10 D=1121.46 gap=0.0 TIE t_best=5.2s wall=60s
[wc60_30s] rdp110 seed=18: M=10 D=1121.46 gap=0.0 TIE t_best=20.6s wall=60s
[wc60_30s] rdp110 seed=19: M=10 D=1121.46 gap=0.0 TIE t_best=7.3s wall=60s
[wc60_30s] rdp110 seed=20: M=10 D=1121.46 gap=0.0 TIE t_best=13.4s wall=60s
[wc60_30s] rdp110 seed=21: M=10 D=1121.46 gap=0.0 TIE t_best=12.4s wall=60s
[wc60_30s] rdp110 seed=22: M=10 D=1121.46 gap=0.0 TIE t_best=14.5s wall=60s
[wc60_30s] rdp110 seed=23: M=10 D=1121.46 gap=0.0 TIE t_best=15.6s wall=60s
[wc60_30s] rdp110 seed=24: M=10 D=1121.46 gap=0.0 TIE t_best=5.3s wall=60s
[wc60_30s] rdp110 seed=25: M=10 D=1121.46 gap=0.0 TIE t_best=11.5s wall=60s
[wc60_30s] rdp110 seed=26: M=10 D=1121.46 gap=0.0 TIE t_best=15.7s wall=60s
[wc60_30s] rdp110 seed=27: M=10 D=1121.46 gap=0.0 TIE t_best=12.5s wall=60s
[wc60_30s] rdp110 seed=28: M=10 D=1121.46 gap=0.0 TIE t_best=16.7s wall=60s
[wc60_30s] rdp110 seed=29: M=10 D=1121.46 gap=0.0 TIE t_best=4.1s wall=60s
[wc60_30s] rdp110 seed=30: M=10 D=1121.46 gap=0.0 TIE t_best=14.5s wall=60s
[wc60_30s] rdp111 seed=1: M=10 D=1098.84 gap=0.0 TIE t_best=15.2s wall=60s
[wc60_30s] rdp111 seed=2: M=10 D=1098.84 gap=0.0 TIE t_best=6.5s wall=60s
[wc60_30s] rdp111 seed=3: M=10 D=1098.84 gap=0.0 TIE t_best=7.6s wall=60s
[wc60_30s] rdp111 seed=4: M=10 D=1098.84 gap=0.0 TIE t_best=8.7s wall=60s
[wc60_30s] rdp111 seed=5: M=10 D=1098.84 gap=0.0 TIE t_best=9.9s wall=60s
[wc60_30s] rdp111 seed=6: M=10 D=1098.84 gap=0.0 TIE t_best=7.6s wall=60s
[wc60_30s] rdp111 seed=7: M=10 D=1098.84 gap=0.0 TIE t_best=11.0s wall=60s
[wc60_30s] rdp111 seed=8: M=10 D=1098.84 gap=0.0 TIE t_best=10.9s wall=60s
[wc60_30s] rdp111 seed=9: M=10 D=1098.84 gap=0.0 TIE t_best=7.6s wall=60s
[wc60_30s] rdp111 seed=10: M=10 D=1098.84 gap=0.0 TIE t_best=7.6s wall=60s
[wc60_30s] rdp111 seed=11: M=10 D=1098.84 gap=0.0 TIE t_best=11.0s wall=60s
[wc60_30s] rdp111 seed=12: M=10 D=1098.84 gap=0.0 TIE t_best=12.0s wall=60s
[wc60_30s] rdp111 seed=13: M=10 D=1098.84 gap=0.0 TIE t_best=8.7s wall=60s
[wc60_30s] rdp111 seed=14: M=10 D=1098.84 gap=0.0 TIE t_best=9.8s wall=60s
[wc60_30s] rdp111 seed=15: M=10 D=1098.84 gap=0.0 TIE t_best=8.8s wall=60s
[wc60_30s] rdp111 seed=16: M=10 D=1098.84 gap=0.0 TIE t_best=13.1s wall=60s
[wc60_30s] rdp111 seed=17: M=10 D=1098.84 gap=0.0 TIE t_best=9.8s wall=60s
[wc60_30s] rdp111 seed=18: M=10 D=1098.84 gap=0.0 TIE t_best=12.9s wall=60s
[wc60_30s] rdp111 seed=19: M=10 D=1098.84 gap=0.0 TIE t_best=9.8s wall=60s
[wc60_30s] rdp111 seed=20: M=10 D=1098.84 gap=0.0 TIE t_best=7.6s wall=60s
[wc60_30s] rdp111 seed=21: M=10 D=1098.84 gap=0.0 TIE t_best=12.1s wall=60s
[wc60_30s] rdp111 seed=22: M=10 D=1098.84 gap=0.0 TIE t_best=7.6s wall=60s
[wc60_30s] rdp111 seed=23: M=10 D=1098.84 gap=0.0 TIE t_best=8.8s wall=60s
[wc60_30s] rdp111 seed=24: M=10 D=1098.84 gap=0.0 TIE t_best=7.6s wall=60s
[wc60_30s] rdp111 seed=25: M=10 D=1098.84 gap=0.0 TIE t_best=9.8s wall=60s
[wc60_30s] rdp111 seed=26: M=10 D=1098.84 gap=0.0 TIE t_best=12.1s wall=60s
[wc60_30s] rdp111 seed=27: M=10 D=1098.84 gap=0.0 TIE t_best=10.9s wall=60s
[wc60_30s] rdp111 seed=28: M=10 D=1098.84 gap=0.0 TIE t_best=11.0s wall=60s
[wc60_30s] rdp111 seed=29: M=10 D=1098.84 gap=0.0 TIE t_best=13.2s wall=60s
[wc60_30s] rdp111 seed=30: M=10 D=1098.84 gap=0.0 TIE t_best=9.8s wall=60s
[wc60_30s] rdp112 seed=1: M=9 D=997.26 gap=0.0 TIE t_best=52.9s wall=60s
[wc60_30s] rdp112 seed=2: M=9 D=999.44 gap=0.0114 worse t_best=18.6s wall=60s
[wc60_30s] rdp112 seed=3: M=9 D=999.44 gap=0.0115 worse t_best=47.0s wall=60s
[wc60_30s] rdp112 seed=4: M=9 D=999.44 gap=0.0114 worse t_best=27.3s wall=60s
[wc60_30s] rdp112 seed=5: M=9 D=999.44 gap=0.0114 worse t_best=40.2s wall=60s
[wc60_30s] rdp112 seed=6: M=9 D=999.44 gap=0.0114 worse t_best=25.6s wall=60s
[wc60_30s] rdp112 seed=7: M=9 D=999.44 gap=0.0114 worse t_best=14.4s wall=60s
[wc60_30s] rdp112 seed=8: M=9 D=997.26 gap=0.0 TIE t_best=25.7s wall=60s
[wc60_30s] rdp112 seed=9: M=9 D=999.44 gap=0.0115 worse t_best=48.6s wall=60s
[wc60_30s] rdp112 seed=10: M=9 D=999.44 gap=0.0114 worse t_best=18.6s wall=60s
[wc60_30s] rdp112 seed=11: M=9 D=999.44 gap=0.0114 worse t_best=47.4s wall=60s
[wc60_30s] rdp112 seed=12: M=9 D=997.26 gap=0.0 TIE t_best=21.4s wall=60s
[wc60_30s] rdp112 seed=13: M=9 D=999.44 gap=0.0114 worse t_best=41.5s wall=60s
[wc60_30s] rdp112 seed=14: M=9 D=999.44 gap=0.0114 worse t_best=60.1s wall=60s
[wc60_30s] rdp112 seed=15: M=9 D=999.44 gap=0.0114 worse t_best=28.8s wall=60s
[wc60_30s] rdp112 seed=16: M=9 D=999.44 gap=0.0114 worse t_best=19.9s wall=60s
[wc60_30s] rdp112 seed=17: M=9 D=999.44 gap=0.0114 worse t_best=32.8s wall=60s
[wc60_30s] rdp112 seed=18: M=9 D=999.44 gap=0.0114 worse t_best=17.1s wall=60s
[wc60_30s] rdp112 seed=19: M=9 D=999.44 gap=0.0114 worse t_best=25.8s wall=60s
[wc60_30s] rdp112 seed=20: M=9 D=999.44 gap=0.0114 worse t_best=18.7s wall=60s
[wc60_30s] rdp112 seed=21: M=9 D=999.44 gap=0.0115 worse t_best=24.5s wall=60s
[wc60_30s] rdp112 seed=22: M=9 D=999.44 gap=0.0114 worse t_best=45.8s wall=60s
[wc60_30s] rdp112 seed=23: M=9 D=999.44 gap=0.0114 worse t_best=35.9s wall=60s
[wc60_30s] rdp112 seed=24: M=9 D=999.44 gap=0.0114 worse t_best=25.9s wall=60s
[wc60_30s] rdp112 seed=25: M=9 D=999.81 gap=0.0134 worse t_best=49.2s wall=60s
[wc60_30s] rdp112 seed=26: M=9 D=999.44 gap=0.0114 worse t_best=30.2s wall=60s
[wc60_30s] rdp112 seed=27: M=9 D=999.44 gap=0.0114 worse t_best=17.3s wall=60s
[wc60_30s] rdp112 seed=28: M=9 D=999.44 gap=0.0114 worse t_best=23.0s wall=60s
[wc60_30s] rdp112 seed=29: M=9 D=999.44 gap=0.0114 worse t_best=18.6s wall=60s
[wc60_30s] rdp112 seed=30: M=9 D=999.44 gap=0.0114 worse t_best=20.1s wall=60s
[wc60_30s] rdp201 seed=1: M=4 D=1252.37 gap=-0.0 TIE t_best=3.1s wall=60s
[wc60_30s] rdp201 seed=2: M=4 D=1252.37 gap=-0.0 TIE t_best=3.1s wall=60s
[wc60_30s] rdp201 seed=3: M=4 D=1252.37 gap=-0.0 TIE t_best=3.1s wall=60s
[wc60_30s] rdp201 seed=4: M=4 D=1252.37 gap=-0.0 TIE t_best=5.1s wall=60s
[wc60_30s] rdp201 seed=5: M=4 D=1252.37 gap=-0.0 TIE t_best=1.8s wall=60s
[wc60_30s] rdp201 seed=6: M=4 D=1252.37 gap=-0.0 TIE t_best=3.8s wall=60s
[wc60_30s] rdp201 seed=7: M=4 D=1252.37 gap=-0.0 TIE t_best=2.5s wall=60s
[wc60_30s] rdp201 seed=8: M=4 D=1252.37 gap=-0.0 TIE t_best=5.7s wall=60s
[wc60_30s] rdp201 seed=9: M=4 D=1252.37 gap=-0.0 TIE t_best=3.1s wall=60s
[wc60_30s] rdp201 seed=10: M=4 D=1252.37 gap=-0.0 TIE t_best=2.5s wall=60s
[wc60_30s] rdp201 seed=11: M=4 D=1252.37 gap=-0.0 TIE t_best=3.7s wall=60s
[wc60_30s] rdp201 seed=12: M=4 D=1252.37 gap=-0.0 TIE t_best=3.1s wall=60s
[wc60_30s] rdp201 seed=13: M=4 D=1252.37 gap=-0.0 TIE t_best=3.7s wall=60s
[wc60_30s] rdp201 seed=14: M=4 D=1252.37 gap=-0.0 TIE t_best=3.1s wall=60s
[wc60_30s] rdp201 seed=15: M=4 D=1252.37 gap=-0.0 TIE t_best=3.1s wall=60s
[wc60_30s] rdp201 seed=16: M=4 D=1252.37 gap=-0.0 TIE t_best=3.8s wall=60s
[wc60_30s] rdp201 seed=17: M=4 D=1252.37 gap=-0.0 TIE t_best=3.8s wall=60s
[wc60_30s] rdp201 seed=18: M=4 D=1252.37 gap=-0.0 TIE t_best=3.2s wall=60s
[wc60_30s] rdp201 seed=19: M=4 D=1252.37 gap=-0.0 TIE t_best=2.5s wall=60s
[wc60_30s] rdp201 seed=20: M=4 D=1252.37 gap=-0.0 TIE t_best=2.4s wall=60s
[wc60_30s] rdp201 seed=21: M=4 D=1252.37 gap=-0.0 TIE t_best=3.7s wall=60s
[wc60_30s] rdp201 seed=22: M=4 D=1252.37 gap=-0.0 TIE t_best=3.7s wall=60s
[wc60_30s] rdp201 seed=23: M=4 D=1252.37 gap=-0.0 TIE t_best=3.7s wall=60s
[wc60_30s] rdp201 seed=24: M=4 D=1252.37 gap=-0.0 TIE t_best=3.7s wall=60s
[wc60_30s] rdp201 seed=25: M=4 D=1252.37 gap=-0.0 TIE t_best=3.7s wall=60s
[wc60_30s] rdp201 seed=26: M=4 D=1252.37 gap=-0.0 TIE t_best=2.5s wall=60s
[wc60_30s] rdp201 seed=27: M=4 D=1252.37 gap=-0.0 TIE t_best=3.1s wall=60s
[wc60_30s] rdp201 seed=28: M=4 D=1252.37 gap=-0.0 TIE t_best=3.8s wall=60s
[wc60_30s] rdp201 seed=29: M=4 D=1252.37 gap=-0.0 TIE t_best=3.8s wall=60s
[wc60_30s] rdp201 seed=30: M=4 D=1252.37 gap=-0.0 TIE t_best=3.1s wall=60s
[wc60_30s] rdp202 seed=1: M=3 D=1191.70 gap=-0.0 TIE t_best=3.1s wall=60s
[wc60_30s] rdp202 seed=2: M=3 D=1191.70 gap=-0.0 TIE t_best=3.2s wall=60s
[wc60_30s] rdp202 seed=3: M=3 D=1191.70 gap=-0.0 TIE t_best=4.9s wall=60s
[wc60_30s] rdp202 seed=4: M=3 D=1191.70 gap=-0.0 TIE t_best=4.8s wall=60s
[wc60_30s] rdp202 seed=5: M=3 D=1191.70 gap=-0.0 TIE t_best=3.2s wall=60s
[wc60_30s] rdp202 seed=6: M=3 D=1191.70 gap=-0.0 TIE t_best=3.1s wall=60s
[wc60_30s] rdp202 seed=7: M=3 D=1191.70 gap=-0.0 TIE t_best=4.8s wall=60s
[wc60_30s] rdp202 seed=8: M=3 D=1191.70 gap=-0.0 TIE t_best=3.2s wall=60s
[wc60_30s] rdp202 seed=9: M=3 D=1191.70 gap=-0.0 TIE t_best=3.1s wall=60s
[wc60_30s] rdp202 seed=10: M=3 D=1191.70 gap=-0.0 TIE t_best=5.0s wall=60s
[wc60_30s] rdp202 seed=11: M=3 D=1191.70 gap=-0.0 TIE t_best=4.8s wall=60s
[wc60_30s] rdp202 seed=12: M=3 D=1191.70 gap=-0.0 TIE t_best=4.8s wall=60s
[wc60_30s] rdp202 seed=13: M=3 D=1191.70 gap=-0.0 TIE t_best=6.8s wall=60s
[wc60_30s] rdp202 seed=14: M=3 D=1191.70 gap=-0.0 TIE t_best=5.0s wall=60s
[wc60_30s] rdp202 seed=15: M=3 D=1191.70 gap=-0.0 TIE t_best=5.1s wall=60s
[wc60_30s] rdp202 seed=16: M=3 D=1191.70 gap=-0.0 TIE t_best=6.8s wall=60s
[wc60_30s] rdp202 seed=17: M=3 D=1191.70 gap=-0.0 TIE t_best=3.2s wall=60s
[wc60_30s] rdp202 seed=18: M=3 D=1191.70 gap=-0.0 TIE t_best=6.7s wall=60s
[wc60_30s] rdp202 seed=19: M=3 D=1191.70 gap=-0.0 TIE t_best=5.0s wall=60s
[wc60_30s] rdp202 seed=20: M=3 D=1191.70 gap=-0.0 TIE t_best=3.3s wall=60s
[wc60_30s] rdp202 seed=21: M=3 D=1191.70 gap=-0.0 TIE t_best=3.2s wall=60s
[wc60_30s] rdp202 seed=22: M=3 D=1191.70 gap=-0.0 TIE t_best=3.2s wall=60s
[wc60_30s] rdp202 seed=23: M=3 D=1191.70 gap=-0.0 TIE t_best=6.6s wall=60s
[wc60_30s] rdp202 seed=24: M=3 D=1191.70 gap=-0.0 TIE t_best=3.2s wall=60s
[wc60_30s] rdp202 seed=25: M=3 D=1191.70 gap=-0.0 TIE t_best=4.8s wall=60s
[wc60_30s] rdp202 seed=26: M=3 D=1191.70 gap=-0.0 TIE t_best=3.1s wall=60s
[wc60_30s] rdp202 seed=27: M=3 D=1191.70 gap=-0.0 TIE t_best=6.6s wall=60s
[wc60_30s] rdp202 seed=28: M=3 D=1191.70 gap=-0.0 TIE t_best=4.8s wall=60s
[wc60_30s] rdp202 seed=29: M=3 D=1191.70 gap=-0.0 TIE t_best=3.1s wall=60s
[wc60_30s] rdp202 seed=30: M=3 D=1191.70 gap=-0.0 TIE t_best=3.2s wall=60s
[wc60_30s] rdp203 seed=1: M=3 D=939.88 gap=0.0055 worse t_best=57.9s wall=60s
[wc60_30s] rdp203 seed=2: M=3 D=939.50 gap=-0.0 TIE t_best=8.8s wall=60s
[wc60_30s] rdp203 seed=3: M=3 D=939.73 gap=0.0032 worse t_best=55.8s wall=60s
[wc60_30s] rdp203 seed=4: M=3 D=939.50 gap=-0.0 TIE t_best=40.9s wall=60s
[wc60_30s] rdp203 seed=5: M=3 D=939.58 gap=0.0011 worse t_best=60.2s wall=60s
[wc60_30s] rdp203 seed=6: M=3 D=939.50 gap=-0.0 TIE t_best=6.5s wall=60s
[wc60_30s] rdp203 seed=7: M=3 D=939.50 gap=-0.0 TIE t_best=17.3s wall=60s
[wc60_30s] rdp203 seed=8: M=3 D=939.50 gap=-0.0 TIE t_best=23.9s wall=60s
[wc60_30s] rdp203 seed=9: M=3 D=939.50 gap=-0.0 TIE t_best=51.4s wall=60s
[wc60_30s] rdp203 seed=10: M=3 D=939.50 gap=-0.0 TIE t_best=23.7s wall=60s
[wc60_30s] rdp203 seed=11: M=3 D=939.50 gap=-0.0 TIE t_best=43.1s wall=60s
[wc60_30s] rdp203 seed=12: M=3 D=939.50 gap=-0.0 TIE t_best=8.7s wall=60s
[wc60_30s] rdp203 seed=13: M=3 D=941.62 gap=0.0306 worse t_best=10.9s wall=60s
[wc60_30s] rdp203 seed=14: M=3 D=941.08 gap=0.0228 worse t_best=15.9s wall=60s
[wc60_30s] rdp203 seed=15: M=3 D=939.50 gap=-0.0 TIE t_best=21.9s wall=60s
[wc60_30s] rdp203 seed=16: M=3 D=941.08 gap=0.0228 worse t_best=6.5s wall=60s
[wc60_30s] rdp203 seed=17: M=3 D=939.50 gap=-0.0 TIE t_best=26.0s wall=60s
[wc60_30s] rdp203 seed=18: M=3 D=939.50 gap=-0.0 TIE t_best=36.7s wall=60s
[wc60_30s] rdp203 seed=19: M=3 D=939.73 gap=0.0032 worse t_best=6.6s wall=60s
[wc60_30s] rdp203 seed=20: M=3 D=939.50 gap=-0.0 TIE t_best=51.8s wall=60s
[wc60_30s] rdp203 seed=21: M=3 D=941.62 gap=0.0306 worse t_best=8.8s wall=60s
[wc60_30s] rdp203 seed=22: M=3 D=941.08 gap=0.0228 worse t_best=4.4s wall=60s
[wc60_30s] rdp203 seed=23: M=3 D=939.50 gap=-0.0 TIE t_best=8.8s wall=60s
[wc60_30s] rdp203 seed=24: M=3 D=941.62 gap=0.0306 worse t_best=6.6s wall=60s
[wc60_30s] rdp203 seed=25: M=3 D=941.08 gap=0.0228 worse t_best=21.7s wall=60s
[wc60_30s] rdp203 seed=26: M=3 D=939.50 gap=-0.0 TIE t_best=21.7s wall=60s
[wc60_30s] rdp203 seed=27: M=3 D=939.58 gap=0.0011 worse t_best=4.4s wall=60s
[wc60_30s] rdp203 seed=28: M=3 D=939.73 gap=0.0032 worse t_best=6.6s wall=60s
[wc60_30s] rdp203 seed=29: M=3 D=941.08 gap=0.0228 worse t_best=10.9s wall=60s
[wc60_30s] rdp203 seed=30: M=3 D=941.62 gap=0.0306 worse t_best=15.2s wall=60s
[wc60_30s] rdp204 seed=1: M=2 D=825.52 gap=0.0 TIE t_best=8.2s wall=60s
[wc60_30s] rdp204 seed=2: M=2 D=825.52 gap=0.0 TIE t_best=25.7s wall=60s
[wc60_30s] rdp204 seed=3: M=2 D=825.52 gap=0.0 TIE t_best=11.0s wall=60s
[wc60_30s] rdp204 seed=4: M=2 D=825.52 gap=0.0 TIE t_best=11.1s wall=60s
[wc60_30s] rdp204 seed=5: M=2 D=825.52 gap=0.0 TIE t_best=20.1s wall=60s
[wc60_30s] rdp204 seed=6: M=2 D=825.52 gap=0.0 TIE t_best=14.0s wall=60s
[wc60_30s] rdp204 seed=7: M=2 D=825.52 gap=0.0 TIE t_best=31.6s wall=60s
[wc60_30s] rdp204 seed=8: M=2 D=825.52 gap=0.0 TIE t_best=19.9s wall=60s
[wc60_30s] rdp204 seed=9: M=2 D=825.52 gap=0.0 TIE t_best=19.7s wall=60s
[wc60_30s] rdp204 seed=10: M=2 D=825.52 gap=0.0 TIE t_best=17.0s wall=60s
[wc60_30s] rdp204 seed=11: M=2 D=825.52 gap=0.0 TIE t_best=25.7s wall=60s
[wc60_30s] rdp204 seed=12: M=2 D=825.52 gap=0.0 TIE t_best=25.7s wall=60s
[wc60_30s] rdp204 seed=13: M=2 D=825.52 gap=0.0 TIE t_best=14.0s wall=60s
[wc60_30s] rdp204 seed=14: M=2 D=825.52 gap=0.0 TIE t_best=40.7s wall=60s
[wc60_30s] rdp204 seed=15: M=2 D=825.52 gap=0.0 TIE t_best=17.1s wall=60s
[wc60_30s] rdp204 seed=16: M=2 D=825.52 gap=0.0 TIE t_best=14.1s wall=60s
[wc60_30s] rdp204 seed=17: M=2 D=825.52 gap=0.0 TIE t_best=19.9s wall=60s
[wc60_30s] rdp204 seed=18: M=2 D=825.52 gap=0.0 TIE t_best=16.9s wall=60s
[wc60_30s] rdp204 seed=19: M=2 D=827.08 gap=0.0323 worse t_best=60.4s wall=60s
[wc60_30s] rdp204 seed=20: M=2 D=825.52 gap=0.0 TIE t_best=16.9s wall=60s
[wc60_30s] rdp204 seed=21: M=2 D=825.52 gap=0.0 TIE t_best=22.9s wall=60s
[wc60_30s] rdp204 seed=22: M=2 D=825.52 gap=0.0 TIE t_best=13.8s wall=61s
[wc60_30s] rdp204 seed=23: M=2 D=825.52 gap=0.0 TIE t_best=23.0s wall=60s
[wc60_30s] rdp204 seed=24: M=2 D=825.52 gap=0.0 TIE t_best=28.8s wall=60s
[wc60_30s] rdp204 seed=25: M=2 D=825.52 gap=0.0 TIE t_best=22.9s wall=60s
[wc60_30s] rdp204 seed=26: M=2 D=825.52 gap=0.0 TIE t_best=22.8s wall=60s
[wc60_30s] rdp204 seed=27: M=2 D=825.52 gap=0.0 TIE t_best=14.0s wall=60s
[wc60_30s] rdp204 seed=28: M=2 D=825.52 gap=0.0 TIE t_best=17.1s wall=60s
[wc60_30s] rdp204 seed=29: M=2 D=825.52 gap=0.0 TIE t_best=8.2s wall=60s
[wc60_30s] rdp204 seed=30: M=2 D=825.52 gap=0.0 TIE t_best=17.1s wall=60s
[wc60_30s] rdp205 seed=1: M=3 D=994.43 gap=-0.0 TIE t_best=8.8s wall=60s
[wc60_30s] rdp205 seed=2: M=3 D=994.43 gap=-0.0 TIE t_best=9.9s wall=60s
[wc60_30s] rdp205 seed=3: M=3 D=994.43 gap=-0.0 TIE t_best=7.4s wall=60s
[wc60_30s] rdp205 seed=4: M=3 D=994.43 gap=-0.0 TIE t_best=8.5s wall=60s
[wc60_30s] rdp205 seed=5: M=3 D=994.43 gap=-0.0 TIE t_best=8.8s wall=60s
[wc60_30s] rdp205 seed=6: M=3 D=994.43 gap=-0.0 TIE t_best=6.0s wall=60s
[wc60_30s] rdp205 seed=7: M=3 D=994.43 gap=-0.0 TIE t_best=12.6s wall=60s
[wc60_30s] rdp205 seed=8: M=3 D=994.43 gap=-0.0 TIE t_best=7.3s wall=60s
[wc60_30s] rdp205 seed=9: M=3 D=994.43 gap=-0.0 TIE t_best=9.9s wall=60s
[wc60_30s] rdp205 seed=10: M=3 D=994.43 gap=-0.0 TIE t_best=9.8s wall=60s
[wc60_30s] rdp205 seed=11: M=3 D=994.43 gap=-0.0 TIE t_best=7.5s wall=60s
[wc60_30s] rdp205 seed=12: M=3 D=994.43 gap=-0.0 TIE t_best=7.3s wall=60s
[wc60_30s] rdp205 seed=13: M=3 D=994.43 gap=-0.0 TIE t_best=7.3s wall=60s
[wc60_30s] rdp205 seed=14: M=3 D=994.43 gap=-0.0 TIE t_best=7.7s wall=60s
[wc60_30s] rdp205 seed=15: M=3 D=994.43 gap=-0.0 TIE t_best=9.0s wall=60s
[wc60_30s] rdp205 seed=16: M=3 D=994.43 gap=-0.0 TIE t_best=6.3s wall=60s
[wc60_30s] rdp205 seed=17: M=3 D=994.43 gap=-0.0 TIE t_best=6.2s wall=60s
[wc60_30s] rdp205 seed=18: M=3 D=994.43 gap=-0.0 TIE t_best=7.2s wall=60s
[wc60_30s] rdp205 seed=19: M=3 D=994.43 gap=-0.0 TIE t_best=8.7s wall=60s
[wc60_30s] rdp205 seed=20: M=3 D=994.43 gap=-0.0 TIE t_best=6.0s wall=60s
[wc60_30s] rdp205 seed=21: M=3 D=994.43 gap=-0.0 TIE t_best=8.7s wall=60s
[wc60_30s] rdp205 seed=22: M=3 D=994.43 gap=-0.0 TIE t_best=6.0s wall=60s
[wc60_30s] rdp205 seed=23: M=3 D=994.43 gap=-0.0 TIE t_best=5.9s wall=60s
[wc60_30s] rdp205 seed=24: M=3 D=994.43 gap=-0.0 TIE t_best=8.7s wall=60s
[wc60_30s] rdp205 seed=25: M=3 D=994.43 gap=-0.0 TIE t_best=8.6s wall=60s
[wc60_30s] rdp205 seed=26: M=3 D=994.43 gap=-0.0 TIE t_best=9.7s wall=60s
[wc60_30s] rdp205 seed=27: M=3 D=994.43 gap=-0.0 TIE t_best=11.2s wall=60s
[wc60_30s] rdp205 seed=28: M=3 D=994.43 gap=-0.0 TIE t_best=4.8s wall=60s
[wc60_30s] rdp205 seed=29: M=3 D=994.43 gap=-0.0 TIE t_best=8.6s wall=60s
[wc60_30s] rdp205 seed=30: M=3 D=994.43 gap=-0.0 TIE t_best=10.1s wall=60s
[wc60_30s] rdp206 seed=1: M=3 D=906.14 gap=0.0 TIE t_best=12.4s wall=60s
[wc60_30s] rdp206 seed=2: M=3 D=906.14 gap=0.0 TIE t_best=16.4s wall=60s
[wc60_30s] rdp206 seed=3: M=3 D=906.14 gap=0.0 TIE t_best=12.3s wall=60s
[wc60_30s] rdp206 seed=4: M=3 D=906.14 gap=0.0 TIE t_best=14.5s wall=60s
[wc60_30s] rdp206 seed=5: M=3 D=906.14 gap=0.0 TIE t_best=14.5s wall=60s
[wc60_30s] rdp206 seed=6: M=3 D=906.14 gap=0.0 TIE t_best=20.3s wall=60s
[wc60_30s] rdp206 seed=7: M=3 D=906.14 gap=0.0 TIE t_best=28.3s wall=60s
[wc60_30s] rdp206 seed=8: M=3 D=906.14 gap=0.0 TIE t_best=20.3s wall=60s
[wc60_30s] rdp206 seed=9: M=3 D=906.14 gap=0.0 TIE t_best=20.2s wall=60s
[wc60_30s] rdp206 seed=10: M=3 D=906.14 gap=0.0 TIE t_best=14.3s wall=60s
[wc60_30s] rdp206 seed=11: M=3 D=906.14 gap=0.0 TIE t_best=20.3s wall=60s
[wc60_30s] rdp206 seed=12: M=3 D=906.14 gap=0.0 TIE t_best=16.2s wall=60s
[wc60_30s] rdp206 seed=13: M=3 D=906.14 gap=0.0 TIE t_best=22.4s wall=60s
[wc60_30s] rdp206 seed=14: M=3 D=906.14 gap=0.0 TIE t_best=14.4s wall=60s
[wc60_30s] rdp206 seed=15: M=3 D=906.14 gap=0.0 TIE t_best=16.5s wall=60s
[wc60_30s] rdp206 seed=16: M=3 D=906.14 gap=0.0 TIE t_best=22.3s wall=60s
[wc60_30s] rdp206 seed=17: M=3 D=906.14 gap=0.0 TIE t_best=18.3s wall=60s
[wc60_30s] rdp206 seed=18: M=3 D=906.14 gap=0.0 TIE t_best=16.5s wall=60s
[wc60_30s] rdp206 seed=19: M=3 D=906.14 gap=0.0 TIE t_best=16.5s wall=60s
[wc60_30s] rdp206 seed=20: M=3 D=906.14 gap=0.0 TIE t_best=12.4s wall=60s
[wc60_30s] rdp206 seed=21: M=3 D=906.14 gap=0.0 TIE t_best=18.4s wall=60s
[wc60_30s] rdp206 seed=22: M=3 D=906.14 gap=0.0 TIE t_best=16.4s wall=60s
[wc60_30s] rdp206 seed=23: M=3 D=906.14 gap=0.0 TIE t_best=24.5s wall=60s
[wc60_30s] rdp206 seed=24: M=3 D=906.14 gap=0.0 TIE t_best=24.4s wall=60s
[wc60_30s] rdp206 seed=25: M=3 D=906.14 gap=0.0 TIE t_best=14.5s wall=60s
[wc60_30s] rdp206 seed=26: M=3 D=906.14 gap=0.0 TIE t_best=18.5s wall=60s
[wc60_30s] rdp206 seed=27: M=3 D=906.14 gap=0.0 TIE t_best=22.3s wall=60s
[wc60_30s] rdp206 seed=28: M=3 D=906.14 gap=0.0 TIE t_best=20.4s wall=60s
[wc60_30s] rdp206 seed=29: M=3 D=906.14 gap=0.0 TIE t_best=22.2s wall=60s
[wc60_30s] rdp206 seed=30: M=3 D=906.14 gap=0.0 TIE t_best=16.5s wall=60s
[wc60_30s] rdp207 seed=1: M=2 D=890.61 gap=0.0 TIE t_best=14.9s wall=60s
[wc60_30s] rdp207 seed=2: M=2 D=890.61 gap=0.0 TIE t_best=15.0s wall=60s
[wc60_30s] rdp207 seed=3: M=2 D=890.61 gap=0.0 TIE t_best=14.8s wall=60s
[wc60_30s] rdp207 seed=4: M=2 D=890.61 gap=0.0 TIE t_best=7.3s wall=60s
[wc60_30s] rdp207 seed=5: M=2 D=890.61 gap=0.0 TIE t_best=12.5s wall=60s
[wc60_30s] rdp207 seed=6: M=2 D=890.61 gap=0.0 TIE t_best=15.0s wall=60s
[wc60_30s] rdp207 seed=7: M=2 D=890.61 gap=0.0 TIE t_best=9.9s wall=60s
[wc60_30s] rdp207 seed=8: M=2 D=890.61 gap=0.0 TIE t_best=17.5s wall=60s
[wc60_30s] rdp207 seed=9: M=2 D=890.61 gap=0.0 TIE t_best=12.3s wall=60s
[wc60_30s] rdp207 seed=10: M=2 D=890.61 gap=0.0 TIE t_best=12.4s wall=60s
[wc60_30s] rdp207 seed=11: M=2 D=890.61 gap=0.0 TIE t_best=15.1s wall=60s
[wc60_30s] rdp207 seed=12: M=2 D=890.61 gap=0.0 TIE t_best=17.4s wall=60s
[wc60_30s] rdp207 seed=13: M=2 D=890.61 gap=0.0 TIE t_best=12.5s wall=60s
[wc60_30s] rdp207 seed=14: M=2 D=890.61 gap=0.0 TIE t_best=15.0s wall=60s
[wc60_30s] rdp207 seed=15: M=2 D=890.61 gap=0.0 TIE t_best=12.5s wall=60s
[wc60_30s] rdp207 seed=16: M=2 D=890.61 gap=0.0 TIE t_best=15.4s wall=60s
[wc60_30s] rdp207 seed=17: M=2 D=890.61 gap=0.0 TIE t_best=12.4s wall=60s
[wc60_30s] rdp207 seed=18: M=2 D=890.61 gap=0.0 TIE t_best=17.6s wall=60s
[wc60_30s] rdp207 seed=19: M=2 D=890.61 gap=0.0 TIE t_best=12.6s wall=60s
[wc60_30s] rdp207 seed=20: M=2 D=890.61 gap=0.0 TIE t_best=12.4s wall=60s
[wc60_30s] rdp207 seed=21: M=2 D=890.61 gap=0.0 TIE t_best=18.0s wall=60s
[wc60_30s] rdp207 seed=22: M=2 D=890.61 gap=0.0 TIE t_best=14.9s wall=60s
[wc60_30s] rdp207 seed=23: M=2 D=890.61 gap=0.0 TIE t_best=12.5s wall=60s
[wc60_30s] rdp207 seed=24: M=2 D=890.61 gap=0.0 TIE t_best=12.6s wall=60s
[wc60_30s] rdp207 seed=25: M=2 D=890.61 gap=0.0 TIE t_best=15.0s wall=60s
[wc60_30s] rdp207 seed=26: M=2 D=890.61 gap=0.0 TIE t_best=15.0s wall=60s
[wc60_30s] rdp207 seed=27: M=2 D=890.61 gap=0.0 TIE t_best=20.2s wall=60s
[wc60_30s] rdp207 seed=28: M=2 D=890.61 gap=0.0 TIE t_best=20.3s wall=60s
[wc60_30s] rdp207 seed=29: M=2 D=890.61 gap=0.0 TIE t_best=15.0s wall=60s
[wc60_30s] rdp207 seed=30: M=2 D=890.61 gap=0.0 TIE t_best=15.0s wall=60s
[wc60_30s] rdp208 seed=1: M=2 D=726.82 gap=-0.0 TIE t_best=12.5s wall=60s
[wc60_30s] rdp208 seed=2: M=2 D=726.82 gap=-0.0 TIE t_best=15.7s wall=60s
[wc60_30s] rdp208 seed=3: M=2 D=726.82 gap=-0.0 TIE t_best=9.3s wall=60s
[wc60_30s] rdp208 seed=4: M=2 D=726.82 gap=-0.0 TIE t_best=9.4s wall=61s
[wc60_30s] rdp208 seed=5: M=2 D=726.82 gap=-0.0 TIE t_best=9.4s wall=60s
[wc60_30s] rdp208 seed=6: M=2 D=726.82 gap=-0.0 TIE t_best=9.3s wall=60s
[wc60_30s] rdp208 seed=7: M=2 D=726.82 gap=-0.0 TIE t_best=9.3s wall=60s
[wc60_30s] rdp208 seed=8: M=2 D=726.82 gap=-0.0 TIE t_best=9.3s wall=60s
[wc60_30s] rdp208 seed=9: M=2 D=726.82 gap=-0.0 TIE t_best=9.3s wall=60s
[wc60_30s] rdp208 seed=10: M=2 D=726.82 gap=-0.0 TIE t_best=15.7s wall=60s
[wc60_30s] rdp208 seed=11: M=2 D=726.82 gap=-0.0 TIE t_best=12.7s wall=60s
[wc60_30s] rdp208 seed=12: M=2 D=726.82 gap=-0.0 TIE t_best=12.5s wall=60s
[wc60_30s] rdp208 seed=13: M=2 D=726.82 gap=-0.0 TIE t_best=9.4s wall=60s
[wc60_30s] rdp208 seed=14: M=2 D=726.82 gap=-0.0 TIE t_best=12.6s wall=60s
[wc60_30s] rdp208 seed=15: M=2 D=726.82 gap=-0.0 TIE t_best=9.5s wall=60s
[wc60_30s] rdp208 seed=16: M=2 D=726.82 gap=-0.0 TIE t_best=12.6s wall=60s
[wc60_30s] rdp208 seed=17: M=2 D=726.82 gap=-0.0 TIE t_best=9.3s wall=60s
[wc60_30s] rdp208 seed=18: M=2 D=726.82 gap=-0.0 TIE t_best=12.6s wall=61s
[wc60_30s] rdp208 seed=19: M=2 D=726.82 gap=-0.0 TIE t_best=9.4s wall=61s
[wc60_30s] rdp208 seed=20: M=2 D=726.82 gap=-0.0 TIE t_best=12.6s wall=60s
[wc60_30s] rdp208 seed=21: M=2 D=726.82 gap=-0.0 TIE t_best=9.4s wall=60s
[wc60_30s] rdp208 seed=22: M=2 D=726.82 gap=-0.0 TIE t_best=9.4s wall=60s
[wc60_30s] rdp208 seed=23: M=2 D=726.82 gap=-0.0 TIE t_best=9.5s wall=60s
[wc60_30s] rdp208 seed=24: M=2 D=726.82 gap=-0.0 TIE t_best=12.7s wall=60s
[wc60_30s] rdp208 seed=25: M=2 D=726.82 gap=-0.0 TIE t_best=6.2s wall=60s
[wc60_30s] rdp208 seed=26: M=2 D=726.82 gap=-0.0 TIE t_best=9.3s wall=61s
[wc60_30s] rdp208 seed=27: M=2 D=726.82 gap=-0.0 TIE t_best=12.7s wall=60s
[wc60_30s] rdp208 seed=28: M=2 D=726.82 gap=-0.0 TIE t_best=12.6s wall=60s
[wc60_30s] rdp208 seed=29: M=2 D=726.82 gap=-0.0 TIE t_best=12.5s wall=60s
[wc60_30s] rdp208 seed=30: M=2 D=726.82 gap=-0.0 TIE t_best=12.6s wall=60s
[wc60_30s] rdp209 seed=1: M=3 D=909.16 gap=0.0 TIE t_best=23.8s wall=60s
[wc60_30s] rdp209 seed=2: M=3 D=909.16 gap=0.0 TIE t_best=18.3s wall=60s
[wc60_30s] rdp209 seed=3: M=3 D=909.16 gap=0.0 TIE t_best=38.3s wall=60s
[wc60_30s] rdp209 seed=4: M=3 D=909.16 gap=0.0 TIE t_best=42.1s wall=60s
[wc60_30s] rdp209 seed=5: M=3 D=909.16 gap=0.0 TIE t_best=9.2s wall=60s
[wc60_30s] rdp209 seed=6: M=3 D=909.16 gap=0.0 TIE t_best=16.4s wall=60s
[wc60_30s] rdp209 seed=7: M=3 D=909.16 gap=0.0 TIE t_best=18.4s wall=60s
[wc60_30s] rdp209 seed=8: M=3 D=909.66 gap=0.0071 worse t_best=37.0s wall=60s
[wc60_30s] rdp209 seed=9: M=3 D=909.66 gap=0.0071 worse t_best=16.5s wall=60s
[wc60_30s] rdp209 seed=10: M=3 D=909.16 gap=0.0 TIE t_best=23.7s wall=60s
[wc60_30s] rdp209 seed=11: M=3 D=909.16 gap=0.0 TIE t_best=14.7s wall=60s
[wc60_30s] rdp209 seed=12: M=3 D=909.16 gap=0.0 TIE t_best=11.0s wall=60s
[wc60_30s] rdp209 seed=13: M=3 D=909.16 gap=0.0 TIE t_best=20.5s wall=60s
[wc60_30s] rdp209 seed=14: M=3 D=909.16 gap=0.0 TIE t_best=20.1s wall=60s
[wc60_30s] rdp209 seed=15: M=3 D=909.16 gap=0.0 TIE t_best=22.1s wall=60s
[wc60_30s] rdp209 seed=16: M=3 D=909.66 gap=0.0071 worse t_best=12.9s wall=60s
[wc60_30s] rdp209 seed=17: M=3 D=909.16 gap=0.0 TIE t_best=25.9s wall=60s
[wc60_30s] rdp209 seed=18: M=3 D=909.16 gap=0.0 TIE t_best=18.2s wall=60s
[wc60_30s] rdp209 seed=19: M=3 D=909.16 gap=0.0 TIE t_best=16.4s wall=60s
[wc60_30s] rdp209 seed=20: M=3 D=909.16 gap=0.0 TIE t_best=20.2s wall=60s
[wc60_30s] rdp209 seed=21: M=3 D=909.16 gap=0.0 TIE t_best=5.5s wall=60s
[wc60_30s] rdp209 seed=22: M=3 D=909.16 gap=0.0 TIE t_best=16.3s wall=60s
[wc60_30s] rdp209 seed=23: M=3 D=909.16 gap=0.0 TIE t_best=16.6s wall=60s
[wc60_30s] rdp209 seed=24: M=3 D=909.16 gap=0.0 TIE t_best=42.2s wall=60s
[wc60_30s] rdp209 seed=25: M=3 D=909.16 gap=0.0 TIE t_best=42.2s wall=60s
[wc60_30s] rdp209 seed=26: M=3 D=909.16 gap=0.0 TIE t_best=11.0s wall=60s
[wc60_30s] rdp209 seed=27: M=3 D=909.16 gap=0.0 TIE t_best=11.0s wall=60s
[wc60_30s] rdp209 seed=28: M=3 D=910.55 gap=0.0201 worse t_best=7.4s wall=60s
[wc60_30s] rdp209 seed=29: M=3 D=909.16 gap=0.0 TIE t_best=40.4s wall=60s
[wc60_30s] rdp209 seed=30: M=3 D=909.16 gap=0.0 TIE t_best=20.1s wall=60s
[wc60_30s] rdp210 seed=1: M=3 D=939.37 gap=0.0 TIE t_best=4.0s wall=60s
[wc60_30s] rdp210 seed=2: M=3 D=939.37 gap=0.0 TIE t_best=12.1s wall=60s
[wc60_30s] rdp210 seed=3: M=3 D=939.37 gap=0.0 TIE t_best=4.0s wall=60s
[wc60_30s] rdp210 seed=4: M=3 D=939.37 gap=0.0 TIE t_best=35.3s wall=60s
[wc60_30s] rdp210 seed=5: M=3 D=939.37 gap=0.0 TIE t_best=4.1s wall=60s
[wc60_30s] rdp210 seed=6: M=3 D=939.37 gap=0.0 TIE t_best=6.0s wall=60s
[wc60_30s] rdp210 seed=7: M=3 D=939.37 gap=0.0 TIE t_best=4.1s wall=60s
[wc60_30s] rdp210 seed=8: M=3 D=939.37 gap=0.0 TIE t_best=10.1s wall=60s
[wc60_30s] rdp210 seed=9: M=3 D=939.37 gap=0.0 TIE t_best=6.0s wall=60s
[wc60_30s] rdp210 seed=10: M=3 D=939.37 gap=0.0 TIE t_best=12.0s wall=60s
[wc60_30s] rdp210 seed=11: M=3 D=939.37 gap=0.0 TIE t_best=10.1s wall=60s
[wc60_30s] rdp210 seed=12: M=3 D=939.37 gap=0.0 TIE t_best=10.0s wall=60s
[wc60_30s] rdp210 seed=13: M=3 D=939.37 gap=0.0 TIE t_best=4.0s wall=60s
[wc60_30s] rdp210 seed=14: M=3 D=939.37 gap=0.0 TIE t_best=4.0s wall=60s
[wc60_30s] rdp210 seed=15: M=3 D=939.37 gap=0.0 TIE t_best=12.1s wall=60s
[wc60_30s] rdp210 seed=16: M=3 D=939.37 gap=0.0 TIE t_best=6.0s wall=60s
[wc60_30s] rdp210 seed=17: M=3 D=939.37 gap=0.0 TIE t_best=6.1s wall=60s
[wc60_30s] rdp210 seed=18: M=3 D=939.37 gap=0.0 TIE t_best=4.0s wall=60s
[wc60_30s] rdp210 seed=19: M=3 D=939.37 gap=0.0 TIE t_best=4.0s wall=60s
[wc60_30s] rdp210 seed=20: M=3 D=939.37 gap=0.0 TIE t_best=4.0s wall=60s
[wc60_30s] rdp210 seed=21: M=3 D=939.37 gap=0.0 TIE t_best=6.1s wall=60s
[wc60_30s] rdp210 seed=22: M=3 D=939.37 gap=0.0 TIE t_best=15.9s wall=60s
[wc60_30s] rdp210 seed=23: M=3 D=939.37 gap=0.0 TIE t_best=4.0s wall=60s
[wc60_30s] rdp210 seed=24: M=3 D=939.37 gap=0.0 TIE t_best=4.0s wall=60s
[wc60_30s] rdp210 seed=25: M=3 D=939.37 gap=0.0 TIE t_best=6.1s wall=60s
[wc60_30s] rdp210 seed=26: M=3 D=939.37 gap=0.0 TIE t_best=6.0s wall=60s
[wc60_30s] rdp210 seed=27: M=3 D=939.37 gap=0.0 TIE t_best=4.0s wall=60s
[wc60_30s] rdp210 seed=28: M=3 D=939.37 gap=0.0 TIE t_best=8.2s wall=60s
[wc60_30s] rdp210 seed=29: M=3 D=939.37 gap=0.0 TIE t_best=4.0s wall=60s
[wc60_30s] rdp210 seed=30: M=3 D=939.37 gap=0.0 TIE t_best=8.1s wall=60s
[wc60_30s] rdp211 seed=1: M=2 D=890.93 gap=0.1069 worse t_best=42.6s wall=60s
[wc60_30s] rdp211 seed=2: M=2 D=899.97 gap=0.2918 worse t_best=60.1s wall=60s
[wc60_30s] rdp211 seed=3: M=2 D=898.15 gap=0.2546 worse t_best=10.7s wall=60s
[wc60_30s] rdp211 seed=4: M=2 D=892.99 gap=0.149 worse t_best=44.2s wall=60s
[wc60_30s] rdp211 seed=5: M=2 D=893.14 gap=0.1521 worse t_best=16.2s wall=60s
[wc60_30s] rdp211 seed=6: M=2 D=898.15 gap=0.2546 worse t_best=16.2s wall=60s
[wc60_30s] rdp211 seed=7: M=2 D=898.15 gap=0.2546 worse t_best=35.2s wall=60s
[wc60_30s] rdp211 seed=8: M=2 D=898.15 gap=0.2546 worse t_best=27.2s wall=60s
[wc60_30s] rdp211 seed=9: M=2 D=898.15 gap=0.2546 worse t_best=40.6s wall=60s
[wc60_30s] rdp211 seed=10: M=2 D=892.72 gap=0.1435 worse t_best=27.3s wall=60s
[wc60_30s] rdp211 seed=11: M=2 D=894.74 gap=0.1847 worse t_best=58.7s wall=60s
[wc60_30s] rdp211 seed=12: M=2 D=899.28 gap=0.2777 worse t_best=48.5s wall=60s
[wc60_30s] rdp211 seed=13: M=2 D=891.89 gap=0.1265 worse t_best=27.3s wall=60s
[wc60_30s] rdp211 seed=14: M=2 D=898.15 gap=0.2546 worse t_best=45.6s wall=60s
[wc60_30s] rdp211 seed=15: M=2 D=893.14 gap=0.1521 worse t_best=10.7s wall=60s
[wc60_30s] rdp211 seed=16: M=2 D=899.69 gap=0.2861 worse t_best=8.0s wall=60s
[wc60_30s] rdp211 seed=17: M=2 D=895.94 gap=0.2093 worse t_best=35.0s wall=60s
[wc60_30s] rdp211 seed=18: M=2 D=898.15 gap=0.2546 worse t_best=45.2s wall=60s
[wc60_30s] rdp211 seed=19: M=2 D=898.15 gap=0.2546 worse t_best=24.3s wall=60s
[wc60_30s] rdp211 seed=20: M=2 D=898.15 gap=0.2546 worse t_best=35.1s wall=60s
[wc60_30s] rdp211 seed=21: M=2 D=898.15 gap=0.2546 worse t_best=40.3s wall=60s
[wc60_30s] rdp211 seed=22: M=2 D=899.28 gap=0.2777 worse t_best=29.1s wall=60s
[wc60_30s] rdp211 seed=23: M=2 D=898.15 gap=0.2546 worse t_best=40.9s wall=60s
[wc60_30s] rdp211 seed=24: M=2 D=885.71 gap=0.0 TIE t_best=51.9s wall=60s
[wc60_30s] rdp211 seed=25: M=2 D=898.15 gap=0.2546 worse t_best=49.8s wall=60s
[wc60_30s] rdp211 seed=26: M=2 D=898.15 gap=0.2546 worse t_best=51.1s wall=60s
[wc60_30s] rdp211 seed=27: M=2 D=895.94 gap=0.2093 worse t_best=34.8s wall=60s
[wc60_30s] rdp211 seed=28: M=2 D=898.15 gap=0.2546 worse t_best=45.8s wall=60s
[wc60_30s] rdp211 seed=29: M=2 D=896.00 gap=0.2106 worse t_best=48.4s wall=60s
[wc60_30s] rdp211 seed=30: M=2 D=898.15 gap=0.2546 worse t_best=10.7s wall=60s
[wc60_30s] rcdp101 seed=1: M=14 D=1708.21 gap=-0.0 TIE t_best=13.7s wall=60s
[wc60_30s] rcdp101 seed=2: M=14 D=1708.21 gap=-0.0 TIE t_best=8.3s wall=60s
[wc60_30s] rcdp101 seed=3: M=14 D=1708.21 gap=-0.0 TIE t_best=7.9s wall=60s
[wc60_30s] rcdp101 seed=4: M=14 D=1708.21 gap=-0.0 TIE t_best=10.2s wall=60s
[wc60_30s] rcdp101 seed=5: M=14 D=1708.21 gap=-0.0 TIE t_best=13.4s wall=60s
[wc60_30s] rcdp101 seed=6: M=14 D=1708.21 gap=-0.0 TIE t_best=12.4s wall=60s
[wc60_30s] rcdp101 seed=7: M=14 D=1708.21 gap=-0.0 TIE t_best=5.2s wall=60s
[wc60_30s] rcdp101 seed=8: M=14 D=1708.21 gap=-0.0 TIE t_best=4.7s wall=60s
[wc60_30s] rcdp101 seed=9: M=14 D=1708.21 gap=-0.0 TIE t_best=1.2s wall=60s
[wc60_30s] rcdp101 seed=10: M=14 D=1708.21 gap=-0.0 TIE t_best=12.1s wall=60s
[wc60_30s] rcdp101 seed=11: M=14 D=1708.21 gap=-0.0 TIE t_best=11.0s wall=60s
[wc60_30s] rcdp101 seed=12: M=14 D=1708.21 gap=-0.0 TIE t_best=4.8s wall=60s
[wc60_30s] rcdp101 seed=13: M=14 D=1708.21 gap=-0.0 TIE t_best=5.1s wall=60s
[wc60_30s] rcdp101 seed=14: M=14 D=1708.21 gap=-0.0 TIE t_best=5.9s wall=60s
[wc60_30s] rcdp101 seed=15: M=14 D=1708.21 gap=-0.0 TIE t_best=7.4s wall=60s
[wc60_30s] rcdp101 seed=16: M=14 D=1708.21 gap=-0.0 TIE t_best=1.2s wall=60s
[wc60_30s] rcdp101 seed=17: M=14 D=1708.21 gap=-0.0 TIE t_best=2.4s wall=60s
[wc60_30s] rcdp101 seed=18: M=14 D=1708.21 gap=-0.0 TIE t_best=7.8s wall=60s
[wc60_30s] rcdp101 seed=19: M=14 D=1708.21 gap=-0.0 TIE t_best=10.1s wall=60s
[wc60_30s] rcdp101 seed=20: M=14 D=1708.21 gap=-0.0 TIE t_best=9.4s wall=60s
[wc60_30s] rcdp101 seed=21: M=14 D=1708.21 gap=-0.0 TIE t_best=2.0s wall=60s
[wc60_30s] rcdp101 seed=22: M=14 D=1708.21 gap=-0.0 TIE t_best=2.0s wall=60s
[wc60_30s] rcdp101 seed=23: M=14 D=1708.21 gap=-0.0 TIE t_best=17.3s wall=60s
[wc60_30s] rcdp101 seed=24: M=14 D=1708.21 gap=-0.0 TIE t_best=12.0s wall=60s
[wc60_30s] rcdp101 seed=25: M=14 D=1708.21 gap=-0.0 TIE t_best=5.2s wall=60s
[wc60_30s] rcdp101 seed=26: M=14 D=1708.21 gap=-0.0 TIE t_best=9.8s wall=60s
[wc60_30s] rcdp101 seed=27: M=14 D=1708.21 gap=-0.0 TIE t_best=9.7s wall=60s
[wc60_30s] rcdp101 seed=28: M=14 D=1708.21 gap=-0.0 TIE t_best=2.0s wall=60s
[wc60_30s] rcdp101 seed=29: M=14 D=1708.21 gap=-0.0 TIE t_best=2.4s wall=60s
[wc60_30s] rcdp101 seed=30: M=14 D=1708.21 gap=-0.0 TIE t_best=27.3s wall=60s
[wc60_30s] rcdp102 seed=1: M=12 D=1570.28 gap=-0.0 TIE t_best=1.5s wall=60s
[wc60_30s] rcdp102 seed=2: M=12 D=1570.28 gap=-0.0 TIE t_best=3.7s wall=60s
[wc60_30s] rcdp102 seed=3: M=12 D=1570.28 gap=-0.0 TIE t_best=2.2s wall=60s
[wc60_30s] rcdp102 seed=4: M=12 D=1570.28 gap=-0.0 TIE t_best=4.5s wall=60s
[wc60_30s] rcdp102 seed=5: M=12 D=1570.28 gap=-0.0 TIE t_best=3.7s wall=60s
[wc60_30s] rcdp102 seed=6: M=12 D=1570.28 gap=-0.0 TIE t_best=3.0s wall=60s
[wc60_30s] rcdp102 seed=7: M=12 D=1570.28 gap=-0.0 TIE t_best=3.7s wall=60s
[wc60_30s] rcdp102 seed=8: M=12 D=1570.28 gap=-0.0 TIE t_best=4.5s wall=60s
[wc60_30s] rcdp102 seed=9: M=12 D=1570.28 gap=-0.0 TIE t_best=2.9s wall=60s
[wc60_30s] rcdp102 seed=10: M=12 D=1570.28 gap=-0.0 TIE t_best=2.9s wall=60s
[wc60_30s] rcdp102 seed=11: M=12 D=1570.28 gap=-0.0 TIE t_best=3.7s wall=60s
[wc60_30s] rcdp102 seed=12: M=12 D=1570.28 gap=-0.0 TIE t_best=3.0s wall=60s
[wc60_30s] rcdp102 seed=13: M=12 D=1570.28 gap=-0.0 TIE t_best=2.2s wall=60s
[wc60_30s] rcdp102 seed=14: M=12 D=1570.28 gap=-0.0 TIE t_best=3.7s wall=60s
[wc60_30s] rcdp102 seed=15: M=12 D=1570.28 gap=-0.0 TIE t_best=4.5s wall=60s
[wc60_30s] rcdp102 seed=16: M=12 D=1570.28 gap=-0.0 TIE t_best=4.4s wall=60s
[wc60_30s] rcdp102 seed=17: M=12 D=1570.28 gap=-0.0 TIE t_best=2.2s wall=60s
[wc60_30s] rcdp102 seed=18: M=12 D=1570.28 gap=-0.0 TIE t_best=3.7s wall=60s
[wc60_30s] rcdp102 seed=19: M=12 D=1570.28 gap=-0.0 TIE t_best=3.0s wall=60s
[wc60_30s] rcdp102 seed=20: M=12 D=1570.28 gap=-0.0 TIE t_best=4.5s wall=60s
[wc60_30s] rcdp102 seed=21: M=12 D=1570.28 gap=-0.0 TIE t_best=2.2s wall=60s
[wc60_30s] rcdp102 seed=22: M=12 D=1570.28 gap=-0.0 TIE t_best=3.7s wall=60s
[wc60_30s] rcdp102 seed=23: M=12 D=1570.28 gap=-0.0 TIE t_best=3.0s wall=60s
[wc60_30s] rcdp102 seed=24: M=12 D=1570.28 gap=-0.0 TIE t_best=3.0s wall=60s
[wc60_30s] rcdp102 seed=25: M=12 D=1570.28 gap=-0.0 TIE t_best=3.0s wall=60s
[wc60_30s] rcdp102 seed=26: M=12 D=1570.28 gap=-0.0 TIE t_best=3.7s wall=60s
[wc60_30s] rcdp102 seed=27: M=12 D=1570.28 gap=-0.0 TIE t_best=3.0s wall=60s
[wc60_30s] rcdp102 seed=28: M=12 D=1570.28 gap=-0.0 TIE t_best=5.3s wall=60s
[wc60_30s] rcdp102 seed=29: M=12 D=1570.28 gap=-0.0 TIE t_best=3.7s wall=60s
[wc60_30s] rcdp102 seed=30: M=12 D=1570.28 gap=-0.0 TIE t_best=2.9s wall=60s
[wc60_30s] rcdp103 seed=1: M=11 D=1282.53 gap=-0.0 TIE t_best=5.2s wall=60s
[wc60_30s] rcdp103 seed=2: M=11 D=1282.53 gap=-0.0 TIE t_best=3.1s wall=60s
[wc60_30s] rcdp103 seed=3: M=11 D=1282.53 gap=-0.0 TIE t_best=3.1s wall=60s
[wc60_30s] rcdp103 seed=4: M=11 D=1282.53 gap=-0.0 TIE t_best=4.2s wall=60s
[wc60_30s] rcdp103 seed=5: M=11 D=1282.53 gap=-0.0 TIE t_best=4.2s wall=60s
[wc60_30s] rcdp103 seed=6: M=11 D=1282.53 gap=-0.0 TIE t_best=6.3s wall=60s
[wc60_30s] rcdp103 seed=7: M=11 D=1282.53 gap=-0.0 TIE t_best=3.2s wall=60s
[wc60_30s] rcdp103 seed=8: M=11 D=1282.53 gap=-0.0 TIE t_best=6.5s wall=60s
[wc60_30s] rcdp103 seed=9: M=11 D=1282.53 gap=-0.0 TIE t_best=7.5s wall=60s
[wc60_30s] rcdp103 seed=10: M=11 D=1282.53 gap=-0.0 TIE t_best=5.4s wall=60s
[wc60_30s] rcdp103 seed=11: M=11 D=1282.53 gap=-0.0 TIE t_best=5.2s wall=60s
[wc60_30s] rcdp103 seed=12: M=11 D=1282.53 gap=-0.0 TIE t_best=4.1s wall=60s
[wc60_30s] rcdp103 seed=13: M=11 D=1282.53 gap=-0.0 TIE t_best=3.2s wall=60s
[wc60_30s] rcdp103 seed=14: M=11 D=1282.53 gap=-0.0 TIE t_best=4.2s wall=60s
[wc60_30s] rcdp103 seed=15: M=11 D=1282.53 gap=-0.0 TIE t_best=6.3s wall=60s
[wc60_30s] rcdp103 seed=16: M=11 D=1282.53 gap=-0.0 TIE t_best=3.2s wall=60s
[wc60_30s] rcdp103 seed=17: M=11 D=1282.53 gap=-0.0 TIE t_best=6.2s wall=60s
[wc60_30s] rcdp103 seed=18: M=11 D=1282.53 gap=-0.0 TIE t_best=7.4s wall=60s
[wc60_30s] rcdp103 seed=19: M=11 D=1282.53 gap=-0.0 TIE t_best=7.4s wall=60s
[wc60_30s] rcdp103 seed=20: M=11 D=1282.53 gap=-0.0 TIE t_best=2.1s wall=60s
[wc60_30s] rcdp103 seed=21: M=11 D=1282.53 gap=-0.0 TIE t_best=9.6s wall=60s
[wc60_30s] rcdp103 seed=22: M=11 D=1282.53 gap=-0.0 TIE t_best=5.3s wall=60s
[wc60_30s] rcdp103 seed=23: M=11 D=1282.53 gap=-0.0 TIE t_best=5.3s wall=60s
[wc60_30s] rcdp103 seed=24: M=11 D=1282.53 gap=-0.0 TIE t_best=6.3s wall=60s
[wc60_30s] rcdp103 seed=25: M=11 D=1282.53 gap=-0.0 TIE t_best=7.3s wall=60s
[wc60_30s] rcdp103 seed=26: M=11 D=1282.53 gap=-0.0 TIE t_best=5.3s wall=60s
[wc60_30s] rcdp103 seed=27: M=11 D=1282.53 gap=-0.0 TIE t_best=6.3s wall=60s
[wc60_30s] rcdp103 seed=28: M=11 D=1282.53 gap=-0.0 TIE t_best=6.3s wall=60s
[wc60_30s] rcdp103 seed=29: M=11 D=1282.53 gap=-0.0 TIE t_best=4.1s wall=60s
[wc60_30s] rcdp103 seed=30: M=11 D=1282.53 gap=-0.0 TIE t_best=6.3s wall=61s
[wc60_30s] rcdp104 seed=1: M=10 D=1171.37 gap=-0.0 TIE t_best=2.3s wall=60s
[wc60_30s] rcdp104 seed=2: M=10 D=1171.37 gap=-0.0 TIE t_best=2.4s wall=60s
[wc60_30s] rcdp104 seed=3: M=10 D=1171.37 gap=-0.0 TIE t_best=4.9s wall=60s
[wc60_30s] rcdp104 seed=4: M=10 D=1171.37 gap=-0.0 TIE t_best=7.3s wall=60s
[wc60_30s] rcdp104 seed=5: M=10 D=1171.37 gap=-0.0 TIE t_best=4.9s wall=60s
[wc60_30s] rcdp104 seed=6: M=10 D=1171.37 gap=-0.0 TIE t_best=2.4s wall=60s
[wc60_30s] rcdp104 seed=7: M=10 D=1171.37 gap=-0.0 TIE t_best=6.1s wall=60s
[wc60_30s] rcdp104 seed=8: M=10 D=1171.37 gap=-0.0 TIE t_best=4.7s wall=60s
[wc60_30s] rcdp104 seed=9: M=10 D=1171.37 gap=-0.0 TIE t_best=4.8s wall=60s
[wc60_30s] rcdp104 seed=10: M=10 D=1171.37 gap=-0.0 TIE t_best=4.8s wall=60s
[wc60_30s] rcdp104 seed=11: M=10 D=1171.37 gap=-0.0 TIE t_best=3.6s wall=60s
[wc60_30s] rcdp104 seed=12: M=10 D=1171.37 gap=-0.0 TIE t_best=3.6s wall=60s
[wc60_30s] rcdp104 seed=13: M=10 D=1171.37 gap=-0.0 TIE t_best=3.7s wall=60s
[wc60_30s] rcdp104 seed=14: M=10 D=1171.37 gap=-0.0 TIE t_best=4.8s wall=60s
[wc60_30s] rcdp104 seed=15: M=10 D=1171.37 gap=-0.0 TIE t_best=4.8s wall=60s
[wc60_30s] rcdp104 seed=16: M=10 D=1171.37 gap=-0.0 TIE t_best=4.8s wall=60s
[wc60_30s] rcdp104 seed=17: M=10 D=1171.37 gap=-0.0 TIE t_best=6.0s wall=60s
[wc60_30s] rcdp104 seed=18: M=10 D=1171.37 gap=-0.0 TIE t_best=4.8s wall=60s
[wc60_30s] rcdp104 seed=19: M=10 D=1171.37 gap=-0.0 TIE t_best=4.8s wall=60s
[wc60_30s] rcdp104 seed=20: M=10 D=1171.37 gap=-0.0 TIE t_best=4.8s wall=60s
[wc60_30s] rcdp104 seed=21: M=10 D=1171.37 gap=-0.0 TIE t_best=4.8s wall=60s
[wc60_30s] rcdp104 seed=22: M=10 D=1171.37 gap=-0.0 TIE t_best=4.8s wall=60s
[wc60_30s] rcdp104 seed=23: M=10 D=1171.37 gap=-0.0 TIE t_best=2.4s wall=60s
[wc60_30s] rcdp104 seed=24: M=10 D=1171.37 gap=-0.0 TIE t_best=3.6s wall=60s
[wc60_30s] rcdp104 seed=25: M=10 D=1171.37 gap=-0.0 TIE t_best=3.6s wall=60s
[wc60_30s] rcdp104 seed=26: M=10 D=1171.37 gap=-0.0 TIE t_best=6.0s wall=60s
[wc60_30s] rcdp104 seed=27: M=10 D=1171.37 gap=-0.0 TIE t_best=4.8s wall=60s
[wc60_30s] rcdp104 seed=28: M=10 D=1171.37 gap=-0.0 TIE t_best=6.1s wall=60s
[wc60_30s] rcdp104 seed=29: M=10 D=1171.37 gap=-0.0 TIE t_best=4.8s wall=60s
[wc60_30s] rcdp104 seed=30: M=10 D=1171.37 gap=-0.0 TIE t_best=4.8s wall=60s
[wc60_30s] rcdp105 seed=1: M=13 D=1632.29 gap=0.0 TIE t_best=3.2s wall=60s
[wc60_30s] rcdp105 seed=2: M=13 D=1632.29 gap=0.0 TIE t_best=17.6s wall=60s
[wc60_30s] rcdp105 seed=3: M=13 D=1632.29 gap=0.0 TIE t_best=15.8s wall=60s
[wc60_30s] rcdp105 seed=4: M=13 D=1632.29 gap=0.0 TIE t_best=22.6s wall=60s
[wc60_30s] rcdp105 seed=5: M=13 D=1632.29 gap=0.0 TIE t_best=17.1s wall=60s
[wc60_30s] rcdp105 seed=6: M=13 D=1632.29 gap=0.0 TIE t_best=10.1s wall=60s
[wc60_30s] rcdp105 seed=7: M=13 D=1632.29 gap=0.0 TIE t_best=12.8s wall=60s
[wc60_30s] rcdp105 seed=8: M=13 D=1632.29 gap=0.0 TIE t_best=19.7s wall=60s
[wc60_30s] rcdp105 seed=9: M=13 D=1632.29 gap=0.0 TIE t_best=22.1s wall=60s
[wc60_30s] rcdp105 seed=10: M=13 D=1632.29 gap=0.0 TIE t_best=15.2s wall=60s
[wc60_30s] rcdp105 seed=11: M=13 D=1632.29 gap=0.0 TIE t_best=5.8s wall=60s
[wc60_30s] rcdp105 seed=12: M=13 D=1632.29 gap=0.0 TIE t_best=6.4s wall=60s
[wc60_30s] rcdp105 seed=13: M=13 D=1632.29 gap=0.0 TIE t_best=22.2s wall=60s
[wc60_30s] rcdp105 seed=14: M=13 D=1632.29 gap=0.0 TIE t_best=55.6s wall=60s
[wc60_30s] rcdp105 seed=15: M=13 D=1632.29 gap=0.0 TIE t_best=2.5s wall=60s
[wc60_30s] rcdp105 seed=16: M=13 D=1632.29 gap=0.0 TIE t_best=5.1s wall=60s
[wc60_30s] rcdp105 seed=17: M=13 D=1632.29 gap=0.0 TIE t_best=24.8s wall=60s
[wc60_30s] rcdp105 seed=18: M=13 D=1632.29 gap=0.0 TIE t_best=7.0s wall=60s
[wc60_30s] rcdp105 seed=19: M=13 D=1632.29 gap=0.0 TIE t_best=36.1s wall=60s
[wc60_30s] rcdp105 seed=20: M=13 D=1632.29 gap=0.0 TIE t_best=36.2s wall=60s
[wc60_30s] rcdp105 seed=21: M=13 D=1632.29 gap=0.0 TIE t_best=7.7s wall=60s
[wc60_30s] rcdp105 seed=22: M=13 D=1632.29 gap=0.0 TIE t_best=13.0s wall=60s
[wc60_30s] rcdp105 seed=23: M=13 D=1632.29 gap=0.0 TIE t_best=8.2s wall=60s
[wc60_30s] rcdp105 seed=24: M=13 D=1632.29 gap=0.0 TIE t_best=16.6s wall=60s
[wc60_30s] rcdp105 seed=25: M=13 D=1632.29 gap=0.0 TIE t_best=10.2s wall=60s
[wc60_30s] rcdp105 seed=26: M=13 D=1632.29 gap=0.0 TIE t_best=5.8s wall=60s
[wc60_30s] rcdp105 seed=27: M=13 D=1632.29 gap=0.0 TIE t_best=53.1s wall=60s
[wc60_30s] rcdp105 seed=28: M=13 D=1632.29 gap=0.0 TIE t_best=23.9s wall=60s
[wc60_30s] rcdp105 seed=29: M=13 D=1632.29 gap=0.0 TIE t_best=17.0s wall=60s
[wc60_30s] rcdp105 seed=30: M=13 D=1632.29 gap=0.0 TIE t_best=10.2s wall=60s
[wc60_30s] rcdp106 seed=1: M=12 D=1392.47 gap=0.0 TIE t_best=2.6s wall=60s
[wc60_30s] rcdp106 seed=2: M=12 D=1392.47 gap=0.0 TIE t_best=2.6s wall=60s
[wc60_30s] rcdp106 seed=3: M=12 D=1392.47 gap=0.0 TIE t_best=2.0s wall=60s
[wc60_30s] rcdp106 seed=4: M=12 D=1392.47 gap=0.0 TIE t_best=2.6s wall=60s
[wc60_30s] rcdp106 seed=5: M=12 D=1392.47 gap=0.0 TIE t_best=1.3s wall=60s
[wc60_30s] rcdp106 seed=6: M=12 D=1392.47 gap=0.0 TIE t_best=2.0s wall=60s
[wc60_30s] rcdp106 seed=7: M=12 D=1392.47 gap=0.0 TIE t_best=2.0s wall=60s
[wc60_30s] rcdp106 seed=8: M=12 D=1392.47 gap=0.0 TIE t_best=2.6s wall=60s
[wc60_30s] rcdp106 seed=9: M=12 D=1392.47 gap=0.0 TIE t_best=2.0s wall=60s
[wc60_30s] rcdp106 seed=10: M=12 D=1392.47 gap=0.0 TIE t_best=1.3s wall=60s
[wc60_30s] rcdp106 seed=11: M=12 D=1392.47 gap=0.0 TIE t_best=2.0s wall=60s
[wc60_30s] rcdp106 seed=12: M=12 D=1392.47 gap=0.0 TIE t_best=2.0s wall=60s
[wc60_30s] rcdp106 seed=13: M=12 D=1392.47 gap=0.0 TIE t_best=2.6s wall=60s
[wc60_30s] rcdp106 seed=14: M=12 D=1392.47 gap=0.0 TIE t_best=1.3s wall=60s
[wc60_30s] rcdp106 seed=15: M=12 D=1392.47 gap=0.0 TIE t_best=2.0s wall=60s
[wc60_30s] rcdp106 seed=16: M=12 D=1392.47 gap=0.0 TIE t_best=2.0s wall=60s
[wc60_30s] rcdp106 seed=17: M=12 D=1392.47 gap=0.0 TIE t_best=2.6s wall=60s
[wc60_30s] rcdp106 seed=18: M=12 D=1392.47 gap=0.0 TIE t_best=2.6s wall=60s
[wc60_30s] rcdp106 seed=19: M=12 D=1392.47 gap=0.0 TIE t_best=2.0s wall=60s
[wc60_30s] rcdp106 seed=20: M=12 D=1392.47 gap=0.0 TIE t_best=2.0s wall=60s
[wc60_30s] rcdp106 seed=21: M=12 D=1392.47 gap=0.0 TIE t_best=2.6s wall=60s
[wc60_30s] rcdp106 seed=22: M=12 D=1392.47 gap=0.0 TIE t_best=1.3s wall=60s
[wc60_30s] rcdp106 seed=23: M=12 D=1392.47 gap=0.0 TIE t_best=2.6s wall=60s
[wc60_30s] rcdp106 seed=24: M=12 D=1392.47 gap=0.0 TIE t_best=1.3s wall=60s
[wc60_30s] rcdp106 seed=25: M=12 D=1392.47 gap=0.0 TIE t_best=2.6s wall=60s
[wc60_30s] rcdp106 seed=26: M=12 D=1392.47 gap=0.0 TIE t_best=2.6s wall=60s
[wc60_30s] rcdp106 seed=27: M=12 D=1392.47 gap=0.0 TIE t_best=2.0s wall=60s
[wc60_30s] rcdp106 seed=28: M=12 D=1392.47 gap=0.0 TIE t_best=2.6s wall=60s
[wc60_30s] rcdp106 seed=29: M=12 D=1392.47 gap=0.0 TIE t_best=1.9s wall=60s
[wc60_30s] rcdp106 seed=30: M=12 D=1392.47 gap=0.0 TIE t_best=1.3s wall=60s
[wc60_30s] rcdp107 seed=1: M=11 D=1255.06 gap=0.0098 worse t_best=11.6s wall=60s
[wc60_30s] rcdp107 seed=2: M=11 D=1252.79 gap=-0.0 TIE t_best=21.1s wall=60s
[wc60_30s] rcdp107 seed=3: M=11 D=1252.79 gap=-0.0 TIE t_best=15.9s wall=60s
[wc60_30s] rcdp107 seed=4: M=11 D=1252.79 gap=-0.0 TIE t_best=15.9s wall=60s
[wc60_30s] rcdp107 seed=5: M=11 D=1255.06 gap=0.0098 worse t_best=5.2s wall=60s
[wc60_30s] rcdp107 seed=6: M=11 D=1252.79 gap=-0.0 TIE t_best=39.9s wall=60s
[wc60_30s] rcdp107 seed=7: M=11 D=1252.79 gap=-0.0 TIE t_best=10.6s wall=60s
[wc60_30s] rcdp107 seed=8: M=11 D=1252.79 gap=-0.0 TIE t_best=12.8s wall=60s
[wc60_30s] rcdp107 seed=9: M=11 D=1255.06 gap=0.0098 worse t_best=14.8s wall=60s
[wc60_30s] rcdp107 seed=10: M=11 D=1255.06 gap=0.0098 worse t_best=9.5s wall=60s
[wc60_30s] rcdp107 seed=11: M=11 D=1252.79 gap=-0.0 TIE t_best=11.6s wall=60s
[wc60_30s] rcdp107 seed=12: M=11 D=1255.06 gap=0.0098 worse t_best=8.5s wall=60s
[wc60_30s] rcdp107 seed=13: M=11 D=1252.79 gap=-0.0 TIE t_best=20.0s wall=60s
[wc60_30s] rcdp107 seed=14: M=11 D=1252.79 gap=-0.0 TIE t_best=34.6s wall=60s
[wc60_30s] rcdp107 seed=15: M=11 D=1255.06 gap=0.0098 worse t_best=11.7s wall=60s
[wc60_30s] rcdp107 seed=16: M=11 D=1252.79 gap=-0.0 TIE t_best=19.9s wall=60s
[wc60_30s] rcdp107 seed=17: M=11 D=1255.06 gap=0.0098 worse t_best=7.4s wall=60s
[wc60_30s] rcdp107 seed=18: M=11 D=1252.79 gap=-0.0 TIE t_best=19.0s wall=60s
[wc60_30s] rcdp107 seed=19: M=11 D=1255.06 gap=0.0098 worse t_best=10.5s wall=60s
[wc60_30s] rcdp107 seed=20: M=11 D=1252.79 gap=-0.0 TIE t_best=28.3s wall=60s
[wc60_30s] rcdp107 seed=21: M=11 D=1255.06 gap=0.0098 worse t_best=9.6s wall=60s
[wc60_30s] rcdp107 seed=22: M=11 D=1255.06 gap=0.0098 worse t_best=10.6s wall=60s
[wc60_30s] rcdp107 seed=23: M=11 D=1252.79 gap=-0.0 TIE t_best=17.0s wall=60s
[wc60_30s] rcdp107 seed=24: M=11 D=1252.79 gap=-0.0 TIE t_best=17.1s wall=60s
[wc60_30s] rcdp107 seed=25: M=11 D=1252.79 gap=-0.0 TIE t_best=11.6s wall=60s
[wc60_30s] rcdp107 seed=26: M=11 D=1252.79 gap=-0.0 TIE t_best=35.8s wall=60s
[wc60_30s] rcdp107 seed=27: M=11 D=1255.06 gap=0.0098 worse t_best=6.4s wall=60s
[wc60_30s] rcdp107 seed=28: M=11 D=1255.06 gap=0.0098 worse t_best=8.5s wall=60s
[wc60_30s] rcdp107 seed=29: M=11 D=1255.06 gap=0.0098 worse t_best=4.2s wall=60s
[wc60_30s] rcdp107 seed=30: M=11 D=1252.79 gap=-0.0 TIE t_best=14.8s wall=60s
[wc60_30s] rcdp108 seed=1: M=10 D=1177.98 gap=0.0 TIE t_best=14.9s wall=60s
[wc60_30s] rcdp108 seed=2: M=10 D=1177.98 gap=0.0 TIE t_best=11.3s wall=60s
[wc60_30s] rcdp108 seed=3: M=10 D=1177.98 gap=0.0 TIE t_best=11.2s wall=60s
[wc60_30s] rcdp108 seed=4: M=10 D=1177.98 gap=0.0 TIE t_best=5.0s wall=60s
[wc60_30s] rcdp108 seed=5: M=10 D=1177.98 gap=0.0 TIE t_best=13.8s wall=60s
[wc60_30s] rcdp108 seed=6: M=10 D=1177.98 gap=0.0 TIE t_best=8.7s wall=60s
[wc60_30s] rcdp108 seed=7: M=10 D=1177.98 gap=0.0 TIE t_best=10.1s wall=60s
[wc60_30s] rcdp108 seed=8: M=10 D=1177.98 gap=0.0 TIE t_best=12.5s wall=60s
[wc60_30s] rcdp108 seed=9: M=10 D=1177.98 gap=0.0 TIE t_best=10.0s wall=60s
[wc60_30s] rcdp108 seed=10: M=10 D=1177.98 gap=0.0 TIE t_best=11.2s wall=60s
[wc60_30s] rcdp108 seed=11: M=10 D=1177.98 gap=0.0 TIE t_best=10.0s wall=60s
[wc60_30s] rcdp108 seed=12: M=10 D=1177.98 gap=0.0 TIE t_best=8.7s wall=60s
[wc60_30s] rcdp108 seed=13: M=10 D=1177.98 gap=0.0 TIE t_best=8.8s wall=60s
[wc60_30s] rcdp108 seed=14: M=10 D=1177.98 gap=0.0 TIE t_best=10.0s wall=60s
[wc60_30s] rcdp108 seed=15: M=10 D=1177.98 gap=0.0 TIE t_best=11.3s wall=60s
[wc60_30s] rcdp108 seed=16: M=10 D=1177.98 gap=0.0 TIE t_best=15.0s wall=60s
[wc60_30s] rcdp108 seed=17: M=10 D=1177.98 gap=0.0 TIE t_best=7.5s wall=60s
[wc60_30s] rcdp108 seed=18: M=10 D=1177.98 gap=0.0 TIE t_best=16.3s wall=60s
[wc60_30s] rcdp108 seed=19: M=10 D=1177.98 gap=0.0 TIE t_best=13.7s wall=60s
[wc60_30s] rcdp108 seed=20: M=10 D=1177.98 gap=0.0 TIE t_best=8.7s wall=60s
[wc60_30s] rcdp108 seed=21: M=10 D=1177.98 gap=0.0 TIE t_best=15.0s wall=60s
[wc60_30s] rcdp108 seed=22: M=10 D=1177.98 gap=0.0 TIE t_best=18.7s wall=60s
[wc60_30s] rcdp108 seed=23: M=10 D=1177.98 gap=0.0 TIE t_best=7.5s wall=60s
[wc60_30s] rcdp108 seed=24: M=10 D=1177.98 gap=0.0 TIE t_best=18.9s wall=60s
[wc60_30s] rcdp108 seed=25: M=10 D=1177.98 gap=0.0 TIE t_best=7.5s wall=60s
[wc60_30s] rcdp108 seed=26: M=10 D=1177.98 gap=0.0 TIE t_best=8.7s wall=60s
[wc60_30s] rcdp108 seed=27: M=10 D=1177.98 gap=0.0 TIE t_best=8.8s wall=60s
[wc60_30s] rcdp108 seed=28: M=10 D=1177.98 gap=0.0 TIE t_best=16.3s wall=60s
[wc60_30s] rcdp108 seed=29: M=10 D=1177.98 gap=0.0 TIE t_best=25.2s wall=60s
[wc60_30s] rcdp108 seed=30: M=10 D=1177.98 gap=0.0 TIE t_best=17.5s wall=60s
[wc60_30s] rcdp201 seed=1: M=4 D=1406.94 gap=-0.0 TIE t_best=1.7s wall=60s
[wc60_30s] rcdp201 seed=2: M=4 D=1406.94 gap=-0.0 TIE t_best=3.0s wall=60s
[wc60_30s] rcdp201 seed=3: M=4 D=1406.94 gap=-0.0 TIE t_best=2.9s wall=60s
[wc60_30s] rcdp201 seed=4: M=4 D=1406.94 gap=-0.0 TIE t_best=2.4s wall=60s
[wc60_30s] rcdp201 seed=5: M=4 D=1406.94 gap=-0.0 TIE t_best=2.3s wall=60s
[wc60_30s] rcdp201 seed=6: M=4 D=1406.94 gap=-0.0 TIE t_best=3.0s wall=60s
[wc60_30s] rcdp201 seed=7: M=4 D=1406.94 gap=-0.0 TIE t_best=1.8s wall=60s
[wc60_30s] rcdp201 seed=8: M=4 D=1406.94 gap=-0.0 TIE t_best=2.4s wall=60s
[wc60_30s] rcdp201 seed=9: M=4 D=1406.94 gap=-0.0 TIE t_best=1.8s wall=60s
[wc60_30s] rcdp201 seed=10: M=4 D=1406.94 gap=-0.0 TIE t_best=1.8s wall=60s
[wc60_30s] rcdp201 seed=11: M=4 D=1406.94 gap=-0.0 TIE t_best=3.0s wall=60s
[wc60_30s] rcdp201 seed=12: M=4 D=1406.94 gap=-0.0 TIE t_best=2.4s wall=60s
[wc60_30s] rcdp201 seed=13: M=4 D=1406.94 gap=-0.0 TIE t_best=3.0s wall=60s
[wc60_30s] rcdp201 seed=14: M=4 D=1406.94 gap=-0.0 TIE t_best=5.4s wall=60s
[wc60_30s] rcdp201 seed=15: M=4 D=1406.94 gap=-0.0 TIE t_best=1.7s wall=60s
[wc60_30s] rcdp201 seed=16: M=4 D=1406.94 gap=-0.0 TIE t_best=2.9s wall=60s
[wc60_30s] rcdp201 seed=17: M=4 D=1406.94 gap=-0.0 TIE t_best=1.8s wall=60s
[wc60_30s] rcdp201 seed=18: M=4 D=1406.94 gap=-0.0 TIE t_best=1.7s wall=60s
[wc60_30s] rcdp201 seed=19: M=4 D=1406.94 gap=-0.0 TIE t_best=3.0s wall=60s
[wc60_30s] rcdp201 seed=20: M=4 D=1406.94 gap=-0.0 TIE t_best=1.8s wall=60s
[wc60_30s] rcdp201 seed=21: M=4 D=1406.94 gap=-0.0 TIE t_best=1.7s wall=60s
[wc60_30s] rcdp201 seed=22: M=4 D=1406.94 gap=-0.0 TIE t_best=3.0s wall=60s
[wc60_30s] rcdp201 seed=23: M=4 D=1406.94 gap=-0.0 TIE t_best=2.4s wall=60s
[wc60_30s] rcdp201 seed=24: M=4 D=1406.94 gap=-0.0 TIE t_best=3.0s wall=60s
[wc60_30s] rcdp201 seed=25: M=4 D=1406.94 gap=-0.0 TIE t_best=2.9s wall=60s
[wc60_30s] rcdp201 seed=26: M=4 D=1406.94 gap=-0.0 TIE t_best=2.9s wall=60s
[wc60_30s] rcdp201 seed=27: M=4 D=1406.94 gap=-0.0 TIE t_best=1.8s wall=60s
[wc60_30s] rcdp201 seed=28: M=4 D=1406.94 gap=-0.0 TIE t_best=3.0s wall=60s
[wc60_30s] rcdp201 seed=29: M=4 D=1406.94 gap=-0.0 TIE t_best=2.4s wall=60s
[wc60_30s] rcdp201 seed=30: M=4 D=1406.94 gap=-0.0 TIE t_best=3.0s wall=60s
[wc60_30s] rcdp202 seed=1: M=3 D=1365.65 gap=0.0 TIE t_best=6.8s wall=60s
[wc60_30s] rcdp202 seed=2: M=3 D=1365.65 gap=0.0 TIE t_best=8.2s wall=60s
[wc60_30s] rcdp202 seed=3: M=3 D=1365.65 gap=0.0 TIE t_best=6.8s wall=60s
[wc60_30s] rcdp202 seed=4: M=3 D=1365.65 gap=0.0 TIE t_best=8.2s wall=60s
[wc60_30s] rcdp202 seed=5: M=3 D=1365.65 gap=0.0 TIE t_best=2.7s wall=60s
[wc60_30s] rcdp202 seed=6: M=3 D=1365.65 gap=0.0 TIE t_best=5.4s wall=60s
[wc60_30s] rcdp202 seed=7: M=3 D=1365.65 gap=0.0 TIE t_best=5.5s wall=60s
[wc60_30s] rcdp202 seed=8: M=3 D=1365.65 gap=0.0 TIE t_best=5.4s wall=60s
[wc60_30s] rcdp202 seed=9: M=3 D=1365.65 gap=0.0 TIE t_best=6.8s wall=60s
[wc60_30s] rcdp202 seed=10: M=3 D=1365.65 gap=0.0 TIE t_best=6.8s wall=60s
[wc60_30s] rcdp202 seed=11: M=3 D=1365.65 gap=0.0 TIE t_best=4.0s wall=60s
[wc60_30s] rcdp202 seed=12: M=3 D=1365.65 gap=0.0 TIE t_best=5.4s wall=60s
[wc60_30s] rcdp202 seed=13: M=3 D=1365.65 gap=0.0 TIE t_best=9.6s wall=60s
[wc60_30s] rcdp202 seed=14: M=3 D=1365.65 gap=0.0 TIE t_best=5.4s wall=60s
[wc60_30s] rcdp202 seed=15: M=3 D=1365.65 gap=0.0 TIE t_best=4.1s wall=60s
[wc60_30s] rcdp202 seed=16: M=3 D=1365.65 gap=0.0 TIE t_best=5.4s wall=60s
[wc60_30s] rcdp202 seed=17: M=3 D=1365.65 gap=0.0 TIE t_best=4.0s wall=60s
[wc60_30s] rcdp202 seed=18: M=3 D=1365.65 gap=0.0 TIE t_best=5.4s wall=60s
[wc60_30s] rcdp202 seed=19: M=3 D=1365.65 gap=0.0 TIE t_best=5.4s wall=60s
[wc60_30s] rcdp202 seed=20: M=3 D=1365.65 gap=0.0 TIE t_best=5.4s wall=60s
[wc60_30s] rcdp202 seed=21: M=3 D=1365.65 gap=0.0 TIE t_best=5.4s wall=60s
[wc60_30s] rcdp202 seed=22: M=3 D=1365.65 gap=0.0 TIE t_best=8.3s wall=60s
[wc60_30s] rcdp202 seed=23: M=3 D=1365.65 gap=0.0 TIE t_best=5.4s wall=60s
[wc60_30s] rcdp202 seed=24: M=3 D=1365.65 gap=0.0 TIE t_best=4.0s wall=60s
[wc60_30s] rcdp202 seed=25: M=3 D=1365.65 gap=0.0 TIE t_best=9.6s wall=60s
[wc60_30s] rcdp202 seed=26: M=3 D=1365.65 gap=0.0 TIE t_best=4.1s wall=60s
[wc60_30s] rcdp202 seed=27: M=3 D=1365.65 gap=0.0 TIE t_best=4.1s wall=60s
[wc60_30s] rcdp202 seed=28: M=3 D=1365.65 gap=0.0 TIE t_best=5.4s wall=60s
[wc60_30s] rcdp202 seed=29: M=3 D=1365.65 gap=0.0 TIE t_best=8.2s wall=60s
[wc60_30s] rcdp202 seed=30: M=3 D=1365.65 gap=0.0 TIE t_best=2.7s wall=60s
[wc60_30s] rcdp203 seed=1: M=3 D=1049.62 gap=-0.0 TIE t_best=8.1s wall=60s
[wc60_30s] rcdp203 seed=2: M=3 D=1050.45 gap=0.0117 worse t_best=36.9s wall=60s
[wc60_30s] rcdp203 seed=3: M=3 D=1050.45 gap=0.0117 worse t_best=51.1s wall=60s
[wc60_30s] rcdp203 seed=4: M=3 D=1050.45 gap=0.0117 worse t_best=22.6s wall=60s
[wc60_30s] rcdp203 seed=5: M=3 D=1049.62 gap=-0.0 TIE t_best=20.7s wall=60s
[wc60_30s] rcdp203 seed=6: M=3 D=1049.62 gap=-0.0 TIE t_best=14.3s wall=60s
[wc60_30s] rcdp203 seed=7: M=3 D=1050.45 gap=0.0117 worse t_best=10.3s wall=60s
[wc60_30s] rcdp203 seed=8: M=3 D=1049.62 gap=-0.0 TIE t_best=16.4s wall=60s
[wc60_30s] rcdp203 seed=9: M=3 D=1049.62 gap=-0.0 TIE t_best=49.2s wall=60s
[wc60_30s] rcdp203 seed=10: M=3 D=1050.45 gap=0.0117 worse t_best=26.7s wall=60s
[wc60_30s] rcdp203 seed=11: M=3 D=1050.45 gap=0.0117 worse t_best=8.2s wall=60s
[wc60_30s] rcdp203 seed=12: M=3 D=1049.62 gap=-0.0 TIE t_best=28.7s wall=60s
[wc60_30s] rcdp203 seed=13: M=3 D=1049.62 gap=-0.0 TIE t_best=16.5s wall=60s
[wc60_30s] rcdp203 seed=14: M=3 D=1049.62 gap=-0.0 TIE t_best=57.7s wall=60s
[wc60_30s] rcdp203 seed=15: M=3 D=1049.62 gap=-0.0 TIE t_best=20.7s wall=60s
[wc60_30s] rcdp203 seed=16: M=3 D=1049.62 gap=-0.0 TIE t_best=10.2s wall=60s
[wc60_30s] rcdp203 seed=17: M=3 D=1050.45 gap=0.0117 worse t_best=6.1s wall=60s
[wc60_30s] rcdp203 seed=18: M=3 D=1049.62 gap=-0.0 TIE t_best=14.4s wall=60s
[wc60_30s] rcdp203 seed=19: M=3 D=1049.62 gap=-0.0 TIE t_best=33.0s wall=60s
[wc60_30s] rcdp203 seed=20: M=3 D=1049.62 gap=-0.0 TIE t_best=22.6s wall=60s
[wc60_30s] rcdp203 seed=21: M=3 D=1049.62 gap=-0.0 TIE t_best=24.7s wall=60s
[wc60_30s] rcdp203 seed=22: M=3 D=1049.62 gap=-0.0 TIE t_best=26.6s wall=60s
[wc60_30s] rcdp203 seed=23: M=3 D=1049.62 gap=-0.0 TIE t_best=39.4s wall=60s
[wc60_30s] rcdp203 seed=24: M=3 D=1050.64 gap=0.0143 worse t_best=8.3s wall=60s
[wc60_30s] rcdp203 seed=25: M=3 D=1050.64 gap=0.0143 worse t_best=6.1s wall=60s
[wc60_30s] rcdp203 seed=26: M=3 D=1049.62 gap=-0.0 TIE t_best=10.4s wall=60s
[wc60_30s] rcdp203 seed=27: M=3 D=1049.62 gap=-0.0 TIE t_best=37.0s wall=60s
[wc60_30s] rcdp203 seed=28: M=3 D=1049.62 gap=-0.0 TIE t_best=10.4s wall=60s
[wc60_30s] rcdp203 seed=29: M=3 D=1049.62 gap=-0.0 TIE t_best=28.7s wall=60s
[wc60_30s] rcdp203 seed=30: M=3 D=1049.62 gap=-0.0 TIE t_best=20.6s wall=60s
[wc60_30s] rcdp204 seed=1: M=3 D=798.46 gap=-0.0 TIE t_best=16.4s wall=60s
[wc60_30s] rcdp204 seed=2: M=3 D=798.46 gap=-0.0 TIE t_best=54.0s wall=60s
[wc60_30s] rcdp204 seed=3: M=3 D=798.46 gap=-0.0 TIE t_best=4.7s wall=60s
[wc60_30s] rcdp204 seed=4: M=3 D=798.46 gap=-0.0 TIE t_best=16.5s wall=60s
[wc60_30s] rcdp204 seed=5: M=3 D=798.46 gap=-0.0 TIE t_best=9.5s wall=60s
[wc60_30s] rcdp204 seed=6: M=3 D=798.46 gap=-0.0 TIE t_best=14.1s wall=60s
[wc60_30s] rcdp204 seed=7: M=3 D=798.46 gap=-0.0 TIE t_best=18.9s wall=60s
[wc60_30s] rcdp204 seed=8: M=3 D=798.46 gap=-0.0 TIE t_best=11.8s wall=60s
[wc60_30s] rcdp204 seed=9: M=3 D=798.46 gap=-0.0 TIE t_best=14.1s wall=60s
[wc60_30s] rcdp204 seed=10: M=3 D=798.46 gap=-0.0 TIE t_best=11.8s wall=60s
[wc60_30s] rcdp204 seed=11: M=3 D=798.46 gap=-0.0 TIE t_best=14.1s wall=60s
[wc60_30s] rcdp204 seed=12: M=3 D=798.46 gap=-0.0 TIE t_best=9.4s wall=60s
[wc60_30s] rcdp204 seed=13: M=3 D=798.46 gap=-0.0 TIE t_best=14.1s wall=60s
[wc60_30s] rcdp204 seed=14: M=3 D=798.46 gap=-0.0 TIE t_best=18.8s wall=60s
[wc60_30s] rcdp204 seed=15: M=3 D=798.46 gap=-0.0 TIE t_best=11.9s wall=60s
[wc60_30s] rcdp204 seed=16: M=3 D=798.46 gap=-0.0 TIE t_best=9.4s wall=60s
[wc60_30s] rcdp204 seed=17: M=3 D=798.46 gap=-0.0 TIE t_best=11.8s wall=60s
[wc60_30s] rcdp204 seed=18: M=3 D=798.46 gap=-0.0 TIE t_best=14.2s wall=60s
[wc60_30s] rcdp204 seed=19: M=3 D=798.46 gap=-0.0 TIE t_best=16.5s wall=60s
[wc60_30s] rcdp204 seed=20: M=3 D=798.46 gap=-0.0 TIE t_best=14.1s wall=60s
[wc60_30s] rcdp204 seed=21: M=3 D=798.46 gap=-0.0 TIE t_best=16.6s wall=60s
[wc60_30s] rcdp204 seed=22: M=3 D=798.46 gap=-0.0 TIE t_best=11.8s wall=60s
[wc60_30s] rcdp204 seed=23: M=3 D=798.46 gap=-0.0 TIE t_best=9.5s wall=60s
[wc60_30s] rcdp204 seed=24: M=3 D=798.46 gap=-0.0 TIE t_best=16.6s wall=60s
[wc60_30s] rcdp204 seed=25: M=3 D=798.46 gap=-0.0 TIE t_best=4.7s wall=60s
[wc60_30s] rcdp204 seed=26: M=3 D=798.46 gap=-0.0 TIE t_best=9.5s wall=60s
[wc60_30s] rcdp204 seed=27: M=3 D=798.46 gap=-0.0 TIE t_best=11.8s wall=60s
[wc60_30s] rcdp204 seed=28: M=3 D=798.46 gap=-0.0 TIE t_best=11.9s wall=60s
[wc60_30s] rcdp204 seed=29: M=3 D=798.46 gap=-0.0 TIE t_best=14.2s wall=60s
[wc60_30s] rcdp204 seed=30: M=3 D=798.46 gap=-0.0 TIE t_best=14.3s wall=60s
[wc60_30s] rcdp205 seed=1: M=4 D=1297.65 gap=0.0 TIE t_best=3.0s wall=60s
[wc60_30s] rcdp205 seed=2: M=4 D=1297.65 gap=0.0 TIE t_best=3.0s wall=60s
[wc60_30s] rcdp205 seed=3: M=4 D=1297.65 gap=0.0 TIE t_best=4.0s wall=60s
[wc60_30s] rcdp205 seed=4: M=4 D=1297.65 gap=0.0 TIE t_best=3.0s wall=60s
[wc60_30s] rcdp205 seed=5: M=4 D=1297.65 gap=0.0 TIE t_best=4.1s wall=60s
[wc60_30s] rcdp205 seed=6: M=4 D=1297.65 gap=0.0 TIE t_best=1.9s wall=60s
[wc60_30s] rcdp205 seed=7: M=4 D=1297.65 gap=0.0 TIE t_best=3.0s wall=60s
[wc60_30s] rcdp205 seed=8: M=4 D=1297.65 gap=0.0 TIE t_best=4.0s wall=60s
[wc60_30s] rcdp205 seed=9: M=4 D=1297.65 gap=0.0 TIE t_best=3.0s wall=60s
[wc60_30s] rcdp205 seed=10: M=4 D=1297.65 gap=0.0 TIE t_best=3.0s wall=60s
[wc60_30s] rcdp205 seed=11: M=4 D=1297.65 gap=0.0 TIE t_best=3.0s wall=60s
[wc60_30s] rcdp205 seed=12: M=4 D=1297.65 gap=0.0 TIE t_best=4.1s wall=60s
[wc60_30s] rcdp205 seed=13: M=4 D=1297.65 gap=0.0 TIE t_best=4.1s wall=60s
[wc60_30s] rcdp205 seed=14: M=4 D=1297.65 gap=0.0 TIE t_best=4.0s wall=60s
[wc60_30s] rcdp205 seed=15: M=4 D=1297.65 gap=0.0 TIE t_best=4.1s wall=60s
[wc60_30s] rcdp205 seed=16: M=4 D=1297.65 gap=0.0 TIE t_best=4.0s wall=60s
[wc60_30s] rcdp205 seed=17: M=4 D=1297.65 gap=0.0 TIE t_best=3.0s wall=60s
[wc60_30s] rcdp205 seed=18: M=4 D=1297.65 gap=0.0 TIE t_best=3.0s wall=60s
[wc60_30s] rcdp205 seed=19: M=4 D=1297.65 gap=0.0 TIE t_best=4.0s wall=60s
[wc60_30s] rcdp205 seed=20: M=4 D=1297.65 gap=0.0 TIE t_best=3.0s wall=60s
[wc60_30s] rcdp205 seed=21: M=4 D=1297.65 gap=0.0 TIE t_best=4.0s wall=60s
[wc60_30s] rcdp205 seed=22: M=4 D=1297.65 gap=0.0 TIE t_best=3.0s wall=60s
[wc60_30s] rcdp205 seed=23: M=4 D=1297.65 gap=0.0 TIE t_best=3.1s wall=60s
[wc60_30s] rcdp205 seed=24: M=4 D=1297.65 gap=0.0 TIE t_best=3.0s wall=60s
[wc60_30s] rcdp205 seed=25: M=4 D=1297.65 gap=0.0 TIE t_best=4.0s wall=60s
[wc60_30s] rcdp205 seed=26: M=4 D=1297.65 gap=0.0 TIE t_best=2.0s wall=60s
[wc60_30s] rcdp205 seed=27: M=4 D=1297.65 gap=0.0 TIE t_best=3.0s wall=60s
[wc60_30s] rcdp205 seed=28: M=4 D=1297.65 gap=0.0 TIE t_best=3.0s wall=60s
[wc60_30s] rcdp205 seed=29: M=4 D=1297.65 gap=0.0 TIE t_best=3.0s wall=60s
[wc60_30s] rcdp205 seed=30: M=4 D=1297.65 gap=0.0 TIE t_best=3.0s wall=60s
[wc60_30s] rcdp206 seed=1: M=3 D=1146.32 gap=0.0 TIE t_best=8.4s wall=60s
[wc60_30s] rcdp206 seed=2: M=3 D=1146.32 gap=0.0 TIE t_best=4.7s wall=60s
[wc60_30s] rcdp206 seed=3: M=3 D=1146.32 gap=0.0 TIE t_best=7.1s wall=60s
[wc60_30s] rcdp206 seed=4: M=3 D=1146.32 gap=0.0 TIE t_best=15.5s wall=60s
[wc60_30s] rcdp206 seed=5: M=3 D=1146.32 gap=0.0 TIE t_best=8.3s wall=60s
[wc60_30s] rcdp206 seed=6: M=3 D=1146.32 gap=0.0 TIE t_best=9.6s wall=60s
[wc60_30s] rcdp206 seed=7: M=3 D=1146.32 gap=0.0 TIE t_best=10.7s wall=60s
[wc60_30s] rcdp206 seed=8: M=3 D=1146.32 gap=0.0 TIE t_best=7.0s wall=60s
[wc60_30s] rcdp206 seed=9: M=3 D=1146.32 gap=0.0 TIE t_best=10.7s wall=60s
[wc60_30s] rcdp206 seed=10: M=3 D=1146.32 gap=0.0 TIE t_best=9.5s wall=60s
[wc60_30s] rcdp206 seed=11: M=3 D=1146.32 gap=0.0 TIE t_best=11.8s wall=60s
[wc60_30s] rcdp206 seed=12: M=3 D=1146.32 gap=0.0 TIE t_best=8.2s wall=60s
[wc60_30s] rcdp206 seed=13: M=3 D=1146.32 gap=0.0 TIE t_best=13.1s wall=60s
[wc60_30s] rcdp206 seed=14: M=3 D=1146.32 gap=0.0 TIE t_best=8.2s wall=60s
[wc60_30s] rcdp206 seed=15: M=3 D=1146.32 gap=0.0 TIE t_best=7.2s wall=60s
[wc60_30s] rcdp206 seed=16: M=3 D=1146.32 gap=0.0 TIE t_best=5.9s wall=60s
[wc60_30s] rcdp206 seed=17: M=3 D=1146.32 gap=0.0 TIE t_best=12.0s wall=60s
[wc60_30s] rcdp206 seed=18: M=3 D=1146.32 gap=0.0 TIE t_best=13.1s wall=60s
[wc60_30s] rcdp206 seed=19: M=3 D=1146.32 gap=0.0 TIE t_best=9.6s wall=60s
[wc60_30s] rcdp206 seed=20: M=3 D=1146.32 gap=0.0 TIE t_best=4.6s wall=60s
[wc60_30s] rcdp206 seed=21: M=3 D=1146.32 gap=0.0 TIE t_best=15.6s wall=60s
[wc60_30s] rcdp206 seed=22: M=3 D=1146.32 gap=0.0 TIE t_best=9.4s wall=60s
[wc60_30s] rcdp206 seed=23: M=3 D=1146.32 gap=0.0 TIE t_best=7.0s wall=60s
[wc60_30s] rcdp206 seed=24: M=3 D=1146.32 gap=0.0 TIE t_best=11.9s wall=60s
[wc60_30s] rcdp206 seed=25: M=3 D=1146.32 gap=0.0 TIE t_best=10.8s wall=60s
[wc60_30s] rcdp206 seed=26: M=3 D=1146.32 gap=0.0 TIE t_best=13.4s wall=60s
[wc60_30s] rcdp206 seed=27: M=3 D=1146.32 gap=0.0 TIE t_best=9.5s wall=60s
[wc60_30s] rcdp206 seed=28: M=3 D=1146.32 gap=0.0 TIE t_best=5.8s wall=60s
[wc60_30s] rcdp206 seed=29: M=3 D=1146.32 gap=0.0 TIE t_best=9.4s wall=60s
[wc60_30s] rcdp206 seed=30: M=3 D=1146.32 gap=0.0 TIE t_best=7.0s wall=60s
[wc60_30s] rcdp207 seed=1: M=3 D=1061.14 gap=0.0 TIE t_best=7.6s wall=60s
[wc60_30s] rcdp207 seed=2: M=3 D=1061.14 gap=0.0 TIE t_best=11.5s wall=60s
[wc60_30s] rcdp207 seed=3: M=3 D=1061.84 gap=0.0099 worse t_best=11.5s wall=60s
[wc60_30s] rcdp207 seed=4: M=3 D=1061.84 gap=0.0099 worse t_best=7.7s wall=60s
[wc60_30s] rcdp207 seed=5: M=3 D=1061.14 gap=0.0 TIE t_best=9.5s wall=60s
[wc60_30s] rcdp207 seed=6: M=3 D=1061.14 gap=0.0 TIE t_best=11.4s wall=60s
[wc60_30s] rcdp207 seed=7: M=3 D=1061.14 gap=0.0 TIE t_best=9.6s wall=60s
[wc60_30s] rcdp207 seed=8: M=3 D=1061.14 gap=0.0 TIE t_best=9.5s wall=60s
[wc60_30s] rcdp207 seed=9: M=3 D=1061.14 gap=0.0 TIE t_best=15.2s wall=60s
[wc60_30s] rcdp207 seed=10: M=3 D=1061.14 gap=0.0 TIE t_best=13.4s wall=60s
[wc60_30s] rcdp207 seed=11: M=3 D=1061.14 gap=0.0 TIE t_best=11.5s wall=60s
[wc60_30s] rcdp207 seed=12: M=3 D=1061.14 gap=0.0 TIE t_best=5.7s wall=60s
[wc60_30s] rcdp207 seed=13: M=3 D=1061.14 gap=0.0 TIE t_best=9.5s wall=60s
[wc60_30s] rcdp207 seed=14: M=3 D=1061.14 gap=0.0 TIE t_best=7.7s wall=60s
[wc60_30s] rcdp207 seed=15: M=3 D=1061.14 gap=0.0 TIE t_best=27.0s wall=60s
[wc60_30s] rcdp207 seed=16: M=3 D=1061.14 gap=0.0 TIE t_best=7.6s wall=60s
[wc60_30s] rcdp207 seed=17: M=3 D=1061.84 gap=0.0099 worse t_best=9.6s wall=60s
[wc60_30s] rcdp207 seed=18: M=3 D=1061.14 gap=0.0 TIE t_best=9.5s wall=60s
[wc60_30s] rcdp207 seed=19: M=3 D=1061.14 gap=0.0 TIE t_best=15.2s wall=60s
[wc60_30s] rcdp207 seed=20: M=3 D=1061.14 gap=0.0 TIE t_best=9.6s wall=60s
[wc60_30s] rcdp207 seed=21: M=3 D=1061.14 gap=0.0 TIE t_best=13.4s wall=60s
[wc60_30s] rcdp207 seed=22: M=3 D=1061.14 gap=0.0 TIE t_best=18.9s wall=60s
[wc60_30s] rcdp207 seed=23: M=3 D=1061.14 gap=0.0 TIE t_best=9.6s wall=60s
[wc60_30s] rcdp207 seed=24: M=3 D=1061.14 gap=0.0 TIE t_best=9.6s wall=60s
[wc60_30s] rcdp207 seed=25: M=3 D=1061.14 gap=0.0 TIE t_best=11.5s wall=60s
[wc60_30s] rcdp207 seed=26: M=3 D=1061.14 gap=0.0 TIE t_best=19.1s wall=60s
[wc60_30s] rcdp207 seed=27: M=3 D=1061.14 gap=0.0 TIE t_best=15.2s wall=60s
[wc60_30s] rcdp207 seed=28: M=3 D=1061.14 gap=0.0 TIE t_best=9.5s wall=60s
[wc60_30s] rcdp207 seed=29: M=3 D=1061.14 gap=0.0 TIE t_best=7.6s wall=60s
[wc60_30s] rcdp207 seed=30: M=3 D=1061.14 gap=0.0 TIE t_best=9.6s wall=60s
[wc60_30s] rcdp208 seed=1: M=3 D=828.14 gap=0.0 TIE t_best=46.2s wall=60s
[wc60_30s] rcdp208 seed=2: M=3 D=828.71 gap=0.0083 worse t_best=20.5s wall=60s
[wc60_30s] rcdp208 seed=3: M=3 D=828.14 gap=0.0 TIE t_best=23.0s wall=60s
[wc60_30s] rcdp208 seed=4: M=3 D=828.71 gap=0.0083 worse t_best=5.2s wall=60s
[wc60_30s] rcdp208 seed=5: M=3 D=828.14 gap=0.0 TIE t_best=10.3s wall=60s
[wc60_30s] rcdp208 seed=6: M=3 D=828.71 gap=0.0083 worse t_best=25.6s wall=60s
[wc60_30s] rcdp208 seed=7: M=3 D=828.71 gap=0.0083 worse t_best=5.2s wall=60s
[wc60_30s] rcdp208 seed=8: M=3 D=828.14 gap=0.0 TIE t_best=46.2s wall=60s
[wc60_30s] rcdp208 seed=9: M=3 D=828.14 gap=0.0 TIE t_best=51.3s wall=60s
[wc60_30s] rcdp208 seed=10: M=3 D=828.71 gap=0.0083 worse t_best=41.1s wall=60s
[wc60_30s] rcdp208 seed=11: M=3 D=828.71 gap=0.0083 worse t_best=20.7s wall=60s
[wc60_30s] rcdp208 seed=12: M=3 D=828.14 gap=0.0 TIE t_best=20.5s wall=60s
[wc60_30s] rcdp208 seed=13: M=3 D=828.14 gap=0.0 TIE t_best=10.3s wall=60s
[wc60_30s] rcdp208 seed=14: M=3 D=828.71 gap=0.0083 worse t_best=28.2s wall=60s
[wc60_30s] rcdp208 seed=15: M=3 D=828.14 gap=0.0 TIE t_best=23.4s wall=60s
[wc60_30s] rcdp208 seed=16: M=3 D=828.14 gap=0.0 TIE t_best=23.1s wall=60s
[wc60_30s] rcdp208 seed=17: M=3 D=828.14 gap=0.0 TIE t_best=15.4s wall=60s
[wc60_30s] rcdp208 seed=18: M=3 D=828.71 gap=0.0083 worse t_best=18.0s wall=60s
[wc60_30s] rcdp208 seed=19: M=3 D=828.14 gap=0.0 TIE t_best=60.2s wall=60s
[wc60_30s] rcdp208 seed=20: M=3 D=828.14 gap=0.0 TIE t_best=35.9s wall=60s
[wc60_30s] rcdp208 seed=21: M=3 D=828.71 gap=0.0083 worse t_best=7.7s wall=60s
[wc60_30s] rcdp208 seed=22: M=3 D=828.14 gap=0.0 TIE t_best=38.5s wall=60s
[wc60_30s] rcdp208 seed=23: M=3 D=828.14 gap=0.0 TIE t_best=18.1s wall=60s
[wc60_30s] rcdp208 seed=24: M=3 D=828.14 gap=0.0 TIE t_best=25.8s wall=60s
[wc60_30s] rcdp208 seed=25: M=3 D=828.71 gap=0.0083 worse t_best=10.2s wall=60s
[wc60_30s] rcdp208 seed=26: M=3 D=828.14 gap=0.0 TIE t_best=25.6s wall=60s
[wc60_30s] rcdp208 seed=27: M=3 D=828.71 gap=0.0083 worse t_best=41.1s wall=60s
[wc60_30s] rcdp208 seed=28: M=3 D=828.14 gap=0.0 TIE t_best=51.4s wall=60s
[wc60_30s] rcdp208 seed=29: M=3 D=828.71 gap=0.0083 worse t_best=20.6s wall=60s
[wc60_30s] rcdp208 seed=30: M=3 D=828.14 gap=0.0 TIE t_best=51.6s wall=60s
